Workbook
Name L_PESSOAS: tb_pcm_pessoas[nome_pessoa]

Sheet Leia-me
D1: LEIA-ME · GUIA RÁPIDO | F1: Modelos, guias e novidades
D2: PCM-MAN-011 · Indicadores mensais | F2: pcmdireto.me
D3: Leia em 1 minuto, preencha os campos brancos e comece a usar. | F3: Dúvidas e sugestões pelo site
B5: COMO USAR ESTE MODELO
B6: 1 Identifique | D6: 2 Cadastre | E6: 3 Preencha | F6: 4 Imprima e revise
B7: Preencha Elaborado e Aprovado logo abaixo. Vai para o cabeçalho de todas as abas. | D7: Na aba Cadastros, lance TAGs, pessoas e setores uma vez. Eles viram as listas ▼. | E7: Use as abas na ordem do passo a passo. Comece por Topo. | F7: Cada aba sai em uma folha A4. Mudou o modelo? Registre na aba Revisões.
B9: 1 IDENTIFICAÇÃO DO DOCUMENTO · vai para o cabeçalho de todas as abas
B10: Título do documento | D10: Indicadores mensais | F10: Já vem pronto. Ajuste se quiser.
B11: Objetivo | D11: Acompanhar mês a mês MTBF, MTTR, disponibilidade, cumprimento da preventiva e % de corretiva
B12: Código do documento | D12: PCM-MAN-011
B13: Elaborado por | F13: ✎ preencha
B14: Aprovado por | F14: ✎ preencha
B15: Revisão atual | D15: =IF(COUNTA(tb_pcm_revisoes_modelo[revisao])=0,"-",INDEX(tb_pcm_revisoes_modelo[revisao],COUNTA(tb_pcm_revisoes_modelo[revisao]))) | F15: automático: aba Revisões
B16: Data da revisão | D16: =IF(COUNTA(tb_pcm_revisoes_modelo[revisao])=0,"",IF(INDEX(tb_pcm_revisoes_modelo[data_revisao],COUNTA(tb_pcm_revisoes_modelo[revisao]))="","",RIGHT("0"&DAY(INDEX(tb_pcm_revisoes_modelo[data_revisao],COUNTA(tb_pcm_revisoes_modelo[revisao]))),2)&"/"&CHOOSE(MONTH(INDEX(tb_pcm_revisoes_modelo[data_revisao],COUNTA(tb_pcm_revisoes_modelo[revisao]))),"Jan","Fev","Mar","Abr","Mai","Jun","Jul","Ago","Set","Out","Nov","Dez")&"/"&YEAR(INDEX(tb_pcm_revisoes_modelo[data_revisao],COUNTA(tb_pcm_revisoes_modelo[revisao]))))) | F16: automático: aba Revisões
B18: 2 PASSO A PASSO · clique no nome da aba para abrir
B19: 1 | C19: Cadastros | D19: Cadastre uma vez as pessoas. Eles aparecem nas setas ▼ das outras abas.
B20: 2 | C20: Topo | D20: Informe o ativo, o primeiro mês e as metas de disponibilidade, de cumprimento da PM e de corretiva.
B21: 3 | C21: Dados do mês | D21: A cada mês: horas programadas (do calendário de turnos) e horas de operação = programadas − horas paradas por falha. Falhas e horas de reparo vêm do Registro de falhas (008). Sem falha no mês, digite 0; sem horas programadas, deixe em branco. Falha ainda aberta: conte até o fim do mês e corrija depois. Falha que passa para o mês seguinte: reparo todo no mês em que começou; as horas paradas, divididas por mês.
B22: 4 | C22: Resultado | D22: MTBF = operação ÷ falhas; MTTR = reparo ÷ falhas; disponibilidade = operação ÷ programadas. Sem o divisor (0 falhas ou sem horas) o resultado fica em branco = sem dado, nunca zero. Verde na meta, vermelho fora; os gráficos mostram a evolução.
B24: 3 REGRAS RÁPIDAS
B25: ▼ Lista | D25: Clique na célula e escolha na seta. Valor fora da lista é recusado.
B26: Célula branca | D26: Campo para digitar.
B27: Célula cinza | D27: Cálculo automático. Não digite: a fórmula preenche sozinha.
B28: Datas e números | D28: Datas em dd/mm/aaaa; decimais com vírgula. Vazio = sem informação; zero é valor real.
B29: Impressão | D29: Cada aba já está ajustada para uma folha A4. Use Arquivo > Imprimir sem mudar a escala.
D31: SOBRE O PCM DIRETO | F31: pcmdireto.me
D32: Modelos de manutenção prontos para usar, do planejamento ao controle: criticidade, plano, ordem de serviço, indicadores e auditorias. Todos no mesmo padrão, para a equipe aprender uma vez e usar em todos.

Sheet Indicadores
D1: ='Leia-me'!$D$10 | L1: ="Rev. "&'Leia-me'!$D$15&" · "&'Leia-me'!$D$16
D2: ="Objetivo: "&'Leia-me'!$D$11 | L2: ="Elaborado: "&'Leia-me'!$D$13&" · Aprovado: "&'Leia-me'!$D$14
A3: Ativo, linha ou planta | D3: Primeiro mês | F3: Meta de disponibilidade | H3: Meta de cumprimento da PM | K3: Meta de corretiva (até) | M3: Responsável ▼
A6: Dados do mês digite só estes números | K6: Resultado calculado sozinho
A7: Mês | B7: Horas programadas | C7: Horas de operação | D7: Nº de falhas | E7: Horas de reparo | F7: PM planejadas | G7: PM feitas | H7: Horas em corretiva | I7: Horas em preventiva | K7: MTBF (h) | L7: MTTR (h) | M7: Disponibilidade | N7: Cumprimento da PM | O7: % corretiva
A8: =IF(ISNUMBER($D$4),DATE(YEAR($D$4),MONTH($D$4)+0,1),"") | K8: =IF(AND(ISNUMBER(C8),N(D8)>0),C8/D8,"") | L8: =IF(AND(ISNUMBER(E8),N(D8)>0),E8/D8,"") | M8: =IF(AND(ISNUMBER(C8),N(B8)>0),C8/B8,"") | N8: =IF(N(F8)>0,N(G8)/F8,"") | O8: =IF(N(H8)+N(I8)>0,N(H8)/(N(H8)+N(I8)),"") | Q8: =IF(ISNUMBER(K8),K8,NA()) | R8: =IF(ISNUMBER(L8),L8,NA()) | S8: =IF(ISNUMBER(M8),M8,NA()) | T8: =IF(ISNUMBER(N8),N8,NA()) | U8: =IF(ISNUMBER(O8),O8,NA())
A9: =IF(ISNUMBER($D$4),DATE(YEAR($D$4),MONTH($D$4)+1,1),"") | K9: =IF(AND(ISNUMBER(C9),N(D9)>0),C9/D9,"") | L9: =IF(AND(ISNUMBER(E9),N(D9)>0),E9/D9,"") | M9: =IF(AND(ISNUMBER(C9),N(B9)>0),C9/B9,"") | N9: =IF(N(F9)>0,N(G9)/F9,"") | O9: =IF(N(H9)+N(I9)>0,N(H9)/(N(H9)+N(I9)),"") | Q9: =IF(ISNUMBER(K9),K9,NA()) | R9: =IF(ISNUMBER(L9),L9,NA()) | S9: =IF(ISNUMBER(M9),M9,NA()) | T9: =IF(ISNUMBER(N9),N9,NA()) | U9: =IF(ISNUMBER(O9),O9,NA())
A10: =IF(ISNUMBER($D$4),DATE(YEAR($D$4),MONTH($D$4)+2,1),"") | K10: =IF(AND(ISNUMBER(C10),N(D10)>0),C10/D10,"") | L10: =IF(AND(ISNUMBER(E10),N(D10)>0),E10/D10,"") | M10: =IF(AND(ISNUMBER(C10),N(B10)>0),C10/B10,"") | N10: =IF(N(F10)>0,N(G10)/F10,"") | O10: =IF(N(H10)+N(I10)>0,N(H10)/(N(H10)+N(I10)),"") | Q10: =IF(ISNUMBER(K10),K10,NA()) | R10: =IF(ISNUMBER(L10),L10,NA()) | S10: =IF(ISNUMBER(M10),M10,NA()) | T10: =IF(ISNUMBER(N10),N10,NA()) | U10: =IF(ISNUMBER(O10),O10,NA())
A11: =IF(ISNUMBER($D$4),DATE(YEAR($D$4),MONTH($D$4)+3,1),"") | K11: =IF(AND(ISNUMBER(C11),N(D11)>0),C11/D11,"") | L11: =IF(AND(ISNUMBER(E11),N(D11)>0),E11/D11,"") | M11: =IF(AND(ISNUMBER(C11),N(B11)>0),C11/B11,"") | N11: =IF(N(F11)>0,N(G11)/F11,"") | O11: =IF(N(H11)+N(I11)>0,N(H11)/(N(H11)+N(I11)),"") | Q11: =IF(ISNUMBER(K11),K11,NA()) | R11: =IF(ISNUMBER(L11),L11,NA()) | S11: =IF(ISNUMBER(M11),M11,NA()) | T11: =IF(ISNUMBER(N11),N11,NA()) | U11: =IF(ISNUMBER(O11),O11,NA())
A12: =IF(ISNUMBER($D$4),DATE(YEAR($D$4),MONTH($D$4)+4,1),"") | K12: =IF(AND(ISNUMBER(C12),N(D12)>0),C12/D12,"") | L12: =IF(AND(ISNUMBER(E12),N(D12)>0),E12/D12,"") | M12: =IF(AND(ISNUMBER(C12),N(B12)>0),C12/B12,"") | N12: =IF(N(F12)>0,N(G12)/F12,"") | O12: =IF(N(H12)+N(I12)>0,N(H12)/(N(H12)+N(I12)),"") | Q12: =IF(ISNUMBER(K12),K12,NA()) | R12: =IF(ISNUMBER(L12),L12,NA()) | S12: =IF(ISNUMBER(M12),M12,NA()) | T12: =IF(ISNUMBER(N12),N12,NA()) | U12: =IF(ISNUMBER(O12),O12,NA())
A13: =IF(ISNUMBER($D$4),DATE(YEAR($D$4),MONTH($D$4)+5,1),"") | K13: =IF(AND(ISNUMBER(C13),N(D13)>0),C13/D13,"") | L13: =IF(AND(ISNUMBER(E13),N(D13)>0),E13/D13,"") | M13: =IF(AND(ISNUMBER(C13),N(B13)>0),C13/B13,"") | N13: =IF(N(F13)>0,N(G13)/F13,"") | O13: =IF(N(H13)+N(I13)>0,N(H13)/(N(H13)+N(I13)),"") | Q13: =IF(ISNUMBER(K13),K13,NA()) | R13: =IF(ISNUMBER(L13),L13,NA()) | S13: =IF(ISNUMBER(M13),M13,NA()) | T13: =IF(ISNUMBER(N13),N13,NA()) | U13: =IF(ISNUMBER(O13),O13,NA())
A14: =IF(ISNUMBER($D$4),DATE(YEAR($D$4),MONTH($D$4)+6,1),"") | K14: =IF(AND(ISNUMBER(C14),N(D14)>0),C14/D14,"") | L14: =IF(AND(ISNUMBER(E14),N(D14)>0),E14/D14,"") | M14: =IF(AND(ISNUMBER(C14),N(B14)>0),C14/B14,"") | N14: =IF(N(F14)>0,N(G14)/F14,"") | O14: =IF(N(H14)+N(I14)>0,N(H14)/(N(H14)+N(I14)),"") | Q14: =IF(ISNUMBER(K14),K14,NA()) | R14: =IF(ISNUMBER(L14),L14,NA()) | S14: =IF(ISNUMBER(M14),M14,NA()) | T14: =IF(ISNUMBER(N14),N14,NA()) | U14: =IF(ISNUMBER(O14),O14,NA())
A15: =IF(ISNUMBER($D$4),DATE(YEAR($D$4),MONTH($D$4)+7,1),"") | K15: =IF(AND(ISNUMBER(C15),N(D15)>0),C15/D15,"") | L15: =IF(AND(ISNUMBER(E15),N(D15)>0),E15/D15,"") | M15: =IF(AND(ISNUMBER(C15),N(B15)>0),C15/B15,"") | N15: =IF(N(F15)>0,N(G15)/F15,"") | O15: =IF(N(H15)+N(I15)>0,N(H15)/(N(H15)+N(I15)),"") | Q15: =IF(ISNUMBER(K15),K15,NA()) | R15: =IF(ISNUMBER(L15),L15,NA()) | S15: =IF(ISNUMBER(M15),M15,NA()) | T15: =IF(ISNUMBER(N15),N15,NA()) | U15: =IF(ISNUMBER(O15),O15,NA())
A16: =IF(ISNUMBER($D$4),DATE(YEAR($D$4),MONTH($D$4)+8,1),"") | K16: =IF(AND(ISNUMBER(C16),N(D16)>0),C16/D16,"") | L16: =IF(AND(ISNUMBER(E16),N(D16)>0),E16/D16,"") | M16: =IF(AND(ISNUMBER(C16),N(B16)>0),C16/B16,"") | N16: =IF(N(F16)>0,N(G16)/F16,"") | O16: =IF(N(H16)+N(I16)>0,N(H16)/(N(H16)+N(I16)),"") | Q16: =IF(ISNUMBER(K16),K16,NA()) | R16: =IF(ISNUMBER(L16),L16,NA()) | S16: =IF(ISNUMBER(M16),M16,NA()) | T16: =IF(ISNUMBER(N16),N16,NA()) | U16: =IF(ISNUMBER(O16),O16,NA())
A17: =IF(ISNUMBER($D$4),DATE(YEAR($D$4),MONTH($D$4)+9,1),"") | K17: =IF(AND(ISNUMBER(C17),N(D17)>0),C17/D17,"") | L17: =IF(AND(ISNUMBER(E17),N(D17)>0),E17/D17,"") | M17: =IF(AND(ISNUMBER(C17),N(B17)>0),C17/B17,"") | N17: =IF(N(F17)>0,N(G17)/F17,"") | O17: =IF(N(H17)+N(I17)>0,N(H17)/(N(H17)+N(I17)),"") | Q17: =IF(ISNUMBER(K17),K17,NA()) | R17: =IF(ISNUMBER(L17),L17,NA()) | S17: =IF(ISNUMBER(M17),M17,NA()) | T17: =IF(ISNUMBER(N17),N17,NA()) | U17: =IF(ISNUMBER(O17),O17,NA())
A18: =IF(ISNUMBER($D$4),DATE(YEAR($D$4),MONTH($D$4)+10,1),"") | K18: =IF(AND(ISNUMBER(C18),N(D18)>0),C18/D18,"") | L18: =IF(AND(ISNUMBER(E18),N(D18)>0),E18/D18,"") | M18: =IF(AND(ISNUMBER(C18),N(B18)>0),C18/B18,"") | N18: =IF(N(F18)>0,N(G18)/F18,"") | O18: =IF(N(H18)+N(I18)>0,N(H18)/(N(H18)+N(I18)),"") | Q18: =IF(ISNUMBER(K18),K18,NA()) | R18: =IF(ISNUMBER(L18),L18,NA()) | S18: =IF(ISNUMBER(M18),M18,NA()) | T18: =IF(ISNUMBER(N18),N18,NA()) | U18: =IF(ISNUMBER(O18),O18,NA())
A19: =IF(ISNUMBER($D$4),DATE(YEAR($D$4),MONTH($D$4)+11,1),"") | K19: =IF(AND(ISNUMBER(C19),N(D19)>0),C19/D19,"") | L19: =IF(AND(ISNUMBER(E19),N(D19)>0),E19/D19,"") | M19: =IF(AND(ISNUMBER(C19),N(B19)>0),C19/B19,"") | N19: =IF(N(F19)>0,N(G19)/F19,"") | O19: =IF(N(H19)+N(I19)>0,N(H19)/(N(H19)+N(I19)),"") | Q19: =IF(ISNUMBER(K19),K19,NA()) | R19: =IF(ISNUMBER(L19),L19,NA()) | S19: =IF(ISNUMBER(M19),M19,NA()) | T19: =IF(ISNUMBER(N19),N19,NA()) | U19: =IF(ISNUMBER(O19),O19,NA())
A20: Ano | B20: =SUM(B8:B19) | C20: =SUM(C8:C19) | D20: =SUM(D8:D19) | E20: =SUM(E8:E19) | F20: =SUM(F8:F19) | G20: =SUM(G8:G19) | H20: =SUM(H8:H19) | I20: =SUM(I8:I19) | K20: =IF(N(D20)>0,C20/D20,"") | L20: =IF(N(D20)>0,E20/D20,"") | M20: =IF(N(B20)>0,C20/B20,"") | N20: =IF(N(F20)>0,G20/F20,"") | O20: =IF(N(H20)+N(I20)>0,H20/(H20+I20),"")
A22: Evolução no ano MTBF e MTTR à esquerda; disponibilidade, cumprimento da PM e % corretiva à direita
A39: ● dentro da meta ● fora da meta % corretiva = horas em corretiva ÷ (corretiva + preventiva). Referência de mercado: corretiva até 20%.

Sheet Cadastros
B1: Cadastros | C1: ="Rev. "&'Leia-me'!$D$15&" · "&'Leia-me'!$D$16
B2: Objetivo: Cadastre aqui os itens usados nas listas (▼) das outras abas. | C2: ="Elaborado: "&'Leia-me'!$D$13&" · Aprovado: "&'Leia-me'!$D$14
A3: Responsável
A4: nome_pessoa

Sheet Revisões
C1: Revisões | D1: ="Rev. "&'Leia-me'!$D$15&" · "&'Leia-me'!$D$16
C2: Objetivo: Registre cada alteração do modelo; a última linha alimenta Rev. e data do cabeçalho. | D2: ="Elaborado: "&'Leia-me'!$D$13&" · Aprovado: "&'Leia-me'!$D$14
A3: Rev | B3: Data | C3: Descrição da alteração | D3: Elaborado por | E3: Aprovado por
A4: revisao | B4: data_revisao | C4: descricao_alteracao | D4: elaborado_por | E4: aprovado_por
A5: 00 | B5: 46325 | C5: Emissão inicial
