Workbook
Name L_TAGS: tb_pcm_ativos[tag]
Name L_PESSOAS: tb_pcm_pessoas[nome_pessoa]
Name L_SETORES: tb_pcm_setores[nome_setor]
Name L_FAMILIAS: tb_pcm_familias[nome_familia]

Sheet Leia-me
D1: LEIA-ME · GUIA RÁPIDO | F1: Modelos, guias e novidades
D2: PCM-MAN-014 · Manutenção autônoma | F2: pcmdireto.me
D3: Leia em 1 minuto, preencha os campos brancos e comece a usar. | F3: Dúvidas e sugestões pelo site
B5: COMO USAR ESTE MODELO
B6: 1 Identifique | D6: 2 Cadastre | E6: 3 Preencha | F6: 4 Imprima e revise
B7: Preencha Elaborado e Aprovado logo abaixo. Vai para o cabeçalho de todas as abas. | D7: Na aba Cadastros, lance TAGs, pessoas e setores uma vez. Eles viram as listas ▼. | E7: Use as abas na ordem do passo a passo. Comece por Check de manutenção autônoma. | F7: Cada aba sai em uma folha A4. Mudou o modelo? Registre na aba Revisões.
B9: 1 IDENTIFICAÇÃO DO DOCUMENTO · vai para o cabeçalho de todas as abas
B10: Título do documento | D10: Manutenção autônoma | F10: Já vem pronto. Ajuste se quiser.
B11: Objetivo | D11: Check diário do operador, etiquetas de anomalia e quadro dos 7 passos da manutenção autônoma
B12: Código do documento | D12: PCM-MAN-014
B13: Elaborado por | F13: ✎ preencha
B14: Aprovado por | F14: ✎ preencha
B15: Revisão atual | D15: =IF(COUNTA(tb_pcm_revisoes_modelo[revisao])=0,"-",INDEX(tb_pcm_revisoes_modelo[revisao],COUNTA(tb_pcm_revisoes_modelo[revisao]))) | F15: automático: aba Revisões
B16: Data da revisão | D16: =IF(COUNTA(tb_pcm_revisoes_modelo[revisao])=0,"",IF(INDEX(tb_pcm_revisoes_modelo[data_revisao],COUNTA(tb_pcm_revisoes_modelo[revisao]))="","",RIGHT("0"&DAY(INDEX(tb_pcm_revisoes_modelo[data_revisao],COUNTA(tb_pcm_revisoes_modelo[revisao]))),2)&"/"&CHOOSE(MONTH(INDEX(tb_pcm_revisoes_modelo[data_revisao],COUNTA(tb_pcm_revisoes_modelo[revisao]))),"Jan","Fev","Mar","Abr","Mai","Jun","Jul","Ago","Set","Out","Nov","Dez")&"/"&YEAR(INDEX(tb_pcm_revisoes_modelo[data_revisao],COUNTA(tb_pcm_revisoes_modelo[revisao]))))) | F16: automático: aba Revisões
B18: 2 PASSO A PASSO · clique no nome da aba para abrir
B19: 1 | C19: Cadastros | D19: Cadastre uma vez TAG, equipamento, família e setor, as pessoas, os setores, as famílias de equipamento. Eles aparecem nas setas ▼ das outras abas.
B20: 2 | C20: Check de manutenção autônoma | D20: Escolha a TAG e o mês. Liste as tarefas do operador e marque cada dia com ✔ feito, ✖ anomalia ou – não se aplica.
B21: 3 | C21: Etiquetas | D21: Achou anomalia? Preencha uma etiqueta: azul o operador resolve; vermelha vai para a manutenção com o Nº da OS.
B22: 4 | C22: Quadro de MA | D22: Marque o passo em que cada máquina está: ● em andamento, ✔ concluído. O % de avanço sai sozinho.
B24: 3 REGRAS RÁPIDAS
B25: ▼ Lista | D25: Clique na célula e escolha na seta. Valor fora da lista é recusado.
B26: Célula branca | D26: Campo para digitar.
B27: Célula cinza | D27: Cálculo automático. Não digite: a fórmula preenche sozinha.
B28: Datas e números | D28: Datas em dd/mm/aaaa; decimais com vírgula. Vazio = sem informação; zero é valor real.
B29: Impressão | D29: Cada aba já está ajustada para uma folha A4. Use Arquivo > Imprimir sem mudar a escala.
D31: SOBRE O PCM DIRETO | F31: pcmdireto.me
D32: Modelos de manutenção prontos para usar, do planejamento ao controle: criticidade, plano, ordem de serviço, indicadores e auditorias. Todos no mesmo padrão, para a equipe aprender uma vez e usar em todos.

Sheet Check de manutenção autônoma
D1: ='Leia-me'!$D$10 | AB1: ="Rev. "&'Leia-me'!$D$15&" · "&'Leia-me'!$D$16
D2: ="Objetivo: "&'Leia-me'!$D$11 | AB2: ="Elaborado: "&'Leia-me'!$D$13&" · Aprovado: "&'Leia-me'!$D$14
A3: TAG da máquina | C3: Equipamento | D3: Mês | M3: Operador | X3: Líder da equipe
C4: =IF(A4="","",IFERROR(INDEX(tb_pcm_ativos[descricao_ativo],MATCH(A4,tb_pcm_ativos[tag],0)),"fora do cadastro"))
A6: Limpeza, inspeção, lubrificação e reaperto uma folha por máquina e mês
A7: # | B7: Tipo | C7: Tarefa (o que o operador faz) | D7: Frequência | E7: =IF(OR(NOT(ISNUMBER($D$4)),E$8>DAY(EOMONTH($D$4,0))),"",CHOOSE(WEEKDAY(DATE(YEAR($D$4),MONTH($D$4),E$8)),"D","S","T","Q","Q","S","S")) | F7: =IF(OR(NOT(ISNUMBER($D$4)),F$8>DAY(EOMONTH($D$4,0))),"",CHOOSE(WEEKDAY(DATE(YEAR($D$4),MONTH($D$4),F$8)),"D","S","T","Q","Q","S","S")) | G7: =IF(OR(NOT(ISNUMBER($D$4)),G$8>DAY(EOMONTH($D$4,0))),"",CHOOSE(WEEKDAY(DATE(YEAR($D$4),MONTH($D$4),G$8)),"D","S","T","Q","Q","S","S")) | H7: =IF(OR(NOT(ISNUMBER($D$4)),H$8>DAY(EOMONTH($D$4,0))),"",CHOOSE(WEEKDAY(DATE(YEAR($D$4),MONTH($D$4),H$8)),"D","S","T","Q","Q","S","S")) | I7: =IF(OR(NOT(ISNUMBER($D$4)),I$8>DAY(EOMONTH($D$4,0))),"",CHOOSE(WEEKDAY(DATE(YEAR($D$4),MONTH($D$4),I$8)),"D","S","T","Q","Q","S","S")) | J7: =IF(OR(NOT(ISNUMBER($D$4)),J$8>DAY(EOMONTH($D$4,0))),"",CHOOSE(WEEKDAY(DATE(YEAR($D$4),MONTH($D$4),J$8)),"D","S","T","Q","Q","S","S")) | K7: =IF(OR(NOT(ISNUMBER($D$4)),K$8>DAY(EOMONTH($D$4,0))),"",CHOOSE(WEEKDAY(DATE(YEAR($D$4),MONTH($D$4),K$8)),"D","S","T","Q","Q","S","S")) | L7: =IF(OR(NOT(ISNUMBER($D$4)),L$8>DAY(EOMONTH($D$4,0))),"",CHOOSE(WEEKDAY(DATE(YEAR($D$4),MONTH($D$4),L$8)),"D","S","T","Q","Q","S","S")) | ... AI7: =IF(OR(NOT(ISNUMBER($D$4)),AI$8>DAY(EOMONTH($D$4,0))),"",CHOOSE(WEEKDAY(DATE(YEAR($D$4),MONTH($D$4),AI$8)),"D","S","T","Q","Q","S","S")) | AJ7: OK | AK7: Anom.
E8: 1 | F8: 2 | G8: 3 | H8: 4 | I8: 5 | J8: 6 | K8: 7 | L8: 8 | M8: 9 | N8: 10 | O8: 11 | P8: 12 | Q8: 13 | R8: 14 | S8: 15 | T8: 16 | U8: 17 | V8: 18 | W8: 19 | X8: 20 | Y8: 21 | Z8: 22 | AA8: 23 | AB8: 24 | AC8: 25 | AD8: 26 | AE8: 27 | AF8: 28 | AG8: 29 | AH8: 30 | AI8: 31
A9: 1 | B9: Limpeza | C9: Limpar superfícies, painéis e áreas onde acumula pó, óleo ou resíduo | AJ9: =IF($C9="","",COUNTIF(E9:AI9,"✔")) | AK9: =IF($C9="","",COUNTIF(E9:AI9,"✖"))
A10: 2 | B10: Limpeza | C10: Limpar sensores, visores e proteções | AJ10: =IF($C10="","",COUNTIF(E10:AI10,"✔")) | AK10: =IF($C10="","",COUNTIF(E10:AI10,"✖"))
A11: 3 | B11: Inspeção | C11: Verificar vazamentos de óleo, ar ou água | AJ11: =IF($C11="","",COUNTIF(E11:AI11,"✔")) | AK11: =IF($C11="","",COUNTIF(E11:AI11,"✖"))
A12: 4 | B12: Inspeção | C12: Verificar ruído, vibração e aquecimento anormais | AJ12: =IF($C12="","",COUNTIF(E12:AI12,"✔")) | AK12: =IF($C12="","",COUNTIF(E12:AI12,"✖"))
A13: 5 | B13: Inspeção | C13: Verificar proteções e dispositivos de segurança no lugar | AJ13: =IF($C13="","",COUNTIF(E13:AI13,"✔")) | AK13: =IF($C13="","",COUNTIF(E13:AI13,"✖"))
A14: 6 | B14: Inspeção | C14: Verificar níveis de óleo, fluido e refrigerante | AJ14: =IF($C14="","",COUNTIF(E14:AI14,"✔")) | AK14: =IF($C14="","",COUNTIF(E14:AI14,"✖"))
A15: 7 | B15: Inspeção | C15: Verificar pressões e indicadores dentro da faixa marcada | AJ15: =IF($C15="","",COUNTIF(E15:AI15,"✔")) | AK15: =IF($C15="","",COUNTIF(E15:AI15,"✖"))
A16: 8 | B16: Lubrificação | C16: Lubrificar os pontos conforme o padrão | AJ16: =IF($C16="","",COUNTIF(E16:AI16,"✔")) | AK16: =IF($C16="","",COUNTIF(E16:AI16,"✖"))
A17: 9 | B17: Lubrificação | C17: Conferir nível e estado do lubrificante | AJ17: =IF($C17="","",COUNTIF(E17:AI17,"✔")) | AK17: =IF($C17="","",COUNTIF(E17:AI17,"✖"))
A18: 10 | B18: Reapertar | C18: Reapertar parafusos e fixações nos pontos marcados | AJ18: =IF($C18="","",COUNTIF(E18:AI18,"✔")) | AK18: =IF($C18="","",COUNTIF(E18:AI18,"✖"))
A19: 11 | B19: Reapertar | C19: Conferir conexões de mangueira e tubulação, sem vazamento | AJ19: =IF($C19="","",COUNTIF(E19:AI19,"✔")) | AK19: =IF($C19="","",COUNTIF(E19:AI19,"✖"))
A20: 12 | B20: Reapertar | C20: Conferir fixação de sensores, chaves e suportes | AJ20: =IF($C20="","",COUNTIF(E20:AI20,"✔")) | AK20: =IF($C20="","",COUNTIF(E20:AI20,"✖"))
A21: 13 | AJ21: =IF($C21="","",COUNTIF(E21:AI21,"✔")) | AK21: =IF($C21="","",COUNTIF(E21:AI21,"✖"))
A22: 14 | AJ22: =IF($C22="","",COUNTIF(E22:AI22,"✔")) | AK22: =IF($C22="","",COUNTIF(E22:AI22,"✖"))
A23: 15 | AJ23: =IF($C23="","",COUNTIF(E23:AI23,"✔")) | AK23: =IF($C23="","",COUNTIF(E23:AI23,"✖"))
A24: 16 | AJ24: =IF($C24="","",COUNTIF(E24:AI24,"✔")) | AK24: =IF($C24="","",COUNTIF(E24:AI24,"✖"))
A25: Legenda: ✔ feito e OK ✖ anomalia (abra uma etiqueta de anomalia) – não se aplica ■ fim de semana

Sheet Etiquetas
C1: Etiquetas | H1: ="Rev. "&'Leia-me'!$D$15&" · "&'Leia-me'!$D$16
C2: Objetivo: Registrar anomalias: azul o operador resolve, vermelha vai para a manutenção | H2: ="Elaborado: "&'Leia-me'!$D$13&" · Aprovado: "&'Leia-me'!$D$14
A3: Tipo ▼ | C3: Nº | F3: Tipo ▼ | H3: Nº
A4: TAG | C4: =IF(B4="","",IFERROR(INDEX(tb_pcm_ativos[descricao_ativo],MATCH(B4,tb_pcm_ativos[tag],0)),"fora do cadastro")) | F4: TAG | H4: =IF(G4="","",IFERROR(INDEX(tb_pcm_ativos[descricao_ativo],MATCH(G4,tb_pcm_ativos[tag],0)),"fora do cadastro"))
A5: Data | C5: Achado por | F5: Data | H5: Achado por
A6: O que foi encontrado | F6: O que foi encontrado
A8: Status | C8: Nº da OS | F8: Status | H8: Nº da OS
A10: Tipo ▼ | C10: Nº | F10: Tipo ▼ | H10: Nº
A11: TAG | C11: =IF(B11="","",IFERROR(INDEX(tb_pcm_ativos[descricao_ativo],MATCH(B11,tb_pcm_ativos[tag],0)),"fora do cadastro")) | F11: TAG | H11: =IF(G11="","",IFERROR(INDEX(tb_pcm_ativos[descricao_ativo],MATCH(G11,tb_pcm_ativos[tag],0)),"fora do cadastro"))
A12: Data | C12: Achado por | F12: Data | H12: Achado por
A13: O que foi encontrado | F13: O que foi encontrado
A15: Status | C15: Nº da OS | F15: Status | H15: Nº da OS
A17: Tipo ▼ | C17: Nº | F17: Tipo ▼ | H17: Nº
A18: TAG | C18: =IF(B18="","",IFERROR(INDEX(tb_pcm_ativos[descricao_ativo],MATCH(B18,tb_pcm_ativos[tag],0)),"fora do cadastro")) | F18: TAG | H18: =IF(G18="","",IFERROR(INDEX(tb_pcm_ativos[descricao_ativo],MATCH(G18,tb_pcm_ativos[tag],0)),"fora do cadastro"))
A19: Data | C19: Achado por | F19: Data | H19: Achado por
A20: O que foi encontrado | F20: O que foi encontrado
A22: Status | C22: Nº da OS | F22: Status | H22: Nº da OS
A23: ● AZUL: o operador resolve ● VERMELHA: passa para a manutenção; abra a OS e anote o número.

Sheet Quadro de MA
D1: Quadro de manutenção autônoma | I1: ="Rev. "&'Leia-me'!$D$15&" · "&'Leia-me'!$D$16
D2: Objetivo: Acompanhar, máquina a máquina, o avanço nos 7 passos da manutenção autônoma (Jishu Hozen) | I2: ="Elaborado: "&'Leia-me'!$D$13&" · Aprovado: "&'Leia-me'!$D$14
A3: Legenda: ● Em andamento ✔ Concluído
A4: TAG ▼ | B4: Equipamento | C4: Líder da máquina ▼ | D4: 1 Limpeza e inspeção | E4: 2 Fontes de sujeira | F4: 3 Lubrificação | G4: 4 Inspeção geral | H4: 5 Inspeção autônoma | I4: 6 Sistematização | J4: 7 Gestão autônoma | K4: % avanço
A5: tag | B5: equipamento | C5: lider_maquina | D5: passo_1 | E5: passo_2 | F5: passo_3 | G5: passo_4 | H5: passo_5 | I5: passo_6 | J5: passo_7 | K5: pct_avanco
B6: =IF(A6="","",IFERROR(INDEX(tb_pcm_ativos[descricao_ativo],MATCH(A6,tb_pcm_ativos[tag],0)),"fora do cadastro")) | K6: =IF($A6="","",COUNTIF(D6:J6,"✔")/7)
B7: =IF(A7="","",IFERROR(INDEX(tb_pcm_ativos[descricao_ativo],MATCH(A7,tb_pcm_ativos[tag],0)),"fora do cadastro")) | K7: =IF($A7="","",COUNTIF(D7:J7,"✔")/7)
B8: =IF(A8="","",IFERROR(INDEX(tb_pcm_ativos[descricao_ativo],MATCH(A8,tb_pcm_ativos[tag],0)),"fora do cadastro")) | K8: =IF($A8="","",COUNTIF(D8:J8,"✔")/7)
B9: =IF(A9="","",IFERROR(INDEX(tb_pcm_ativos[descricao_ativo],MATCH(A9,tb_pcm_ativos[tag],0)),"fora do cadastro")) | K9: =IF($A9="","",COUNTIF(D9:J9,"✔")/7)
B10: =IF(A10="","",IFERROR(INDEX(tb_pcm_ativos[descricao_ativo],MATCH(A10,tb_pcm_ativos[tag],0)),"fora do cadastro")) | K10: =IF($A10="","",COUNTIF(D10:J10,"✔")/7)
B11: =IF(A11="","",IFERROR(INDEX(tb_pcm_ativos[descricao_ativo],MATCH(A11,tb_pcm_ativos[tag],0)),"fora do cadastro")) | K11: =IF($A11="","",COUNTIF(D11:J11,"✔")/7)
B12: =IF(A12="","",IFERROR(INDEX(tb_pcm_ativos[descricao_ativo],MATCH(A12,tb_pcm_ativos[tag],0)),"fora do cadastro")) | K12: =IF($A12="","",COUNTIF(D12:J12,"✔")/7)
B13: =IF(A13="","",IFERROR(INDEX(tb_pcm_ativos[descricao_ativo],MATCH(A13,tb_pcm_ativos[tag],0)),"fora do cadastro")) | K13: =IF($A13="","",COUNTIF(D13:J13,"✔")/7)
B14: =IF(A14="","",IFERROR(INDEX(tb_pcm_ativos[descricao_ativo],MATCH(A14,tb_pcm_ativos[tag],0)),"fora do cadastro")) | K14: =IF($A14="","",COUNTIF(D14:J14,"✔")/7)
B15: =IF(A15="","",IFERROR(INDEX(tb_pcm_ativos[descricao_ativo],MATCH(A15,tb_pcm_ativos[tag],0)),"fora do cadastro")) | K15: =IF($A15="","",COUNTIF(D15:J15,"✔")/7)
B16: =IF(A16="","",IFERROR(INDEX(tb_pcm_ativos[descricao_ativo],MATCH(A16,tb_pcm_ativos[tag],0)),"fora do cadastro")) | K16: =IF($A16="","",COUNTIF(D16:J16,"✔")/7)
B17: =IF(A17="","",IFERROR(INDEX(tb_pcm_ativos[descricao_ativo],MATCH(A17,tb_pcm_ativos[tag],0)),"fora do cadastro")) | K17: =IF($A17="","",COUNTIF(D17:J17,"✔")/7)
... B25: =IF(A25="","",IFERROR(INDEX(tb_pcm_ativos[descricao_ativo],MATCH(A25,tb_pcm_ativos[tag],0)),"fora do cadastro")) | K25: =IF($A25="","",COUNTIF(D25:J25,"✔")/7)

Sheet Cadastros
C1: Cadastros | H1: ="Rev. "&'Leia-me'!$D$15&" · "&'Leia-me'!$D$16
C2: Objetivo: Cadastre aqui os itens usados nas listas (▼) das outras abas. | H2: ="Elaborado: "&'Leia-me'!$D$13&" · Aprovado: "&'Leia-me'!$D$14
A3: TAG | B3: Equipamento | C3: Família de equipamento ▼ | D3: Setor ▼ | F3: Responsável | H3: Setor | J3: Família de equipamento
A4: tag | B4: descricao_ativo | C4: familia | D4: setor | F4: nome_pessoa | H4: nome_setor | J4: nome_familia

Sheet Revisões
C1: Revisões | D1: ="Rev. "&'Leia-me'!$D$15&" · "&'Leia-me'!$D$16
C2: Objetivo: Registre cada alteração do modelo; a última linha alimenta Rev. e data do cabeçalho. | D2: ="Elaborado: "&'Leia-me'!$D$13&" · Aprovado: "&'Leia-me'!$D$14
A3: Rev | B3: Data | C3: Descrição da alteração | D3: Elaborado por | E3: Aprovado por
A4: revisao | B4: data_revisao | C4: descricao_alteracao | D4: elaborado_por | E4: aprovado_por
A5: 00 | B5: 46325 | C5: Emissão inicial
