Workbook
Name L_TAGS: tb_pcm_ativos[tag]
Name L_PESSOAS: tb_pcm_pessoas[nome_pessoa]
Name L_SETORES: tb_pcm_setores[nome_setor]
Name L_OS: tb_pcm_os[numero_os]
Name L_TIPO: tb_pcm_tipos_manutencao[tipo_manutencao]
Name L_PRIOR: tb_pcm_prioridades[prioridade]
Name L_STATUS_OS: tb_pcm_status_os[status_os]
Name L_FAMILIAS: tb_pcm_familias[nome_familia]

Sheet Leia-me
D1: LEIA-ME · GUIA RÁPIDO | F1: Modelos, guias e novidades
D2: PCM-MAN-004 · Ordens de serviço | F2: pcmdireto.me
D3: Leia em 1 minuto, preencha os campos brancos e comece a usar. | F3: Dúvidas e sugestões pelo site
B5: COMO USAR ESTE MODELO
B6: 1 Identifique | D6: 2 Cadastre | E6: 3 Preencha | F6: 4 Imprima e revise
B7: Preencha Elaborado e Aprovado logo abaixo. Vai para o cabeçalho de todas as abas. | D7: Na aba Cadastros, lance TAGs, pessoas e setores uma vez. Eles viram as listas ▼. | E7: Use as abas na ordem do passo a passo. Comece por Ordem de serviço. | F7: Cada aba sai em uma folha A4. Mudou o modelo? Registre na aba Revisões.
B9: 1 IDENTIFICAÇÃO DO DOCUMENTO · vai para o cabeçalho de todas as abas | I9: LISTAS DAS SETAS ▼ · valores fixos, não altere
B10: Título do documento | D10: Ordens de serviço | F10: Já vem pronto. Ajuste se quiser. | I10: Tipo manutencao | J10: Significado | L10: Prioridade | M10: Significado | O10: Status os | P10: Significado
B11: Objetivo | D11: Abrir, executar e fechar ordens de serviço e manter o registro de todas as OS | I11: tipo_manutencao | J11: rotulo_tipo | L11: prioridade | M11: rotulo_prioridade | O11: status_os | P11: rotulo_status
B12: Código do documento | D12: PCM-MAN-004 | I12: PREVENTIVA | J12: Preventiva | L12: BAIXA | M12: Baixa | O12: ABERTA | P12: Aberta
B13: Elaborado por | F13: ✎ preencha | I13: CORRETIVA | J13: Corretiva | L13: MEDIA | M13: Média | O13: PLANEJADA | P13: Planejada
B14: Aprovado por | F14: ✎ preencha | I14: PREDITIVA | J14: Preditiva | L14: ALTA | M14: Alta | O14: PROGRAMADA | P14: Programada
B15: Revisão atual | D15: =IF(COUNTA(tb_pcm_revisoes_modelo[revisao])=0,"-",INDEX(tb_pcm_revisoes_modelo[revisao],COUNTA(tb_pcm_revisoes_modelo[revisao]))) | F15: automático: aba Revisões | I15: INSPECAO | J15: Inspeção | L15: URGENTE | M15: Urgente | O15: EM_EXECUCAO | P15: Em execução
B16: Data da revisão | D16: =IF(COUNTA(tb_pcm_revisoes_modelo[revisao])=0,"",IF(INDEX(tb_pcm_revisoes_modelo[data_revisao],COUNTA(tb_pcm_revisoes_modelo[revisao]))="","",RIGHT("0"&DAY(INDEX(tb_pcm_revisoes_modelo[data_revisao],COUNTA(tb_pcm_revisoes_modelo[revisao]))),2)&"/"&CHOOSE(MONTH(INDEX(tb_pcm_revisoes_modelo[data_revisao],COUNTA(tb_pcm_revisoes_modelo[revisao]))),"Jan","Fev","Mar","Abr","Mai","Jun","Jul","Ago","Set","Out","Nov","Dez")&"/"&YEAR(INDEX(tb_pcm_revisoes_modelo[data_revisao],COUNTA(tb_pcm_revisoes_modelo[revisao]))))) | F16: automático: aba Revisões | O16: CONCLUIDA | P16: Concluída
O17: CANCELADA | P17: Cancelada
B18: 2 PASSO A PASSO · clique no nome da aba para abrir
B19: 1 | C19: Cadastros | D19: Cadastre uma vez TAG, equipamento, família e setor, as pessoas, as famílias de equipamento, os setores. Eles aparecem nas setas ▼ das outras abas.
B20: 2 | C20: Ordem de serviço | D20: Preencha uma folha por serviço: TAG, serviço, prioridade, executantes, horas, materiais e fechamento. Imprima e leve ao campo.
B21: 3 | C21: Ordens de Serviço | D21: Lance cada OS em uma linha e mantenha o status em dia. Prazo vencido de OS em aberto fica em vermelho. Use Observação, na última coluna, para anotar qualquer detalhe da OS.
B23: 3 REGRAS RÁPIDAS
B24: ▼ Lista | D24: Clique na célula e escolha na seta. Valor fora da lista é recusado.
B25: Célula branca | D25: Campo para digitar.
B26: Célula cinza | D26: Cálculo automático. Não digite: a fórmula preenche sozinha.
B27: Datas e números | D27: Datas em dd/mm/aaaa; decimais com vírgula. Vazio = sem informação; zero é valor real.
B28: Impressão | D28: Cada aba já está ajustada para uma folha A4. Use Arquivo > Imprimir sem mudar a escala.
D30: SOBRE O PCM DIRETO | F30: pcmdireto.me
D31: Modelos de manutenção prontos para usar, do planejamento ao controle: criticidade, plano, ordem de serviço, indicadores e auditorias. Todos no mesmo padrão, para a equipe aprender uma vez e usar em todos.

Sheet Ordem de serviço
B1: ='Leia-me'!$D$10 | D1: ="Rev. "&'Leia-me'!$D$15&" · "&'Leia-me'!$D$16
B2: ="Objetivo: "&'Leia-me'!$D$11 | D2: ="Elaborado: "&'Leia-me'!$D$13&" · Aprovado: "&'Leia-me'!$D$14
A3: Nº da OS | B3: Aberta em (data e hora) | C3: Prioridade | D3: Situação
D4: =IF(AND(A4="",A8=""),"",IF(AND(ISNUMBER(C24),A28<>""),"Concluída",IF(ISNUMBER(A24),"Em andamento","Aberta")))
A6: 1 Solicitação quem pede e o que está errado
A7: TAG do equipamento | B7: Equipamento | C7: Local ou linha
B8: =IF(A8="","",IFERROR(INDEX(tb_pcm_ativos[descricao_ativo],MATCH(A8,tb_pcm_ativos[tag],0)),"fora do cadastro"))
A9: Problema: o que se vê, ouve ou mede
A12: Solicitado por | C12: Tipo de trabalho
A15: 2 Planejamento antes de executar
A16: Executante | C16: Horas estimadas | D16: Exige bloqueio ou permissão de trabalho?
A18: Peças, ferramentas e materiais
A22: 3 Execução preencha ao terminar
A23: Início (data e hora) | C23: Fim (data e hora)
A25: Mão de obra (h) | B25: Parada do equipamento (h) | C25: Causa da falha
A27: O que foi feito
A31: 4 Fechamento
A32: Executado por | C32: Liberado por (operação) | D32: Data do fechamento
A34: =IF(A8="","Falta a TAG do equipamento",IF(A10="","Falta descrever o problema",IF(A17="","Falta o executante",IF(OR(A24="",C24=""),"Falta o início ou o fim",IF(A28="","Falta registrar o que foi feito",IF(OR(A33="",C33=""),"Falta quem executou ou quem liberou","Pode fechar a OS"))))))

Sheet Ordens de Serviço
D1: Ordens de Serviço | M1: ="Rev. "&'Leia-me'!$D$15&" · "&'Leia-me'!$D$16
D2: Objetivo: Registro: uma linha por OS, com tipo, prioridade, status, prazo e horas | M2: ="Elaborado: "&'Leia-me'!$D$13&" · Aprovado: "&'Leia-me'!$D$14
A3: Nº da OS | B3: TAG ▼ | C3: Equipamento | D3: Serviço | E3: Tipo ▼ | F3: Prioridade ▼ | G3: Status ▼ | H3: Responsável ▼ | I3: Abertura | J3: Prazo | K3: Conclusão | L3: Horas estimadas | M3: Horas restantes | N3: Observação
A4: numero_os | B4: tag | C4: equipamento | D4: atividade | E4: tipo_manutencao | F4: prioridade | G4: status | H4: responsavel | I4: data_abertura | J4: data_prevista | K4: data_conclusao | L4: horas_estimadas | M4: horas_restantes | N4: observacao
C5: =IF(B5="","",IFERROR(INDEX(tb_pcm_ativos[descricao_ativo],MATCH(B5,tb_pcm_ativos[tag],0)),"fora do cadastro"))
C6: =IF(B6="","",IFERROR(INDEX(tb_pcm_ativos[descricao_ativo],MATCH(B6,tb_pcm_ativos[tag],0)),"fora do cadastro"))
C7: =IF(B7="","",IFERROR(INDEX(tb_pcm_ativos[descricao_ativo],MATCH(B7,tb_pcm_ativos[tag],0)),"fora do cadastro"))
C8: =IF(B8="","",IFERROR(INDEX(tb_pcm_ativos[descricao_ativo],MATCH(B8,tb_pcm_ativos[tag],0)),"fora do cadastro"))
C9: =IF(B9="","",IFERROR(INDEX(tb_pcm_ativos[descricao_ativo],MATCH(B9,tb_pcm_ativos[tag],0)),"fora do cadastro"))
C10: =IF(B10="","",IFERROR(INDEX(tb_pcm_ativos[descricao_ativo],MATCH(B10,tb_pcm_ativos[tag],0)),"fora do cadastro"))
C11: =IF(B11="","",IFERROR(INDEX(tb_pcm_ativos[descricao_ativo],MATCH(B11,tb_pcm_ativos[tag],0)),"fora do cadastro"))
C12: =IF(B12="","",IFERROR(INDEX(tb_pcm_ativos[descricao_ativo],MATCH(B12,tb_pcm_ativos[tag],0)),"fora do cadastro"))
C13: =IF(B13="","",IFERROR(INDEX(tb_pcm_ativos[descricao_ativo],MATCH(B13,tb_pcm_ativos[tag],0)),"fora do cadastro"))
C14: =IF(B14="","",IFERROR(INDEX(tb_pcm_ativos[descricao_ativo],MATCH(B14,tb_pcm_ativos[tag],0)),"fora do cadastro"))
C15: =IF(B15="","",IFERROR(INDEX(tb_pcm_ativos[descricao_ativo],MATCH(B15,tb_pcm_ativos[tag],0)),"fora do cadastro"))
C16: =IF(B16="","",IFERROR(INDEX(tb_pcm_ativos[descricao_ativo],MATCH(B16,tb_pcm_ativos[tag],0)),"fora do cadastro"))
... C29: =IF(B29="","",IFERROR(INDEX(tb_pcm_ativos[descricao_ativo],MATCH(B29,tb_pcm_ativos[tag],0)),"fora do cadastro"))
A30: Prioridade: ● Baixa ● Média ● Alta ● Urgente | Status: ● Concluída ● Aberta · Planejada · Programada · Em execução ● Cancelada | ● Data em vermelho = vencida

Sheet Cadastros
C1: Cadastros | H1: ="Rev. "&'Leia-me'!$D$15&" · "&'Leia-me'!$D$16
C2: Objetivo: Cadastre aqui os itens usados nas listas (▼) das outras abas. | H2: ="Elaborado: "&'Leia-me'!$D$13&" · Aprovado: "&'Leia-me'!$D$14
A3: TAG | B3: Equipamento | C3: Família de equipamento ▼ | D3: Setor ▼ | F3: Responsável | H3: Família de equipamento | J3: Setor
A4: tag | B4: descricao_ativo | C4: familia | D4: setor | F4: nome_pessoa | H4: nome_familia | J4: nome_setor

Sheet Revisões
C1: Revisões | D1: ="Rev. "&'Leia-me'!$D$15&" · "&'Leia-me'!$D$16
C2: Objetivo: Registre cada alteração do modelo; a última linha alimenta Rev. e data do cabeçalho. | D2: ="Elaborado: "&'Leia-me'!$D$13&" · Aprovado: "&'Leia-me'!$D$14
A3: Rev | B3: Data | C3: Descrição da alteração | D3: Elaborado por | E3: Aprovado por
A4: revisao | B4: data_revisao | C4: descricao_alteracao | D4: elaborado_por | E4: aprovado_por
A5: 00 | B5: 46325 | C5: Emissão inicial
