Workbook
Name L_TAGS: tb_pcm_ativos[tag]
Name L_PESSOAS: tb_pcm_pessoas[nome_pessoa]
Name L_SETORES: tb_pcm_setores[nome_setor]
Name L_FAMILIAS: tb_pcm_familias[nome_familia]

Sheet Leia-me
D1: LEIA-ME · GUIA RÁPIDO | F1: Modelos, guias e novidades
D2: PCM-MAN-008 · Falhas e Pareto | F2: pcmdireto.me
D3: Leia em 1 minuto, preencha os campos brancos e comece a usar. | F3: Dúvidas e sugestões pelo site
B5: COMO USAR ESTE MODELO
B6: 1 Identifique | D6: 2 Cadastre | E6: 3 Preencha | F6: 4 Imprima e revise
B7: Preencha Elaborado e Aprovado logo abaixo. Vai para o cabeçalho de todas as abas. | D7: Na aba Cadastros, lance TAGs, pessoas e setores uma vez. Eles viram as listas ▼. | E7: Use as abas na ordem do passo a passo. Comece por Ficha de falha. | F7: Cada aba sai em uma folha A4. Mudou o modelo? Registre na aba Revisões.
B9: 1 IDENTIFICAÇÃO DO DOCUMENTO · vai para o cabeçalho de todas as abas
B10: Título do documento | D10: Falhas e Pareto | F10: Já vem pronto. Ajuste se quiser.
B11: Objetivo | D11: Registrar cada falha e ver no Pareto as que mais param ou custam
B12: Código do documento | D12: PCM-MAN-008
B13: Elaborado por | F13: ✎ preencha
B14: Aprovado por | F14: ✎ preencha
B15: Revisão atual | D15: =IF(COUNTA(tb_pcm_revisoes_modelo[revisao])=0,"-",INDEX(tb_pcm_revisoes_modelo[revisao],COUNTA(tb_pcm_revisoes_modelo[revisao]))) | F15: automático: aba Revisões
B16: Data da revisão | D16: =IF(COUNTA(tb_pcm_revisoes_modelo[revisao])=0,"",IF(INDEX(tb_pcm_revisoes_modelo[data_revisao],COUNTA(tb_pcm_revisoes_modelo[revisao]))="","",RIGHT("0"&DAY(INDEX(tb_pcm_revisoes_modelo[data_revisao],COUNTA(tb_pcm_revisoes_modelo[revisao]))),2)&"/"&CHOOSE(MONTH(INDEX(tb_pcm_revisoes_modelo[data_revisao],COUNTA(tb_pcm_revisoes_modelo[revisao]))),"Jan","Fev","Mar","Abr","Mai","Jun","Jul","Ago","Set","Out","Nov","Dez")&"/"&YEAR(INDEX(tb_pcm_revisoes_modelo[data_revisao],COUNTA(tb_pcm_revisoes_modelo[revisao]))))) | F16: automático: aba Revisões
B18: 2 PASSO A PASSO · clique no nome da aba para abrir
B19: 1 | C19: Cadastros | D19: Cadastre uma vez TAG, equipamento, família e setor, as pessoas, as famílias de equipamento, os setores. Eles aparecem nas setas ▼ das outras abas.
B20: 2 | C20: Ficha de falha | D20: Para falha relevante, preencha a ficha: sintoma, causa, ação e horários.
B21: 3 | C21: Registro de falhas | D21: Lance todas as falhas em uma linha cada. Os horários dão o tempo parado e o tempo de reparo.
B22: 4 | C22: Pareto | D22: Digite as causas ou TAGs e as quantidades: a ordem, o % acumulado e o corte de 80% saem sozinhos.
B24: 3 REGRAS RÁPIDAS
B25: ▼ Lista | D25: Clique na célula e escolha na seta. Valor fora da lista é recusado.
B26: Célula branca | D26: Campo para digitar.
B27: Célula cinza | D27: Cálculo automático. Não digite: a fórmula preenche sozinha.
B28: Datas e números | D28: Datas em dd/mm/aaaa; decimais com vírgula. Vazio = sem informação; zero é valor real.
B29: Impressão | D29: Cada aba já está ajustada para uma folha A4. Use Arquivo > Imprimir sem mudar a escala.
D31: SOBRE O PCM DIRETO | F31: pcmdireto.me
D32: Modelos de manutenção prontos para usar, do planejamento ao controle: criticidade, plano, ordem de serviço, indicadores e auditorias. Todos no mesmo padrão, para a equipe aprender uma vez e usar em todos.

Sheet Ficha de falha
B1: ='Leia-me'!$D$10 | E1: ="Rev. "&'Leia-me'!$D$15&" · "&'Leia-me'!$D$16
B2: ="Objetivo: "&'Leia-me'!$D$11 | E2: ="Elaborado: "&'Leia-me'!$D$13&" · Aprovado: "&'Leia-me'!$D$14
A3: Referência da falha | B3: TAG ▼ | C3: Equipamento | D3: Nº da OS | E3: Situação dos tempos
C4: =IF(B4="","",IFERROR(INDEX(tb_pcm_ativos[descricao_ativo],MATCH(B4,tb_pcm_ativos[tag],0)),"fora do cadastro")) | E4: =IF(COUNT(A19,D19,A21,D21)=0,"",IF(OR(AND(ISNUMBER(A19),ISNUMBER(D19),D19<A19),AND(ISNUMBER(A21),ISNUMBER(D21),D21<A21)),"Confira as datas",IF(COUNT(A19,D19,A21,D21)<4,"Incompleto","Completo")))
A6: 1 O que aconteceu sintoma, causa e ação
A7: Falha (sintoma): o que se viu, ouviu ou mediu
A10: Causa
A13: Ação realizada
A17: 2 Tempos data e hora de cada marco
A18: Início da indisponibilidade | D18: Fim da indisponibilidade
A20: Início do reparo | D20: Fim do reparo
A22: Tempo parado (h) | D22: Tempo de reparo (h)
A23: =IF(AND(ISNUMBER(A19),ISNUMBER(D19),D19>=A19),(D19-A19)*24,"") | D23: =IF(AND(ISNUMBER(A21),ISNUMBER(D21),D21>=A21),(D21-A21)*24,"")

Sheet Registro de falhas
D1: Registro de falhas | J1: ="Rev. "&'Leia-me'!$D$15&" · "&'Leia-me'!$D$16
D2: Objetivo: Uma linha por falha, com TAG, causa, ação e horários de parada e reparo | J2: ="Elaborado: "&'Leia-me'!$D$13&" · Aprovado: "&'Leia-me'!$D$14
A3: Referência da falha | B3: TAG ▼ | C3: Equipamento | D3: Nº da OS | E3: Falha (sintoma) | F3: Causa | G3: Ação realizada | H3: Início da indisponibilidade | I3: Fim da indisponibilidade | J3: Início do reparo | K3: Fim do reparo
A4: referencia_falha | B4: tag | C4: equipamento | D4: numero_os | E4: descricao_falha | F4: causa | G4: acao | H4: inicio_falha | I4: fim_falha | J4: inicio_reparo | K4: fim_reparo
C5: =IF(B5="","",IFERROR(INDEX(tb_pcm_ativos[descricao_ativo],MATCH(B5,tb_pcm_ativos[tag],0)),"fora do cadastro"))
C6: =IF(B6="","",IFERROR(INDEX(tb_pcm_ativos[descricao_ativo],MATCH(B6,tb_pcm_ativos[tag],0)),"fora do cadastro"))
C7: =IF(B7="","",IFERROR(INDEX(tb_pcm_ativos[descricao_ativo],MATCH(B7,tb_pcm_ativos[tag],0)),"fora do cadastro"))
C8: =IF(B8="","",IFERROR(INDEX(tb_pcm_ativos[descricao_ativo],MATCH(B8,tb_pcm_ativos[tag],0)),"fora do cadastro"))
C9: =IF(B9="","",IFERROR(INDEX(tb_pcm_ativos[descricao_ativo],MATCH(B9,tb_pcm_ativos[tag],0)),"fora do cadastro"))
C10: =IF(B10="","",IFERROR(INDEX(tb_pcm_ativos[descricao_ativo],MATCH(B10,tb_pcm_ativos[tag],0)),"fora do cadastro"))
C11: =IF(B11="","",IFERROR(INDEX(tb_pcm_ativos[descricao_ativo],MATCH(B11,tb_pcm_ativos[tag],0)),"fora do cadastro"))
C12: =IF(B12="","",IFERROR(INDEX(tb_pcm_ativos[descricao_ativo],MATCH(B12,tb_pcm_ativos[tag],0)),"fora do cadastro"))
C13: =IF(B13="","",IFERROR(INDEX(tb_pcm_ativos[descricao_ativo],MATCH(B13,tb_pcm_ativos[tag],0)),"fora do cadastro"))
C14: =IF(B14="","",IFERROR(INDEX(tb_pcm_ativos[descricao_ativo],MATCH(B14,tb_pcm_ativos[tag],0)),"fora do cadastro"))
C15: =IF(B15="","",IFERROR(INDEX(tb_pcm_ativos[descricao_ativo],MATCH(B15,tb_pcm_ativos[tag],0)),"fora do cadastro"))
C16: =IF(B16="","",IFERROR(INDEX(tb_pcm_ativos[descricao_ativo],MATCH(B16,tb_pcm_ativos[tag],0)),"fora do cadastro"))
... C29: =IF(B29="","",IFERROR(INDEX(tb_pcm_ativos[descricao_ativo],MATCH(B29,tb_pcm_ativos[tag],0)),"fora do cadastro"))

Sheet Pareto
C1: Pareto | I1: ="Rev. "&'Leia-me'!$D$15&" · "&'Leia-me'!$D$16
C2: Objetivo: Contar falhas e paradas e ver os poucos vitais que respondem por 80% do problema | I2: ="Elaborado: "&'Leia-me'!$D$13&" · Aprovado: "&'Leia-me'!$D$14
A3: Área ou linha | C3: O que se conta (defeito, causa, motivo de parada) | G3: Período (de ... a ...) | I3: Ordenar por
A6: Contagem uma linha por categoria | G6: Ranking destaque = poucos vitais (até 80%)
A7: Nº | B7: Categoria | C7: Quantidade | D7: Custo por ocorrência | E7: Custo total | G7: Pos. | H7: Categoria | I7: Valor | J7: % | K7: % acumulado
A8: 1 | E8: =IF(AND(ISNUMBER(C8),ISNUMBER(D8)),C8*D8,"") | G8: 1 | H8: =IF(M8="","",INDEX($B$8:$B$17,M8)) | I8: =IF(M8="","",IF($I$4="Custo total",INDEX($E$8:$E$17,M8),INDEX($C$8:$C$17,M8))) | J8: =IF(OR(I8="",$I$18=0),"",I8/$I$18) | K8: =IF(J8="","",SUM($J$8:J8)) | L8: =IF(B8="","",IF($I$4="Custo total",IF(ISNUMBER(E8),E8+(1000-ROW())/100000,""),IF(ISNUMBER(C8),C8+(1000-ROW())/100000,""))) | M8: =IFERROR(MATCH(LARGE($L$8:$L$17,G8),$L$8:$L$17,0),"") | N8: =IF(ISNUMBER(K8),K8,NA())
A9: 2 | E9: =IF(AND(ISNUMBER(C9),ISNUMBER(D9)),C9*D9,"") | G9: 2 | H9: =IF(M9="","",INDEX($B$8:$B$17,M9)) | I9: =IF(M9="","",IF($I$4="Custo total",INDEX($E$8:$E$17,M9),INDEX($C$8:$C$17,M9))) | J9: =IF(OR(I9="",$I$18=0),"",I9/$I$18) | K9: =IF(J9="","",SUM($J$8:J9)) | L9: =IF(B9="","",IF($I$4="Custo total",IF(ISNUMBER(E9),E9+(1000-ROW())/100000,""),IF(ISNUMBER(C9),C9+(1000-ROW())/100000,""))) | M9: =IFERROR(MATCH(LARGE($L$8:$L$17,G9),$L$8:$L$17,0),"") | N9: =IF(ISNUMBER(K9),K9,NA())
A10: 3 | E10: =IF(AND(ISNUMBER(C10),ISNUMBER(D10)),C10*D10,"") | G10: 3 | H10: =IF(M10="","",INDEX($B$8:$B$17,M10)) | I10: =IF(M10="","",IF($I$4="Custo total",INDEX($E$8:$E$17,M10),INDEX($C$8:$C$17,M10))) | J10: =IF(OR(I10="",$I$18=0),"",I10/$I$18) | K10: =IF(J10="","",SUM($J$8:J10)) | L10: =IF(B10="","",IF($I$4="Custo total",IF(ISNUMBER(E10),E10+(1000-ROW())/100000,""),IF(ISNUMBER(C10),C10+(1000-ROW())/100000,""))) | M10: =IFERROR(MATCH(LARGE($L$8:$L$17,G10),$L$8:$L$17,0),"") | N10: =IF(ISNUMBER(K10),K10,NA())
A11: 4 | E11: =IF(AND(ISNUMBER(C11),ISNUMBER(D11)),C11*D11,"") | G11: 4 | H11: =IF(M11="","",INDEX($B$8:$B$17,M11)) | I11: =IF(M11="","",IF($I$4="Custo total",INDEX($E$8:$E$17,M11),INDEX($C$8:$C$17,M11))) | J11: =IF(OR(I11="",$I$18=0),"",I11/$I$18) | K11: =IF(J11="","",SUM($J$8:J11)) | L11: =IF(B11="","",IF($I$4="Custo total",IF(ISNUMBER(E11),E11+(1000-ROW())/100000,""),IF(ISNUMBER(C11),C11+(1000-ROW())/100000,""))) | M11: =IFERROR(MATCH(LARGE($L$8:$L$17,G11),$L$8:$L$17,0),"") | N11: =IF(ISNUMBER(K11),K11,NA())
A12: 5 | E12: =IF(AND(ISNUMBER(C12),ISNUMBER(D12)),C12*D12,"") | G12: 5 | H12: =IF(M12="","",INDEX($B$8:$B$17,M12)) | I12: =IF(M12="","",IF($I$4="Custo total",INDEX($E$8:$E$17,M12),INDEX($C$8:$C$17,M12))) | J12: =IF(OR(I12="",$I$18=0),"",I12/$I$18) | K12: =IF(J12="","",SUM($J$8:J12)) | L12: =IF(B12="","",IF($I$4="Custo total",IF(ISNUMBER(E12),E12+(1000-ROW())/100000,""),IF(ISNUMBER(C12),C12+(1000-ROW())/100000,""))) | M12: =IFERROR(MATCH(LARGE($L$8:$L$17,G12),$L$8:$L$17,0),"") | N12: =IF(ISNUMBER(K12),K12,NA())
A13: 6 | E13: =IF(AND(ISNUMBER(C13),ISNUMBER(D13)),C13*D13,"") | G13: 6 | H13: =IF(M13="","",INDEX($B$8:$B$17,M13)) | I13: =IF(M13="","",IF($I$4="Custo total",INDEX($E$8:$E$17,M13),INDEX($C$8:$C$17,M13))) | J13: =IF(OR(I13="",$I$18=0),"",I13/$I$18) | K13: =IF(J13="","",SUM($J$8:J13)) | L13: =IF(B13="","",IF($I$4="Custo total",IF(ISNUMBER(E13),E13+(1000-ROW())/100000,""),IF(ISNUMBER(C13),C13+(1000-ROW())/100000,""))) | M13: =IFERROR(MATCH(LARGE($L$8:$L$17,G13),$L$8:$L$17,0),"") | N13: =IF(ISNUMBER(K13),K13,NA())
A14: 7 | E14: =IF(AND(ISNUMBER(C14),ISNUMBER(D14)),C14*D14,"") | G14: 7 | H14: =IF(M14="","",INDEX($B$8:$B$17,M14)) | I14: =IF(M14="","",IF($I$4="Custo total",INDEX($E$8:$E$17,M14),INDEX($C$8:$C$17,M14))) | J14: =IF(OR(I14="",$I$18=0),"",I14/$I$18) | K14: =IF(J14="","",SUM($J$8:J14)) | L14: =IF(B14="","",IF($I$4="Custo total",IF(ISNUMBER(E14),E14+(1000-ROW())/100000,""),IF(ISNUMBER(C14),C14+(1000-ROW())/100000,""))) | M14: =IFERROR(MATCH(LARGE($L$8:$L$17,G14),$L$8:$L$17,0),"") | N14: =IF(ISNUMBER(K14),K14,NA())
A15: 8 | E15: =IF(AND(ISNUMBER(C15),ISNUMBER(D15)),C15*D15,"") | G15: 8 | H15: =IF(M15="","",INDEX($B$8:$B$17,M15)) | I15: =IF(M15="","",IF($I$4="Custo total",INDEX($E$8:$E$17,M15),INDEX($C$8:$C$17,M15))) | J15: =IF(OR(I15="",$I$18=0),"",I15/$I$18) | K15: =IF(J15="","",SUM($J$8:J15)) | L15: =IF(B15="","",IF($I$4="Custo total",IF(ISNUMBER(E15),E15+(1000-ROW())/100000,""),IF(ISNUMBER(C15),C15+(1000-ROW())/100000,""))) | M15: =IFERROR(MATCH(LARGE($L$8:$L$17,G15),$L$8:$L$17,0),"") | N15: =IF(ISNUMBER(K15),K15,NA())
A16: 9 | E16: =IF(AND(ISNUMBER(C16),ISNUMBER(D16)),C16*D16,"") | G16: 9 | H16: =IF(M16="","",INDEX($B$8:$B$17,M16)) | I16: =IF(M16="","",IF($I$4="Custo total",INDEX($E$8:$E$17,M16),INDEX($C$8:$C$17,M16))) | J16: =IF(OR(I16="",$I$18=0),"",I16/$I$18) | K16: =IF(J16="","",SUM($J$8:J16)) | L16: =IF(B16="","",IF($I$4="Custo total",IF(ISNUMBER(E16),E16+(1000-ROW())/100000,""),IF(ISNUMBER(C16),C16+(1000-ROW())/100000,""))) | M16: =IFERROR(MATCH(LARGE($L$8:$L$17,G16),$L$8:$L$17,0),"") | N16: =IF(ISNUMBER(K16),K16,NA())
A17: 10 | E17: =IF(AND(ISNUMBER(C17),ISNUMBER(D17)),C17*D17,"") | G17: 10 | H17: =IF(M17="","",INDEX($B$8:$B$17,M17)) | I17: =IF(M17="","",IF($I$4="Custo total",INDEX($E$8:$E$17,M17),INDEX($C$8:$C$17,M17))) | J17: =IF(OR(I17="",$I$18=0),"",I17/$I$18) | K17: =IF(J17="","",SUM($J$8:J17)) | L17: =IF(B17="","",IF($I$4="Custo total",IF(ISNUMBER(E17),E17+(1000-ROW())/100000,""),IF(ISNUMBER(C17),C17+(1000-ROW())/100000,""))) | M17: =IFERROR(MATCH(LARGE($L$8:$L$17,G17),$L$8:$L$17,0),"") | N17: =IF(ISNUMBER(K17),K17,NA())
B18: Total | C18: =SUM(C8:C17) | E18: =SUM(E8:E17) | H18: Total | I18: =SUM(I8:I17)
A20: Gráfico de Pareto barras = valor, linha = % acumulado

Sheet Cadastros
C1: Cadastros | H1: ="Rev. "&'Leia-me'!$D$15&" · "&'Leia-me'!$D$16
C2: Objetivo: Cadastre aqui os itens usados nas listas (▼) das outras abas. | H2: ="Elaborado: "&'Leia-me'!$D$13&" · Aprovado: "&'Leia-me'!$D$14
A3: TAG | B3: Equipamento | C3: Família de equipamento ▼ | D3: Setor ▼ | F3: Responsável | H3: Família de equipamento | J3: Setor
A4: tag | B4: descricao_ativo | C4: familia | D4: setor | F4: nome_pessoa | H4: nome_familia | J4: nome_setor

Sheet Revisões
C1: Revisões | D1: ="Rev. "&'Leia-me'!$D$15&" · "&'Leia-me'!$D$16
C2: Objetivo: Registre cada alteração do modelo; a última linha alimenta Rev. e data do cabeçalho. | D2: ="Elaborado: "&'Leia-me'!$D$13&" · Aprovado: "&'Leia-me'!$D$14
A3: Rev | B3: Data | C3: Descrição da alteração | D3: Elaborado por | E3: Aprovado por
A4: revisao | B4: data_revisao | C4: descricao_alteracao | D4: elaborado_por | E4: aprovado_por
A5: 00 | B5: 46325 | C5: Emissão inicial
