Workbook
Name L_TAGS: tb_pcm_ativos[tag]
Name L_PESSOAS: tb_pcm_pessoas[nome_pessoa]
Name L_SETORES: tb_pcm_setores[nome_setor]
Name L_FAMILIAS: tb_pcm_familias[nome_familia]

Sheet Leia-me
D1: LEIA-ME · GUIA RÁPIDO | F1: Modelos, guias e novidades
D2: PCM-MAN-007 · Segurança no trabalho | F2: pcmdireto.me
D3: Leia em 1 minuto, preencha os campos brancos e comece a usar. | F3: Dúvidas e sugestões pelo site
B5: COMO USAR ESTE MODELO
B6: 1 Identifique | D6: 2 Cadastre | E6: 3 Preencha | F6: 4 Imprima e revise
B7: Preencha Elaborado e Aprovado logo abaixo. Vai para o cabeçalho de todas as abas. | D7: Na aba Cadastros, lance TAGs, pessoas e setores uma vez. Eles viram as listas ▼. | E7: Use as abas na ordem do passo a passo. Comece por Permissão. | F7: Cada aba sai em uma folha A4. Mudou o modelo? Registre na aba Revisões.
B9: 1 IDENTIFICAÇÃO DO DOCUMENTO · vai para o cabeçalho de todas as abas
B10: Título do documento | D10: Segurança no trabalho | F10: Já vem pronto. Ajuste se quiser.
B11: Objetivo | D11: Liberar serviço de risco com bloqueio, interditar equipamento e acompanhar a segurança do mês
B12: Código do documento | D12: PCM-MAN-007
B13: Elaborado por | F13: ✎ preencha
B14: Aprovado por | F14: ✎ preencha
B15: Revisão atual | D15: =IF(COUNTA(tb_pcm_revisoes_modelo[revisao])=0,"-",INDEX(tb_pcm_revisoes_modelo[revisao],COUNTA(tb_pcm_revisoes_modelo[revisao]))) | F15: automático: aba Revisões
B16: Data da revisão | D16: =IF(COUNTA(tb_pcm_revisoes_modelo[revisao])=0,"",IF(INDEX(tb_pcm_revisoes_modelo[data_revisao],COUNTA(tb_pcm_revisoes_modelo[revisao]))="","",RIGHT("0"&DAY(INDEX(tb_pcm_revisoes_modelo[data_revisao],COUNTA(tb_pcm_revisoes_modelo[revisao]))),2)&"/"&CHOOSE(MONTH(INDEX(tb_pcm_revisoes_modelo[data_revisao],COUNTA(tb_pcm_revisoes_modelo[revisao]))),"Jan","Fev","Mar","Abr","Mai","Jun","Jul","Ago","Set","Out","Nov","Dez")&"/"&YEAR(INDEX(tb_pcm_revisoes_modelo[data_revisao],COUNTA(tb_pcm_revisoes_modelo[revisao]))))) | F16: automático: aba Revisões
B18: 2 PASSO A PASSO · clique no nome da aba para abrir
B19: 1 | C19: Cadastros | D19: Cadastre uma vez TAG, equipamento, família e setor, as pessoas, as famílias de equipamento, os setores. Eles aparecem nas setas ▼ das outras abas.
B20: 2 | C20: Permissão | D20: Antes de serviço de risco: preencha a permissão, marque os bloqueios e colha as assinaturas. Sem liberação, o serviço não começa.
B21: 3 | C21: Etiqueta NÃO OPERAR | D21: Imprima, preencha e fixe no comando do equipamento bloqueado. Só quem colocou retira.
B22: 4 | C22: Cruz de segurança | D22: Escolha o mês e marque cada dia pela pior ocorrência do dia. As cores mostram o mês de relance.
B24: 3 REGRAS RÁPIDAS
B25: ▼ Lista | D25: Clique na célula e escolha na seta. Valor fora da lista é recusado.
B26: Célula branca | D26: Campo para digitar.
B27: Célula cinza | D27: Cálculo automático. Não digite: a fórmula preenche sozinha.
B28: Datas e números | D28: Datas em dd/mm/aaaa; decimais com vírgula. Vazio = sem informação; zero é valor real.
B29: Impressão | D29: Cada aba já está ajustada para uma folha A4. Use Arquivo > Imprimir sem mudar a escala.
D31: SOBRE O PCM DIRETO | F31: pcmdireto.me
D32: Modelos de manutenção prontos para usar, do planejamento ao controle: criticidade, plano, ordem de serviço, indicadores e auditorias. Todos no mesmo padrão, para a equipe aprender uma vez e usar em todos.

Sheet Permissão
B1: ='Leia-me'!$D$10 | E1: ="Rev. "&'Leia-me'!$D$15&" · "&'Leia-me'!$D$16
B2: ="Objetivo: "&'Leia-me'!$D$11 | E2: ="Elaborado: "&'Leia-me'!$D$13&" · Aprovado: "&'Leia-me'!$D$14
A3: Nº da permissão | B3: TAG ▼ | C3: Equipamento | D3: Tipo de trabalho | F3: Status
C4: =IF(B4="","",IFERROR(INDEX(tb_pcm_ativos[descricao_ativo],MATCH(B4,tb_pcm_ativos[tag],0)),"fora do cadastro"))
A6: 1 Serviço o que será feito, por quem e por quanto tempo
A7: Serviço a executar
A10: Executante | D10: Início | E10: Validade até
A13: 2 Bloqueio de energias uma linha por fonte de energia isolada
A14: Energia | B14: Ponto de isolamento | E14: Nº do cadeado | F14: Zerada e testada?
A21: 3 Checklist de segurança responda todos antes de iniciar
A22: Item | F22: Resposta
A23: Energia zero testada no local
A24: Área isolada e sinalizada
A25: EPI conferido e adequado ao risco
A26: Ferramentas e meios de acesso adequados
A27: Vigia ou observador definido, quando exigido
A28: Plano de emergência conhecido pela equipe
A30: 4 Liberação e encerramento a permissão só vale com tudo em Sim
A31: =IF(COUNTIF(F23:F28,"Não")>0,"NÃO INICIAR: há item do checklist em Não",IF(COUNTIF(F15:F19,"Não")>0,"NÃO INICIAR: energia não zerada",IF(COUNTA(A15:A19)=0,"Falta registrar o bloqueio de energias",IF(COUNTA(F23:F28)<6,"Falta responder o checklist ("&COUNTA(F23:F28)&" de 6)","Pode iniciar o serviço"))))
A32: Emitida por | D32: Executante ciente | E32: Encerrada em

Sheet Etiqueta NÃO OPERAR
B1: Etiqueta NÃO OPERAR | D1: ="Rev. "&'Leia-me'!$D$15&" · "&'Leia-me'!$D$16
B2: Objetivo: Interditar o equipamento até o reparo e a liberação | D2: ="Elaborado: "&'Leia-me'!$D$13&" · Aprovado: "&'Leia-me'!$D$14
A3: ⛔ NÃO OPERAR
A4: Equipamento fora de serviço: não ligar, não usar, não energizar.
A5: TAG do equipamento | B5: Equipamento | C5: Local ou linha
B6: =IF(A6="","",IFERROR(INDEX(tb_pcm_ativos[descricao_ativo],MATCH(A6,tb_pcm_ativos[tag],0)),"fora do cadastro"))
A7: Motivo: defeito ou condição insegura
A10: Tipo de risco | C10: Risco se alguém operar
A12: Etiquetado por | C12: Data e hora | D12: Avisado a (supervisor ou manutenção)
A14: Reparo com | C14: Previsão de reparo | D14: Nº da OS
A18: ✂ - - - - - - - - - - - - - - - - - - recorte e dobre aqui: o verso fica atrás - - - - - - - - - - - - - - - - - -
A20: NÃO RETIRE ESTA ETIQUETA
A21: Só uma pessoa autorizada retira a etiqueta, depois de preencher a liberação abaixo.
A22: 1 Reparo feito
A23: O que foi reparado, trocado ou corrigido
A26: Reparado por | C26: Data e hora do reparo
A28: 2 Liberação para uso
A29: Confirmo que o reparo foi feito, o equipamento foi inspecionado e testado e está seguro para voltar a operar.
A30: Liberado por | C30: Cargo | D30: Data e hora da liberação
A32: Assinatura | C32: Observações
A35: =IF(A6="","",IF(AND(A31<>"",ISNUMBER(D31)),"LIBERADO para uso em "&TEXT(D31,"dd/mm/yyyy"),IF(A24<>"","Reparo feito: falta a liberação","FORA DE SERVIÇO")))

Sheet Cruz de segurança
D1: Cruz de segurança | K1: ="Rev. "&'Leia-me'!$D$15&" · "&'Leia-me'!$D$16
D2: Objetivo: Mostrar dia a dia, no calendário em cruz, como foi a segurança do mês | K2: ="Elaborado: "&'Leia-me'!$D$13&" · Aprovado: "&'Leia-me'!$D$14
C3: =IF(AND(ISNUMBER($L$4),ISNUMBER($O$4)),IF(1>DAY(DATE($L$4,$O$4+1,0)),"",1),1) | D3: =IF(AND(ISNUMBER($L$4),ISNUMBER($O$4)),IF(2>DAY(DATE($L$4,$O$4+1,0)),"",2),2) | E3: =IF(AND(ISNUMBER($L$4),ISNUMBER($O$4)),IF(3>DAY(DATE($L$4,$O$4+1,0)),"",3),3) | I3: Área ou equipe | L3: Ano | M3: Mês
C4: =IF(AND(ISNUMBER($L$4),ISNUMBER($O$4)),IF(4>DAY(DATE($L$4,$O$4+1,0)),"",4),4) | D4: =IF(AND(ISNUMBER($L$4),ISNUMBER($O$4)),IF(5>DAY(DATE($L$4,$O$4+1,0)),"",5),5) | E4: =IF(AND(ISNUMBER($L$4),ISNUMBER($O$4)),IF(6>DAY(DATE($L$4,$O$4+1,0)),"",6),6) | O4: =IFERROR(MATCH($M$4,{"Janeiro","Fevereiro","Março","Abril","Maio","Junho","Julho","Agosto","Setembro","Outubro","Novembro","Dezembro"},0),"") | Q4: 1 | R4: =IF(OR(NOT(ISNUMBER($L$4)),NOT(ISNUMBER($O$4))),"",IF(Q4>DAY(DATE($L$4,$O$4+1,0)),"",IF(COUNTIFS($I$13:$I$24,DATE($L$4,$O$4,Q4),$J$13:$J$24,"Acidente com afastamento")>0,"Vermelho",IF(COUNTIFS($I$13:$I$24,DATE($L$4,$O$4,Q4),$J$13:$J$24,"Primeiros socorros")>0,"Amarelo",IF(COUNTIFS($I$13:$I$24,DATE($L$4,$O$4,Q4),$J$13:$J$24,"Quase acidente")>0,"Azul",IF(OR(COUNTIFS($I$13:$I$24,DATE($L$4,$O$4,Q4),$J$13:$J$24,"Não trabalhado")>0,IF($I$6="Segunda a sexta",WEEKDAY(DATE($L$4,$O$4,Q4),2)>5,IF($I$6="Segunda a sábado",WEEKDAY(DATE($L$4,$O$4,Q4),2)>6,FALSE))),"Branco",IF(DATE($L$4,$O$4,Q4)>$L$6,"Futuro","Verde")))))))
A5: =IF(AND(ISNUMBER($L$4),ISNUMBER($O$4)),IF(7>DAY(DATE($L$4,$O$4+1,0)),"",7),7) | B5: =IF(AND(ISNUMBER($L$4),ISNUMBER($O$4)),IF(8>DAY(DATE($L$4,$O$4+1,0)),"",8),8) | C5: =IF(AND(ISNUMBER($L$4),ISNUMBER($O$4)),IF(9>DAY(DATE($L$4,$O$4+1,0)),"",9),9) | D5: =IF(AND(ISNUMBER($L$4),ISNUMBER($O$4)),IF(10>DAY(DATE($L$4,$O$4+1,0)),"",10),10) | E5: =IF(AND(ISNUMBER($L$4),ISNUMBER($O$4)),IF(11>DAY(DATE($L$4,$O$4+1,0)),"",11),11) | F5: =IF(AND(ISNUMBER($L$4),ISNUMBER($O$4)),IF(12>DAY(DATE($L$4,$O$4+1,0)),"",12),12) | G5: =IF(AND(ISNUMBER($L$4),ISNUMBER($O$4)),IF(13>DAY(DATE($L$4,$O$4+1,0)),"",13),13) | I5: Dias de trabalho | K5: Situação até (vazio = hoje) | L5: Dia usado | Q5: 2 | R5: =IF(OR(NOT(ISNUMBER($L$4)),NOT(ISNUMBER($O$4))),"",IF(Q5>DAY(DATE($L$4,$O$4+1,0)),"",IF(COUNTIFS($I$13:$I$24,DATE($L$4,$O$4,Q5),$J$13:$J$24,"Acidente com afastamento")>0,"Vermelho",IF(COUNTIFS($I$13:$I$24,DATE($L$4,$O$4,Q5),$J$13:$J$24,"Primeiros socorros")>0,"Amarelo",IF(COUNTIFS($I$13:$I$24,DATE($L$4,$O$4,Q5),$J$13:$J$24,"Quase acidente")>0,"Azul",IF(OR(COUNTIFS($I$13:$I$24,DATE($L$4,$O$4,Q5),$J$13:$J$24,"Não trabalhado")>0,IF($I$6="Segunda a sexta",WEEKDAY(DATE($L$4,$O$4,Q5),2)>5,IF($I$6="Segunda a sábado",WEEKDAY(DATE($L$4,$O$4,Q5),2)>6,FALSE))),"Branco",IF(DATE($L$4,$O$4,Q5)>$L$6,"Futuro","Verde")))))))
A6: =IF(AND(ISNUMBER($L$4),ISNUMBER($O$4)),IF(14>DAY(DATE($L$4,$O$4+1,0)),"",14),14) | B6: =IF(AND(ISNUMBER($L$4),ISNUMBER($O$4)),IF(15>DAY(DATE($L$4,$O$4+1,0)),"",15),15) | C6: =IF(AND(ISNUMBER($L$4),ISNUMBER($O$4)),IF(16>DAY(DATE($L$4,$O$4+1,0)),"",16),16) | D6: =IF(AND(ISNUMBER($L$4),ISNUMBER($O$4)),IF(17>DAY(DATE($L$4,$O$4+1,0)),"",17),17) | E6: =IF(AND(ISNUMBER($L$4),ISNUMBER($O$4)),IF(18>DAY(DATE($L$4,$O$4+1,0)),"",18),18) | F6: =IF(AND(ISNUMBER($L$4),ISNUMBER($O$4)),IF(19>DAY(DATE($L$4,$O$4+1,0)),"",19),19) | G6: =IF(AND(ISNUMBER($L$4),ISNUMBER($O$4)),IF(20>DAY(DATE($L$4,$O$4+1,0)),"",20),20) | I6: Segunda a sexta | L6: =IF(ISNUMBER(K6),K6,TODAY()) | Q6: 3 | R6: =IF(OR(NOT(ISNUMBER($L$4)),NOT(ISNUMBER($O$4))),"",IF(Q6>DAY(DATE($L$4,$O$4+1,0)),"",IF(COUNTIFS($I$13:$I$24,DATE($L$4,$O$4,Q6),$J$13:$J$24,"Acidente com afastamento")>0,"Vermelho",IF(COUNTIFS($I$13:$I$24,DATE($L$4,$O$4,Q6),$J$13:$J$24,"Primeiros socorros")>0,"Amarelo",IF(COUNTIFS($I$13:$I$24,DATE($L$4,$O$4,Q6),$J$13:$J$24,"Quase acidente")>0,"Azul",IF(OR(COUNTIFS($I$13:$I$24,DATE($L$4,$O$4,Q6),$J$13:$J$24,"Não trabalhado")>0,IF($I$6="Segunda a sexta",WEEKDAY(DATE($L$4,$O$4,Q6),2)>5,IF($I$6="Segunda a sábado",WEEKDAY(DATE($L$4,$O$4,Q6),2)>6,FALSE))),"Branco",IF(DATE($L$4,$O$4,Q6)>$L$6,"Futuro","Verde")))))))
A7: =IF(AND(ISNUMBER($L$4),ISNUMBER($O$4)),IF(21>DAY(DATE($L$4,$O$4+1,0)),"",21),21) | B7: =IF(AND(ISNUMBER($L$4),ISNUMBER($O$4)),IF(22>DAY(DATE($L$4,$O$4+1,0)),"",22),22) | C7: =IF(AND(ISNUMBER($L$4),ISNUMBER($O$4)),IF(23>DAY(DATE($L$4,$O$4+1,0)),"",23),23) | D7: =IF(AND(ISNUMBER($L$4),ISNUMBER($O$4)),IF(24>DAY(DATE($L$4,$O$4+1,0)),"",24),24) | E7: =IF(AND(ISNUMBER($L$4),ISNUMBER($O$4)),IF(25>DAY(DATE($L$4,$O$4+1,0)),"",25),25) | F7: =IF(AND(ISNUMBER($L$4),ISNUMBER($O$4)),IF(26>DAY(DATE($L$4,$O$4+1,0)),"",26),26) | G7: =IF(AND(ISNUMBER($L$4),ISNUMBER($O$4)),IF(27>DAY(DATE($L$4,$O$4+1,0)),"",27),27) | I7: ● Verde: dia seguro ● Azul: quase acidente ● Amarelo: primeiros socorros ● Vermelho: com afastamento ● Branco: não trabalhado | Q7: 4 | R7: =IF(OR(NOT(ISNUMBER($L$4)),NOT(ISNUMBER($O$4))),"",IF(Q7>DAY(DATE($L$4,$O$4+1,0)),"",IF(COUNTIFS($I$13:$I$24,DATE($L$4,$O$4,Q7),$J$13:$J$24,"Acidente com afastamento")>0,"Vermelho",IF(COUNTIFS($I$13:$I$24,DATE($L$4,$O$4,Q7),$J$13:$J$24,"Primeiros socorros")>0,"Amarelo",IF(COUNTIFS($I$13:$I$24,DATE($L$4,$O$4,Q7),$J$13:$J$24,"Quase acidente")>0,"Azul",IF(OR(COUNTIFS($I$13:$I$24,DATE($L$4,$O$4,Q7),$J$13:$J$24,"Não trabalhado")>0,IF($I$6="Segunda a sexta",WEEKDAY(DATE($L$4,$O$4,Q7),2)>5,IF($I$6="Segunda a sábado",WEEKDAY(DATE($L$4,$O$4,Q7),2)>6,FALSE))),"Branco",IF(DATE($L$4,$O$4,Q7)>$L$6,"Futuro","Verde")))))))
C8: =IF(AND(ISNUMBER($L$4),ISNUMBER($O$4)),IF(28>DAY(DATE($L$4,$O$4+1,0)),"",28),28) | D8: =IF(AND(ISNUMBER($L$4),ISNUMBER($O$4)),IF(29>DAY(DATE($L$4,$O$4+1,0)),"",29),29) | E8: =IF(AND(ISNUMBER($L$4),ISNUMBER($O$4)),IF(30>DAY(DATE($L$4,$O$4+1,0)),"",30),30) | Q8: 5 | R8: =IF(OR(NOT(ISNUMBER($L$4)),NOT(ISNUMBER($O$4))),"",IF(Q8>DAY(DATE($L$4,$O$4+1,0)),"",IF(COUNTIFS($I$13:$I$24,DATE($L$4,$O$4,Q8),$J$13:$J$24,"Acidente com afastamento")>0,"Vermelho",IF(COUNTIFS($I$13:$I$24,DATE($L$4,$O$4,Q8),$J$13:$J$24,"Primeiros socorros")>0,"Amarelo",IF(COUNTIFS($I$13:$I$24,DATE($L$4,$O$4,Q8),$J$13:$J$24,"Quase acidente")>0,"Azul",IF(OR(COUNTIFS($I$13:$I$24,DATE($L$4,$O$4,Q8),$J$13:$J$24,"Não trabalhado")>0,IF($I$6="Segunda a sexta",WEEKDAY(DATE($L$4,$O$4,Q8),2)>5,IF($I$6="Segunda a sábado",WEEKDAY(DATE($L$4,$O$4,Q8),2)>6,FALSE))),"Branco",IF(DATE($L$4,$O$4,Q8)>$L$6,"Futuro","Verde")))))))
D9: =IF(AND(ISNUMBER($L$4),ISNUMBER($O$4)),IF(31>DAY(DATE($L$4,$O$4+1,0)),"",31),31) | Q9: 6 | R9: =IF(OR(NOT(ISNUMBER($L$4)),NOT(ISNUMBER($O$4))),"",IF(Q9>DAY(DATE($L$4,$O$4+1,0)),"",IF(COUNTIFS($I$13:$I$24,DATE($L$4,$O$4,Q9),$J$13:$J$24,"Acidente com afastamento")>0,"Vermelho",IF(COUNTIFS($I$13:$I$24,DATE($L$4,$O$4,Q9),$J$13:$J$24,"Primeiros socorros")>0,"Amarelo",IF(COUNTIFS($I$13:$I$24,DATE($L$4,$O$4,Q9),$J$13:$J$24,"Quase acidente")>0,"Azul",IF(OR(COUNTIFS($I$13:$I$24,DATE($L$4,$O$4,Q9),$J$13:$J$24,"Não trabalhado")>0,IF($I$6="Segunda a sexta",WEEKDAY(DATE($L$4,$O$4,Q9),2)>5,IF($I$6="Segunda a sábado",WEEKDAY(DATE($L$4,$O$4,Q9),2)>6,FALSE))),"Branco",IF(DATE($L$4,$O$4,Q9)>$L$6,"Futuro","Verde")))))))
Q10: 7 | R10: =IF(OR(NOT(ISNUMBER($L$4)),NOT(ISNUMBER($O$4))),"",IF(Q10>DAY(DATE($L$4,$O$4+1,0)),"",IF(COUNTIFS($I$13:$I$24,DATE($L$4,$O$4,Q10),$J$13:$J$24,"Acidente com afastamento")>0,"Vermelho",IF(COUNTIFS($I$13:$I$24,DATE($L$4,$O$4,Q10),$J$13:$J$24,"Primeiros socorros")>0,"Amarelo",IF(COUNTIFS($I$13:$I$24,DATE($L$4,$O$4,Q10),$J$13:$J$24,"Quase acidente")>0,"Azul",IF(OR(COUNTIFS($I$13:$I$24,DATE($L$4,$O$4,Q10),$J$13:$J$24,"Não trabalhado")>0,IF($I$6="Segunda a sexta",WEEKDAY(DATE($L$4,$O$4,Q10),2)>5,IF($I$6="Segunda a sábado",WEEKDAY(DATE($L$4,$O$4,Q10),2)>6,FALSE))),"Branco",IF(DATE($L$4,$O$4,Q10)>$L$6,"Futuro","Verde")))))))
A11: Este mês dias por cor | I11: Registro de eventos um por linha; dia sem evento fica verde | Q11: 8 | R11: =IF(OR(NOT(ISNUMBER($L$4)),NOT(ISNUMBER($O$4))),"",IF(Q11>DAY(DATE($L$4,$O$4+1,0)),"",IF(COUNTIFS($I$13:$I$24,DATE($L$4,$O$4,Q11),$J$13:$J$24,"Acidente com afastamento")>0,"Vermelho",IF(COUNTIFS($I$13:$I$24,DATE($L$4,$O$4,Q11),$J$13:$J$24,"Primeiros socorros")>0,"Amarelo",IF(COUNTIFS($I$13:$I$24,DATE($L$4,$O$4,Q11),$J$13:$J$24,"Quase acidente")>0,"Azul",IF(OR(COUNTIFS($I$13:$I$24,DATE($L$4,$O$4,Q11),$J$13:$J$24,"Não trabalhado")>0,IF($I$6="Segunda a sexta",WEEKDAY(DATE($L$4,$O$4,Q11),2)>5,IF($I$6="Segunda a sábado",WEEKDAY(DATE($L$4,$O$4,Q11),2)>6,FALSE))),"Branco",IF(DATE($L$4,$O$4,Q11)>$L$6,"Futuro","Verde")))))))
A12: ● Dias verdes (seguros) | F12: =COUNTIF($R$4:$R$34,"Verde") | I12: Data | J12: Categoria | K12: O que aconteceu | L12: Nº do relatório | Q12: 9 | R12: =IF(OR(NOT(ISNUMBER($L$4)),NOT(ISNUMBER($O$4))),"",IF(Q12>DAY(DATE($L$4,$O$4+1,0)),"",IF(COUNTIFS($I$13:$I$24,DATE($L$4,$O$4,Q12),$J$13:$J$24,"Acidente com afastamento")>0,"Vermelho",IF(COUNTIFS($I$13:$I$24,DATE($L$4,$O$4,Q12),$J$13:$J$24,"Primeiros socorros")>0,"Amarelo",IF(COUNTIFS($I$13:$I$24,DATE($L$4,$O$4,Q12),$J$13:$J$24,"Quase acidente")>0,"Azul",IF(OR(COUNTIFS($I$13:$I$24,DATE($L$4,$O$4,Q12),$J$13:$J$24,"Não trabalhado")>0,IF($I$6="Segunda a sexta",WEEKDAY(DATE($L$4,$O$4,Q12),2)>5,IF($I$6="Segunda a sábado",WEEKDAY(DATE($L$4,$O$4,Q12),2)>6,FALSE))),"Branco",IF(DATE($L$4,$O$4,Q12)>$L$6,"Futuro","Verde")))))))
A13: ● Dias azuis (quase acidente) | F13: =COUNTIF($R$4:$R$34,"Azul") | Q13: 10 | R13: =IF(OR(NOT(ISNUMBER($L$4)),NOT(ISNUMBER($O$4))),"",IF(Q13>DAY(DATE($L$4,$O$4+1,0)),"",IF(COUNTIFS($I$13:$I$24,DATE($L$4,$O$4,Q13),$J$13:$J$24,"Acidente com afastamento")>0,"Vermelho",IF(COUNTIFS($I$13:$I$24,DATE($L$4,$O$4,Q13),$J$13:$J$24,"Primeiros socorros")>0,"Amarelo",IF(COUNTIFS($I$13:$I$24,DATE($L$4,$O$4,Q13),$J$13:$J$24,"Quase acidente")>0,"Azul",IF(OR(COUNTIFS($I$13:$I$24,DATE($L$4,$O$4,Q13),$J$13:$J$24,"Não trabalhado")>0,IF($I$6="Segunda a sexta",WEEKDAY(DATE($L$4,$O$4,Q13),2)>5,IF($I$6="Segunda a sábado",WEEKDAY(DATE($L$4,$O$4,Q13),2)>6,FALSE))),"Branco",IF(DATE($L$4,$O$4,Q13)>$L$6,"Futuro","Verde")))))))
A14: ● Dias amarelos (primeiros socorros) | F14: =COUNTIF($R$4:$R$34,"Amarelo") | Q14: 11 | R14: =IF(OR(NOT(ISNUMBER($L$4)),NOT(ISNUMBER($O$4))),"",IF(Q14>DAY(DATE($L$4,$O$4+1,0)),"",IF(COUNTIFS($I$13:$I$24,DATE($L$4,$O$4,Q14),$J$13:$J$24,"Acidente com afastamento")>0,"Vermelho",IF(COUNTIFS($I$13:$I$24,DATE($L$4,$O$4,Q14),$J$13:$J$24,"Primeiros socorros")>0,"Amarelo",IF(COUNTIFS($I$13:$I$24,DATE($L$4,$O$4,Q14),$J$13:$J$24,"Quase acidente")>0,"Azul",IF(OR(COUNTIFS($I$13:$I$24,DATE($L$4,$O$4,Q14),$J$13:$J$24,"Não trabalhado")>0,IF($I$6="Segunda a sexta",WEEKDAY(DATE($L$4,$O$4,Q14),2)>5,IF($I$6="Segunda a sábado",WEEKDAY(DATE($L$4,$O$4,Q14),2)>6,FALSE))),"Branco",IF(DATE($L$4,$O$4,Q14)>$L$6,"Futuro","Verde")))))))
A15: ● Dias vermelhos (com afastamento) | F15: =COUNTIF($R$4:$R$34,"Vermelho") | Q15: 12 | R15: =IF(OR(NOT(ISNUMBER($L$4)),NOT(ISNUMBER($O$4))),"",IF(Q15>DAY(DATE($L$4,$O$4+1,0)),"",IF(COUNTIFS($I$13:$I$24,DATE($L$4,$O$4,Q15),$J$13:$J$24,"Acidente com afastamento")>0,"Vermelho",IF(COUNTIFS($I$13:$I$24,DATE($L$4,$O$4,Q15),$J$13:$J$24,"Primeiros socorros")>0,"Amarelo",IF(COUNTIFS($I$13:$I$24,DATE($L$4,$O$4,Q15),$J$13:$J$24,"Quase acidente")>0,"Azul",IF(OR(COUNTIFS($I$13:$I$24,DATE($L$4,$O$4,Q15),$J$13:$J$24,"Não trabalhado")>0,IF($I$6="Segunda a sexta",WEEKDAY(DATE($L$4,$O$4,Q15),2)>5,IF($I$6="Segunda a sábado",WEEKDAY(DATE($L$4,$O$4,Q15),2)>6,FALSE))),"Branco",IF(DATE($L$4,$O$4,Q15)>$L$6,"Futuro","Verde")))))))
A16: ● Dias não trabalhados | F16: =COUNTIF($R$4:$R$34,"Branco") | Q16: 13 | R16: =IF(OR(NOT(ISNUMBER($L$4)),NOT(ISNUMBER($O$4))),"",IF(Q16>DAY(DATE($L$4,$O$4+1,0)),"",IF(COUNTIFS($I$13:$I$24,DATE($L$4,$O$4,Q16),$J$13:$J$24,"Acidente com afastamento")>0,"Vermelho",IF(COUNTIFS($I$13:$I$24,DATE($L$4,$O$4,Q16),$J$13:$J$24,"Primeiros socorros")>0,"Amarelo",IF(COUNTIFS($I$13:$I$24,DATE($L$4,$O$4,Q16),$J$13:$J$24,"Quase acidente")>0,"Azul",IF(OR(COUNTIFS($I$13:$I$24,DATE($L$4,$O$4,Q16),$J$13:$J$24,"Não trabalhado")>0,IF($I$6="Segunda a sexta",WEEKDAY(DATE($L$4,$O$4,Q16),2)>5,IF($I$6="Segunda a sábado",WEEKDAY(DATE($L$4,$O$4,Q16),2)>6,FALSE))),"Branco",IF(DATE($L$4,$O$4,Q16)>$L$6,"Futuro","Verde")))))))
A17: ● Dias trabalhados | F17: =COUNTIF($R$4:$R$34,"Verde")+COUNTIF($R$4:$R$34,"Azul")+COUNTIF($R$4:$R$34,"Amarelo")+COUNTIF($R$4:$R$34,"Vermelho") | Q17: 14 | R17: =IF(OR(NOT(ISNUMBER($L$4)),NOT(ISNUMBER($O$4))),"",IF(Q17>DAY(DATE($L$4,$O$4+1,0)),"",IF(COUNTIFS($I$13:$I$24,DATE($L$4,$O$4,Q17),$J$13:$J$24,"Acidente com afastamento")>0,"Vermelho",IF(COUNTIFS($I$13:$I$24,DATE($L$4,$O$4,Q17),$J$13:$J$24,"Primeiros socorros")>0,"Amarelo",IF(COUNTIFS($I$13:$I$24,DATE($L$4,$O$4,Q17),$J$13:$J$24,"Quase acidente")>0,"Azul",IF(OR(COUNTIFS($I$13:$I$24,DATE($L$4,$O$4,Q17),$J$13:$J$24,"Não trabalhado")>0,IF($I$6="Segunda a sexta",WEEKDAY(DATE($L$4,$O$4,Q17),2)>5,IF($I$6="Segunda a sábado",WEEKDAY(DATE($L$4,$O$4,Q17),2)>6,FALSE))),"Branco",IF(DATE($L$4,$O$4,Q17)>$L$6,"Futuro","Verde")))))))
A18: ● % de dias seguros (verdes) | F18: =IF(F17>0,F12/F17,"") | Q18: 15 | R18: =IF(OR(NOT(ISNUMBER($L$4)),NOT(ISNUMBER($O$4))),"",IF(Q18>DAY(DATE($L$4,$O$4+1,0)),"",IF(COUNTIFS($I$13:$I$24,DATE($L$4,$O$4,Q18),$J$13:$J$24,"Acidente com afastamento")>0,"Vermelho",IF(COUNTIFS($I$13:$I$24,DATE($L$4,$O$4,Q18),$J$13:$J$24,"Primeiros socorros")>0,"Amarelo",IF(COUNTIFS($I$13:$I$24,DATE($L$4,$O$4,Q18),$J$13:$J$24,"Quase acidente")>0,"Azul",IF(OR(COUNTIFS($I$13:$I$24,DATE($L$4,$O$4,Q18),$J$13:$J$24,"Não trabalhado")>0,IF($I$6="Segunda a sexta",WEEKDAY(DATE($L$4,$O$4,Q18),2)>5,IF($I$6="Segunda a sábado",WEEKDAY(DATE($L$4,$O$4,Q18),2)>6,FALSE))),"Branco",IF(DATE($L$4,$O$4,Q18)>$L$6,"Futuro","Verde")))))))
A19: Dias desde o último acidente com afastamento | Q19: 16 | R19: =IF(OR(NOT(ISNUMBER($L$4)),NOT(ISNUMBER($O$4))),"",IF(Q19>DAY(DATE($L$4,$O$4+1,0)),"",IF(COUNTIFS($I$13:$I$24,DATE($L$4,$O$4,Q19),$J$13:$J$24,"Acidente com afastamento")>0,"Vermelho",IF(COUNTIFS($I$13:$I$24,DATE($L$4,$O$4,Q19),$J$13:$J$24,"Primeiros socorros")>0,"Amarelo",IF(COUNTIFS($I$13:$I$24,DATE($L$4,$O$4,Q19),$J$13:$J$24,"Quase acidente")>0,"Azul",IF(OR(COUNTIFS($I$13:$I$24,DATE($L$4,$O$4,Q19),$J$13:$J$24,"Não trabalhado")>0,IF($I$6="Segunda a sexta",WEEKDAY(DATE($L$4,$O$4,Q19),2)>5,IF($I$6="Segunda a sábado",WEEKDAY(DATE($L$4,$O$4,Q19),2)>6,FALSE))),"Branco",IF(DATE($L$4,$O$4,Q19)>$L$6,"Futuro","Verde")))))))
A20: =IF(SUMPRODUCT(MAX(($J$13:$J$24="Acidente com afastamento")*$I$13:$I$24))=0,"Nenhum registrado",MAX(0,$L$6-SUMPRODUCT(MAX(($J$13:$J$24="Acidente com afastamento")*$I$13:$I$24)))) | Q20: 17 | R20: =IF(OR(NOT(ISNUMBER($L$4)),NOT(ISNUMBER($O$4))),"",IF(Q20>DAY(DATE($L$4,$O$4+1,0)),"",IF(COUNTIFS($I$13:$I$24,DATE($L$4,$O$4,Q20),$J$13:$J$24,"Acidente com afastamento")>0,"Vermelho",IF(COUNTIFS($I$13:$I$24,DATE($L$4,$O$4,Q20),$J$13:$J$24,"Primeiros socorros")>0,"Amarelo",IF(COUNTIFS($I$13:$I$24,DATE($L$4,$O$4,Q20),$J$13:$J$24,"Quase acidente")>0,"Azul",IF(OR(COUNTIFS($I$13:$I$24,DATE($L$4,$O$4,Q20),$J$13:$J$24,"Não trabalhado")>0,IF($I$6="Segunda a sexta",WEEKDAY(DATE($L$4,$O$4,Q20),2)>5,IF($I$6="Segunda a sábado",WEEKDAY(DATE($L$4,$O$4,Q20),2)>6,FALSE))),"Branco",IF(DATE($L$4,$O$4,Q20)>$L$6,"Futuro","Verde")))))))
Q21: 18 | R21: =IF(OR(NOT(ISNUMBER($L$4)),NOT(ISNUMBER($O$4))),"",IF(Q21>DAY(DATE($L$4,$O$4+1,0)),"",IF(COUNTIFS($I$13:$I$24,DATE($L$4,$O$4,Q21),$J$13:$J$24,"Acidente com afastamento")>0,"Vermelho",IF(COUNTIFS($I$13:$I$24,DATE($L$4,$O$4,Q21),$J$13:$J$24,"Primeiros socorros")>0,"Amarelo",IF(COUNTIFS($I$13:$I$24,DATE($L$4,$O$4,Q21),$J$13:$J$24,"Quase acidente")>0,"Azul",IF(OR(COUNTIFS($I$13:$I$24,DATE($L$4,$O$4,Q21),$J$13:$J$24,"Não trabalhado")>0,IF($I$6="Segunda a sexta",WEEKDAY(DATE($L$4,$O$4,Q21),2)>5,IF($I$6="Segunda a sábado",WEEKDAY(DATE($L$4,$O$4,Q21),2)>6,FALSE))),"Branco",IF(DATE($L$4,$O$4,Q21)>$L$6,"Futuro","Verde")))))))
Q22: 19 | R22: =IF(OR(NOT(ISNUMBER($L$4)),NOT(ISNUMBER($O$4))),"",IF(Q22>DAY(DATE($L$4,$O$4+1,0)),"",IF(COUNTIFS($I$13:$I$24,DATE($L$4,$O$4,Q22),$J$13:$J$24,"Acidente com afastamento")>0,"Vermelho",IF(COUNTIFS($I$13:$I$24,DATE($L$4,$O$4,Q22),$J$13:$J$24,"Primeiros socorros")>0,"Amarelo",IF(COUNTIFS($I$13:$I$24,DATE($L$4,$O$4,Q22),$J$13:$J$24,"Quase acidente")>0,"Azul",IF(OR(COUNTIFS($I$13:$I$24,DATE($L$4,$O$4,Q22),$J$13:$J$24,"Não trabalhado")>0,IF($I$6="Segunda a sexta",WEEKDAY(DATE($L$4,$O$4,Q22),2)>5,IF($I$6="Segunda a sábado",WEEKDAY(DATE($L$4,$O$4,Q22),2)>6,FALSE))),"Branco",IF(DATE($L$4,$O$4,Q22)>$L$6,"Futuro","Verde")))))))
Q23: 20 | R23: =IF(OR(NOT(ISNUMBER($L$4)),NOT(ISNUMBER($O$4))),"",IF(Q23>DAY(DATE($L$4,$O$4+1,0)),"",IF(COUNTIFS($I$13:$I$24,DATE($L$4,$O$4,Q23),$J$13:$J$24,"Acidente com afastamento")>0,"Vermelho",IF(COUNTIFS($I$13:$I$24,DATE($L$4,$O$4,Q23),$J$13:$J$24,"Primeiros socorros")>0,"Amarelo",IF(COUNTIFS($I$13:$I$24,DATE($L$4,$O$4,Q23),$J$13:$J$24,"Quase acidente")>0,"Azul",IF(OR(COUNTIFS($I$13:$I$24,DATE($L$4,$O$4,Q23),$J$13:$J$24,"Não trabalhado")>0,IF($I$6="Segunda a sexta",WEEKDAY(DATE($L$4,$O$4,Q23),2)>5,IF($I$6="Segunda a sábado",WEEKDAY(DATE($L$4,$O$4,Q23),2)>6,FALSE))),"Branco",IF(DATE($L$4,$O$4,Q23)>$L$6,"Futuro","Verde")))))))
Q24: 21 | R24: =IF(OR(NOT(ISNUMBER($L$4)),NOT(ISNUMBER($O$4))),"",IF(Q24>DAY(DATE($L$4,$O$4+1,0)),"",IF(COUNTIFS($I$13:$I$24,DATE($L$4,$O$4,Q24),$J$13:$J$24,"Acidente com afastamento")>0,"Vermelho",IF(COUNTIFS($I$13:$I$24,DATE($L$4,$O$4,Q24),$J$13:$J$24,"Primeiros socorros")>0,"Amarelo",IF(COUNTIFS($I$13:$I$24,DATE($L$4,$O$4,Q24),$J$13:$J$24,"Quase acidente")>0,"Azul",IF(OR(COUNTIFS($I$13:$I$24,DATE($L$4,$O$4,Q24),$J$13:$J$24,"Não trabalhado")>0,IF($I$6="Segunda a sexta",WEEKDAY(DATE($L$4,$O$4,Q24),2)>5,IF($I$6="Segunda a sábado",WEEKDAY(DATE($L$4,$O$4,Q24),2)>6,FALSE))),"Branco",IF(DATE($L$4,$O$4,Q24)>$L$6,"Futuro","Verde")))))))
Q25: 22 | R25: =IF(OR(NOT(ISNUMBER($L$4)),NOT(ISNUMBER($O$4))),"",IF(Q25>DAY(DATE($L$4,$O$4+1,0)),"",IF(COUNTIFS($I$13:$I$24,DATE($L$4,$O$4,Q25),$J$13:$J$24,"Acidente com afastamento")>0,"Vermelho",IF(COUNTIFS($I$13:$I$24,DATE($L$4,$O$4,Q25),$J$13:$J$24,"Primeiros socorros")>0,"Amarelo",IF(COUNTIFS($I$13:$I$24,DATE($L$4,$O$4,Q25),$J$13:$J$24,"Quase acidente")>0,"Azul",IF(OR(COUNTIFS($I$13:$I$24,DATE($L$4,$O$4,Q25),$J$13:$J$24,"Não trabalhado")>0,IF($I$6="Segunda a sexta",WEEKDAY(DATE($L$4,$O$4,Q25),2)>5,IF($I$6="Segunda a sábado",WEEKDAY(DATE($L$4,$O$4,Q25),2)>6,FALSE))),"Branco",IF(DATE($L$4,$O$4,Q25)>$L$6,"Futuro","Verde")))))))
Q26: 23 | R26: =IF(OR(NOT(ISNUMBER($L$4)),NOT(ISNUMBER($O$4))),"",IF(Q26>DAY(DATE($L$4,$O$4+1,0)),"",IF(COUNTIFS($I$13:$I$24,DATE($L$4,$O$4,Q26),$J$13:$J$24,"Acidente com afastamento")>0,"Vermelho",IF(COUNTIFS($I$13:$I$24,DATE($L$4,$O$4,Q26),$J$13:$J$24,"Primeiros socorros")>0,"Amarelo",IF(COUNTIFS($I$13:$I$24,DATE($L$4,$O$4,Q26),$J$13:$J$24,"Quase acidente")>0,"Azul",IF(OR(COUNTIFS($I$13:$I$24,DATE($L$4,$O$4,Q26),$J$13:$J$24,"Não trabalhado")>0,IF($I$6="Segunda a sexta",WEEKDAY(DATE($L$4,$O$4,Q26),2)>5,IF($I$6="Segunda a sábado",WEEKDAY(DATE($L$4,$O$4,Q26),2)>6,FALSE))),"Branco",IF(DATE($L$4,$O$4,Q26)>$L$6,"Futuro","Verde")))))))
Q27: 24 | R27: =IF(OR(NOT(ISNUMBER($L$4)),NOT(ISNUMBER($O$4))),"",IF(Q27>DAY(DATE($L$4,$O$4+1,0)),"",IF(COUNTIFS($I$13:$I$24,DATE($L$4,$O$4,Q27),$J$13:$J$24,"Acidente com afastamento")>0,"Vermelho",IF(COUNTIFS($I$13:$I$24,DATE($L$4,$O$4,Q27),$J$13:$J$24,"Primeiros socorros")>0,"Amarelo",IF(COUNTIFS($I$13:$I$24,DATE($L$4,$O$4,Q27),$J$13:$J$24,"Quase acidente")>0,"Azul",IF(OR(COUNTIFS($I$13:$I$24,DATE($L$4,$O$4,Q27),$J$13:$J$24,"Não trabalhado")>0,IF($I$6="Segunda a sexta",WEEKDAY(DATE($L$4,$O$4,Q27),2)>5,IF($I$6="Segunda a sábado",WEEKDAY(DATE($L$4,$O$4,Q27),2)>6,FALSE))),"Branco",IF(DATE($L$4,$O$4,Q27)>$L$6,"Futuro","Verde")))))))
Q28: 25 | R28: =IF(OR(NOT(ISNUMBER($L$4)),NOT(ISNUMBER($O$4))),"",IF(Q28>DAY(DATE($L$4,$O$4+1,0)),"",IF(COUNTIFS($I$13:$I$24,DATE($L$4,$O$4,Q28),$J$13:$J$24,"Acidente com afastamento")>0,"Vermelho",IF(COUNTIFS($I$13:$I$24,DATE($L$4,$O$4,Q28),$J$13:$J$24,"Primeiros socorros")>0,"Amarelo",IF(COUNTIFS($I$13:$I$24,DATE($L$4,$O$4,Q28),$J$13:$J$24,"Quase acidente")>0,"Azul",IF(OR(COUNTIFS($I$13:$I$24,DATE($L$4,$O$4,Q28),$J$13:$J$24,"Não trabalhado")>0,IF($I$6="Segunda a sexta",WEEKDAY(DATE($L$4,$O$4,Q28),2)>5,IF($I$6="Segunda a sábado",WEEKDAY(DATE($L$4,$O$4,Q28),2)>6,FALSE))),"Branco",IF(DATE($L$4,$O$4,Q28)>$L$6,"Futuro","Verde")))))))
Q29: 26 | R29: =IF(OR(NOT(ISNUMBER($L$4)),NOT(ISNUMBER($O$4))),"",IF(Q29>DAY(DATE($L$4,$O$4+1,0)),"",IF(COUNTIFS($I$13:$I$24,DATE($L$4,$O$4,Q29),$J$13:$J$24,"Acidente com afastamento")>0,"Vermelho",IF(COUNTIFS($I$13:$I$24,DATE($L$4,$O$4,Q29),$J$13:$J$24,"Primeiros socorros")>0,"Amarelo",IF(COUNTIFS($I$13:$I$24,DATE($L$4,$O$4,Q29),$J$13:$J$24,"Quase acidente")>0,"Azul",IF(OR(COUNTIFS($I$13:$I$24,DATE($L$4,$O$4,Q29),$J$13:$J$24,"Não trabalhado")>0,IF($I$6="Segunda a sexta",WEEKDAY(DATE($L$4,$O$4,Q29),2)>5,IF($I$6="Segunda a sábado",WEEKDAY(DATE($L$4,$O$4,Q29),2)>6,FALSE))),"Branco",IF(DATE($L$4,$O$4,Q29)>$L$6,"Futuro","Verde")))))))
Q30: 27 | R30: =IF(OR(NOT(ISNUMBER($L$4)),NOT(ISNUMBER($O$4))),"",IF(Q30>DAY(DATE($L$4,$O$4+1,0)),"",IF(COUNTIFS($I$13:$I$24,DATE($L$4,$O$4,Q30),$J$13:$J$24,"Acidente com afastamento")>0,"Vermelho",IF(COUNTIFS($I$13:$I$24,DATE($L$4,$O$4,Q30),$J$13:$J$24,"Primeiros socorros")>0,"Amarelo",IF(COUNTIFS($I$13:$I$24,DATE($L$4,$O$4,Q30),$J$13:$J$24,"Quase acidente")>0,"Azul",IF(OR(COUNTIFS($I$13:$I$24,DATE($L$4,$O$4,Q30),$J$13:$J$24,"Não trabalhado")>0,IF($I$6="Segunda a sexta",WEEKDAY(DATE($L$4,$O$4,Q30),2)>5,IF($I$6="Segunda a sábado",WEEKDAY(DATE($L$4,$O$4,Q30),2)>6,FALSE))),"Branco",IF(DATE($L$4,$O$4,Q30)>$L$6,"Futuro","Verde")))))))
Q31: 28 | R31: =IF(OR(NOT(ISNUMBER($L$4)),NOT(ISNUMBER($O$4))),"",IF(Q31>DAY(DATE($L$4,$O$4+1,0)),"",IF(COUNTIFS($I$13:$I$24,DATE($L$4,$O$4,Q31),$J$13:$J$24,"Acidente com afastamento")>0,"Vermelho",IF(COUNTIFS($I$13:$I$24,DATE($L$4,$O$4,Q31),$J$13:$J$24,"Primeiros socorros")>0,"Amarelo",IF(COUNTIFS($I$13:$I$24,DATE($L$4,$O$4,Q31),$J$13:$J$24,"Quase acidente")>0,"Azul",IF(OR(COUNTIFS($I$13:$I$24,DATE($L$4,$O$4,Q31),$J$13:$J$24,"Não trabalhado")>0,IF($I$6="Segunda a sexta",WEEKDAY(DATE($L$4,$O$4,Q31),2)>5,IF($I$6="Segunda a sábado",WEEKDAY(DATE($L$4,$O$4,Q31),2)>6,FALSE))),"Branco",IF(DATE($L$4,$O$4,Q31)>$L$6,"Futuro","Verde")))))))
Q32: 29 | R32: =IF(OR(NOT(ISNUMBER($L$4)),NOT(ISNUMBER($O$4))),"",IF(Q32>DAY(DATE($L$4,$O$4+1,0)),"",IF(COUNTIFS($I$13:$I$24,DATE($L$4,$O$4,Q32),$J$13:$J$24,"Acidente com afastamento")>0,"Vermelho",IF(COUNTIFS($I$13:$I$24,DATE($L$4,$O$4,Q32),$J$13:$J$24,"Primeiros socorros")>0,"Amarelo",IF(COUNTIFS($I$13:$I$24,DATE($L$4,$O$4,Q32),$J$13:$J$24,"Quase acidente")>0,"Azul",IF(OR(COUNTIFS($I$13:$I$24,DATE($L$4,$O$4,Q32),$J$13:$J$24,"Não trabalhado")>0,IF($I$6="Segunda a sexta",WEEKDAY(DATE($L$4,$O$4,Q32),2)>5,IF($I$6="Segunda a sábado",WEEKDAY(DATE($L$4,$O$4,Q32),2)>6,FALSE))),"Branco",IF(DATE($L$4,$O$4,Q32)>$L$6,"Futuro","Verde")))))))
... Q34: 31 | R34: =IF(OR(NOT(ISNUMBER($L$4)),NOT(ISNUMBER($O$4))),"",IF(Q34>DAY(DATE($L$4,$O$4+1,0)),"",IF(COUNTIFS($I$13:$I$24,DATE($L$4,$O$4,Q34),$J$13:$J$24,"Acidente com afastamento")>0,"Vermelho",IF(COUNTIFS($I$13:$I$24,DATE($L$4,$O$4,Q34),$J$13:$J$24,"Primeiros socorros")>0,"Amarelo",IF(COUNTIFS($I$13:$I$24,DATE($L$4,$O$4,Q34),$J$13:$J$24,"Quase acidente")>0,"Azul",IF(OR(COUNTIFS($I$13:$I$24,DATE($L$4,$O$4,Q34),$J$13:$J$24,"Não trabalhado")>0,IF($I$6="Segunda a sexta",WEEKDAY(DATE($L$4,$O$4,Q34),2)>5,IF($I$6="Segunda a sábado",WEEKDAY(DATE($L$4,$O$4,Q34),2)>6,FALSE))),"Branco",IF(DATE($L$4,$O$4,Q34)>$L$6,"Futuro","Verde")))))))

Sheet Cadastros
C1: Cadastros | H1: ="Rev. "&'Leia-me'!$D$15&" · "&'Leia-me'!$D$16
C2: Objetivo: Cadastre aqui os itens usados nas listas (▼) das outras abas. | H2: ="Elaborado: "&'Leia-me'!$D$13&" · Aprovado: "&'Leia-me'!$D$14
A3: TAG | B3: Equipamento | C3: Família de equipamento ▼ | D3: Setor ▼ | F3: Responsável | H3: Família de equipamento | J3: Setor
A4: tag | B4: descricao_ativo | C4: familia | D4: setor | F4: nome_pessoa | H4: nome_familia | J4: nome_setor

Sheet Revisões
C1: Revisões | D1: ="Rev. "&'Leia-me'!$D$15&" · "&'Leia-me'!$D$16
C2: Objetivo: Registre cada alteração do modelo; a última linha alimenta Rev. e data do cabeçalho. | D2: ="Elaborado: "&'Leia-me'!$D$13&" · Aprovado: "&'Leia-me'!$D$14
A3: Rev | B3: Data | C3: Descrição da alteração | D3: Elaborado por | E3: Aprovado por
A4: revisao | B4: data_revisao | C4: descricao_alteracao | D4: elaborado_por | E4: aprovado_por
A5: 00 | B5: 46325 | C5: Emissão inicial
