Workbook
Name L_TAGS: tb_pcm_ativos[tag]
Name L_PESSOAS: tb_pcm_pessoas[nome_pessoa]
Name L_SETORES: tb_pcm_setores[nome_setor]
Name L_FAMILIAS: tb_pcm_familias[nome_familia]

Sheet Leia-me
D1: LEIA-ME · GUIA RÁPIDO | F1: Modelos, guias e novidades
D2: PCM-MAN-003 · Planner de manutenção | F2: pcmdireto.me
D3: Leia em 1 minuto, preencha os campos brancos e comece a usar. | F3: Dúvidas e sugestões pelo site
B5: COMO USAR ESTE MODELO
B6: 1 Identifique | D6: 2 Cadastre | E6: 3 Preencha | F6: 4 Imprima e revise
B7: Preencha Elaborado e Aprovado logo abaixo. Vai para o cabeçalho de todas as abas. | D7: Na aba Cadastros, lance TAGs, pessoas e setores uma vez. Eles viram as listas ▼. | E7: Use as abas na ordem do passo a passo. Comece por Planner semanal. | F7: Cada aba sai em uma folha A4. Mudou o modelo? Registre na aba Revisões.
B9: 1 IDENTIFICAÇÃO DO DOCUMENTO · vai para o cabeçalho de todas as abas
B10: Título do documento | D10: Planner de manutenção | F10: Já vem pronto. Ajuste se quiser.
B11: Objetivo | D11: Programar as atividades por TAG e acompanhar a execução na semana, no mês e no ano
B12: Código do documento | D12: PCM-MAN-003
B13: Elaborado por | F13: ✎ preencha
B14: Aprovado por | F14: ✎ preencha
B15: Revisão atual | D15: =IF(COUNTA(tb_pcm_revisoes_modelo[revisao])=0,"-",INDEX(tb_pcm_revisoes_modelo[revisao],COUNTA(tb_pcm_revisoes_modelo[revisao]))) | F15: automático: aba Revisões
B16: Data da revisão | D16: =IF(COUNTA(tb_pcm_revisoes_modelo[revisao])=0,"",IF(INDEX(tb_pcm_revisoes_modelo[data_revisao],COUNTA(tb_pcm_revisoes_modelo[revisao]))="","",RIGHT("0"&DAY(INDEX(tb_pcm_revisoes_modelo[data_revisao],COUNTA(tb_pcm_revisoes_modelo[revisao]))),2)&"/"&CHOOSE(MONTH(INDEX(tb_pcm_revisoes_modelo[data_revisao],COUNTA(tb_pcm_revisoes_modelo[revisao]))),"Jan","Fev","Mar","Abr","Mai","Jun","Jul","Ago","Set","Out","Nov","Dez")&"/"&YEAR(INDEX(tb_pcm_revisoes_modelo[data_revisao],COUNTA(tb_pcm_revisoes_modelo[revisao]))))) | F16: automático: aba Revisões
B18: 2 PASSO A PASSO · clique no nome da aba para abrir
B19: 1 | C19: Cadastros | D19: Cadastre uma vez TAG, equipamento, família e setor, as pessoas, as famílias de equipamento, os setores. Eles aparecem nas setas ▼ das outras abas.
B20: 2 | C20: Planner semanal | D20: Programação da semana: escolha o ano e a semana nas setas do topo. Uma linha por atividade: TAG (o equipamento aparece sozinho), atividade e responsável.
B21: 3 | C21: Planner mensal | D21: Programação do mês: escolha o ano e o mês. Os dias que o mês não tem ficam apagados.
B22: 4 | C22: Planner anual | D22: Programação do ano por semana do mês: paradas, preventivas grandes e serviços de terceiros.
B23: 5 | C23: Marcações | D23: Em cada dia ou semana escolha na seta: ● planejado, ✔ realizado, R reprogramado. Plan., Real., % e Situação saem sozinhos.
B25: 3 REGRAS RÁPIDAS
B26: ▼ Lista | D26: Clique na célula e escolha na seta. Valor fora da lista é recusado.
B27: Célula branca | D27: Campo para digitar.
B28: Célula cinza | D28: Cálculo automático. Não digite: a fórmula preenche sozinha.
B29: Datas e números | D29: Datas em dd/mm/aaaa; decimais com vírgula. Vazio = sem informação; zero é valor real.
B30: Impressão | D30: Cada aba já está ajustada para uma folha A4. Use Arquivo > Imprimir sem mudar a escala.
D32: SOBRE O PCM DIRETO | F32: pcmdireto.me
D33: Modelos de manutenção prontos para usar, do planejamento ao controle: criticidade, plano, ordem de serviço, indicadores e auditorias. Todos no mesmo padrão, para a equipe aprender uma vez e usar em todos.

Sheet Planner semanal
D1: ='Leia-me'!$D$10 | N1: ="Rev. "&'Leia-me'!$D$15&" · "&'Leia-me'!$D$16
D2: ="Objetivo: "&'Leia-me'!$D$11 | N2: ="Elaborado: "&'Leia-me'!$D$13&" · Aprovado: "&'Leia-me'!$D$14
A3: Ano ▼ | D3: Semana ▼ | F3: Atividades | H3: Marcações | J3: Realizadas | L3: Reprogramadas | N3: Concluídas | P3: % realizado
F4: =COUNTIF(D10:D39,"?*") | H4: =SUM(M10:M39) | J4: =SUM(N10:N39) | L4: =COUNTIF(F10:L39,"R") | N4: =COUNTIF(P10:P39,"Concluída") | P4: =IF(N(H4)=0,"",J4/H4)
A8: Nº | B8: TAG ▼ | C8: Equipamento | D8: Atividade | E8: Responsável ▼ | F8: SEG | G8: TER | H8: QUA | I8: QUI | J8: SEX | K8: SÁB | L8: DOM | M8: Plan. | N8: Real. | O8: % | P8: Situação
A10: 1 | C10: =IF(B10="","",IFERROR(INDEX(tb_pcm_ativos[descricao_ativo],MATCH(B10,tb_pcm_ativos[tag],0)),"fora do cadastro")) | M10: =IF(COUNTA($F10:$L10)=0,"",COUNTIF($F10:$L10,"●")+COUNTIF($F10:$L10,"✔")+COUNTIF($F10:$L10,"R")) | N10: =IF(M10="","",COUNTIF($F10:$L10,"✔")) | O10: =IF(N(M10)=0,"",N10/M10) | P10: =IF(N(M10)=0,"",IF(N10=M10,"Concluída",IF(COUNTIF($F10:$L10,"R")>0,"Reprogramada",IF(N10>0,"Em andamento","Planejada"))))
A11: 2 | C11: =IF(B11="","",IFERROR(INDEX(tb_pcm_ativos[descricao_ativo],MATCH(B11,tb_pcm_ativos[tag],0)),"fora do cadastro")) | M11: =IF(COUNTA($F11:$L11)=0,"",COUNTIF($F11:$L11,"●")+COUNTIF($F11:$L11,"✔")+COUNTIF($F11:$L11,"R")) | N11: =IF(M11="","",COUNTIF($F11:$L11,"✔")) | O11: =IF(N(M11)=0,"",N11/M11) | P11: =IF(N(M11)=0,"",IF(N11=M11,"Concluída",IF(COUNTIF($F11:$L11,"R")>0,"Reprogramada",IF(N11>0,"Em andamento","Planejada"))))
A12: 3 | C12: =IF(B12="","",IFERROR(INDEX(tb_pcm_ativos[descricao_ativo],MATCH(B12,tb_pcm_ativos[tag],0)),"fora do cadastro")) | M12: =IF(COUNTA($F12:$L12)=0,"",COUNTIF($F12:$L12,"●")+COUNTIF($F12:$L12,"✔")+COUNTIF($F12:$L12,"R")) | N12: =IF(M12="","",COUNTIF($F12:$L12,"✔")) | O12: =IF(N(M12)=0,"",N12/M12) | P12: =IF(N(M12)=0,"",IF(N12=M12,"Concluída",IF(COUNTIF($F12:$L12,"R")>0,"Reprogramada",IF(N12>0,"Em andamento","Planejada"))))
A13: 4 | C13: =IF(B13="","",IFERROR(INDEX(tb_pcm_ativos[descricao_ativo],MATCH(B13,tb_pcm_ativos[tag],0)),"fora do cadastro")) | M13: =IF(COUNTA($F13:$L13)=0,"",COUNTIF($F13:$L13,"●")+COUNTIF($F13:$L13,"✔")+COUNTIF($F13:$L13,"R")) | N13: =IF(M13="","",COUNTIF($F13:$L13,"✔")) | O13: =IF(N(M13)=0,"",N13/M13) | P13: =IF(N(M13)=0,"",IF(N13=M13,"Concluída",IF(COUNTIF($F13:$L13,"R")>0,"Reprogramada",IF(N13>0,"Em andamento","Planejada"))))
A14: 5 | C14: =IF(B14="","",IFERROR(INDEX(tb_pcm_ativos[descricao_ativo],MATCH(B14,tb_pcm_ativos[tag],0)),"fora do cadastro")) | M14: =IF(COUNTA($F14:$L14)=0,"",COUNTIF($F14:$L14,"●")+COUNTIF($F14:$L14,"✔")+COUNTIF($F14:$L14,"R")) | N14: =IF(M14="","",COUNTIF($F14:$L14,"✔")) | O14: =IF(N(M14)=0,"",N14/M14) | P14: =IF(N(M14)=0,"",IF(N14=M14,"Concluída",IF(COUNTIF($F14:$L14,"R")>0,"Reprogramada",IF(N14>0,"Em andamento","Planejada"))))
A15: 6 | C15: =IF(B15="","",IFERROR(INDEX(tb_pcm_ativos[descricao_ativo],MATCH(B15,tb_pcm_ativos[tag],0)),"fora do cadastro")) | M15: =IF(COUNTA($F15:$L15)=0,"",COUNTIF($F15:$L15,"●")+COUNTIF($F15:$L15,"✔")+COUNTIF($F15:$L15,"R")) | N15: =IF(M15="","",COUNTIF($F15:$L15,"✔")) | O15: =IF(N(M15)=0,"",N15/M15) | P15: =IF(N(M15)=0,"",IF(N15=M15,"Concluída",IF(COUNTIF($F15:$L15,"R")>0,"Reprogramada",IF(N15>0,"Em andamento","Planejada"))))
A16: 7 | C16: =IF(B16="","",IFERROR(INDEX(tb_pcm_ativos[descricao_ativo],MATCH(B16,tb_pcm_ativos[tag],0)),"fora do cadastro")) | M16: =IF(COUNTA($F16:$L16)=0,"",COUNTIF($F16:$L16,"●")+COUNTIF($F16:$L16,"✔")+COUNTIF($F16:$L16,"R")) | N16: =IF(M16="","",COUNTIF($F16:$L16,"✔")) | O16: =IF(N(M16)=0,"",N16/M16) | P16: =IF(N(M16)=0,"",IF(N16=M16,"Concluída",IF(COUNTIF($F16:$L16,"R")>0,"Reprogramada",IF(N16>0,"Em andamento","Planejada"))))
A17: 8 | C17: =IF(B17="","",IFERROR(INDEX(tb_pcm_ativos[descricao_ativo],MATCH(B17,tb_pcm_ativos[tag],0)),"fora do cadastro")) | M17: =IF(COUNTA($F17:$L17)=0,"",COUNTIF($F17:$L17,"●")+COUNTIF($F17:$L17,"✔")+COUNTIF($F17:$L17,"R")) | N17: =IF(M17="","",COUNTIF($F17:$L17,"✔")) | O17: =IF(N(M17)=0,"",N17/M17) | P17: =IF(N(M17)=0,"",IF(N17=M17,"Concluída",IF(COUNTIF($F17:$L17,"R")>0,"Reprogramada",IF(N17>0,"Em andamento","Planejada"))))
A18: 9 | C18: =IF(B18="","",IFERROR(INDEX(tb_pcm_ativos[descricao_ativo],MATCH(B18,tb_pcm_ativos[tag],0)),"fora do cadastro")) | M18: =IF(COUNTA($F18:$L18)=0,"",COUNTIF($F18:$L18,"●")+COUNTIF($F18:$L18,"✔")+COUNTIF($F18:$L18,"R")) | N18: =IF(M18="","",COUNTIF($F18:$L18,"✔")) | O18: =IF(N(M18)=0,"",N18/M18) | P18: =IF(N(M18)=0,"",IF(N18=M18,"Concluída",IF(COUNTIF($F18:$L18,"R")>0,"Reprogramada",IF(N18>0,"Em andamento","Planejada"))))
A19: 10 | C19: =IF(B19="","",IFERROR(INDEX(tb_pcm_ativos[descricao_ativo],MATCH(B19,tb_pcm_ativos[tag],0)),"fora do cadastro")) | M19: =IF(COUNTA($F19:$L19)=0,"",COUNTIF($F19:$L19,"●")+COUNTIF($F19:$L19,"✔")+COUNTIF($F19:$L19,"R")) | N19: =IF(M19="","",COUNTIF($F19:$L19,"✔")) | O19: =IF(N(M19)=0,"",N19/M19) | P19: =IF(N(M19)=0,"",IF(N19=M19,"Concluída",IF(COUNTIF($F19:$L19,"R")>0,"Reprogramada",IF(N19>0,"Em andamento","Planejada"))))
A20: 11 | C20: =IF(B20="","",IFERROR(INDEX(tb_pcm_ativos[descricao_ativo],MATCH(B20,tb_pcm_ativos[tag],0)),"fora do cadastro")) | M20: =IF(COUNTA($F20:$L20)=0,"",COUNTIF($F20:$L20,"●")+COUNTIF($F20:$L20,"✔")+COUNTIF($F20:$L20,"R")) | N20: =IF(M20="","",COUNTIF($F20:$L20,"✔")) | O20: =IF(N(M20)=0,"",N20/M20) | P20: =IF(N(M20)=0,"",IF(N20=M20,"Concluída",IF(COUNTIF($F20:$L20,"R")>0,"Reprogramada",IF(N20>0,"Em andamento","Planejada"))))
A21: 12 | C21: =IF(B21="","",IFERROR(INDEX(tb_pcm_ativos[descricao_ativo],MATCH(B21,tb_pcm_ativos[tag],0)),"fora do cadastro")) | M21: =IF(COUNTA($F21:$L21)=0,"",COUNTIF($F21:$L21,"●")+COUNTIF($F21:$L21,"✔")+COUNTIF($F21:$L21,"R")) | N21: =IF(M21="","",COUNTIF($F21:$L21,"✔")) | O21: =IF(N(M21)=0,"",N21/M21) | P21: =IF(N(M21)=0,"",IF(N21=M21,"Concluída",IF(COUNTIF($F21:$L21,"R")>0,"Reprogramada",IF(N21>0,"Em andamento","Planejada"))))
... A39: 30 | C39: =IF(B39="","",IFERROR(INDEX(tb_pcm_ativos[descricao_ativo],MATCH(B39,tb_pcm_ativos[tag],0)),"fora do cadastro")) | M39: =IF(COUNTA($F39:$L39)=0,"",COUNTIF($F39:$L39,"●")+COUNTIF($F39:$L39,"✔")+COUNTIF($F39:$L39,"R")) | N39: =IF(M39="","",COUNTIF($F39:$L39,"✔")) | O39: =IF(N(M39)=0,"",N39/M39) | P39: =IF(N(M39)=0,"",IF(N39=M39,"Concluída",IF(COUNTIF($F39:$L39,"R")>0,"Reprogramada",IF(N39>0,"Em andamento","Planejada"))))
A40: ● planejado ✔ realizado R reprogramado | Escolha a marcação na seta de cada célula. Escolha o ano e a semana no topo.

Sheet Planner mensal
D1: Planner mensal | AJ1: ="Rev. "&'Leia-me'!$D$15&" · "&'Leia-me'!$D$16
D2: Objetivo: Programar o mês dia a dia e acompanhar a execução de cada atividade | AJ2: ="Elaborado: "&'Leia-me'!$D$13&" · Aprovado: "&'Leia-me'!$D$14
A3: Ano ▼ | D3: Mês ▼ | F3: Atividades | M3: Marcações | T3: Realizadas | AA3: Reprogramadas | AH3: Concluídas | AM3: % realizado
F4: =COUNTIF(D10:D39,"?*") | M4: =SUM(AK10:AK39) | T4: =SUM(AL10:AL39) | AA4: =COUNTIF(F10:AJ39,"R") | AH4: =COUNTIF(AN10:AN39,"Concluída") | AM4: =IF(N(M4)=0,"",T4/M4)
A8: Nº | B8: TAG ▼ | C8: Equipamento | D8: Atividade | E8: Responsável ▼ | F8: DIAS DO MÊS | AK8: Plan. | AL8: Real. | AM8: % | AN8: Situação
F9: 1 | G9: 2 | H9: 3 | I9: 4 | J9: 5 | K9: 6 | L9: 7 | M9: 8 | N9: 9 | O9: 10 | P9: 11 | Q9: 12 | R9: 13 | S9: 14 | T9: 15 | U9: 16 | V9: 17 | W9: 18 | X9: 19 | Y9: 20 | Z9: 21 | AA9: 22 | AB9: 23 | AC9: 24 | AD9: 25 | AE9: 26 | AF9: 27 | AG9: 28 | AH9: 29 | AI9: 30 | AJ9: 31
A10: 1 | C10: =IF(B10="","",IFERROR(INDEX(tb_pcm_ativos[descricao_ativo],MATCH(B10,tb_pcm_ativos[tag],0)),"fora do cadastro")) | AK10: =IF(COUNTA($F10:$AJ10)=0,"",COUNTIF($F10:$AJ10,"●")+COUNTIF($F10:$AJ10,"✔")+COUNTIF($F10:$AJ10,"R")) | AL10: =IF(AK10="","",COUNTIF($F10:$AJ10,"✔")) | AM10: =IF(N(AK10)=0,"",AL10/AK10) | AN10: =IF(N(AK10)=0,"",IF(AL10=AK10,"Concluída",IF(COUNTIF($F10:$AJ10,"R")>0,"Reprogramada",IF(AL10>0,"Em andamento","Planejada"))))
A11: 2 | C11: =IF(B11="","",IFERROR(INDEX(tb_pcm_ativos[descricao_ativo],MATCH(B11,tb_pcm_ativos[tag],0)),"fora do cadastro")) | AK11: =IF(COUNTA($F11:$AJ11)=0,"",COUNTIF($F11:$AJ11,"●")+COUNTIF($F11:$AJ11,"✔")+COUNTIF($F11:$AJ11,"R")) | AL11: =IF(AK11="","",COUNTIF($F11:$AJ11,"✔")) | AM11: =IF(N(AK11)=0,"",AL11/AK11) | AN11: =IF(N(AK11)=0,"",IF(AL11=AK11,"Concluída",IF(COUNTIF($F11:$AJ11,"R")>0,"Reprogramada",IF(AL11>0,"Em andamento","Planejada"))))
A12: 3 | C12: =IF(B12="","",IFERROR(INDEX(tb_pcm_ativos[descricao_ativo],MATCH(B12,tb_pcm_ativos[tag],0)),"fora do cadastro")) | AK12: =IF(COUNTA($F12:$AJ12)=0,"",COUNTIF($F12:$AJ12,"●")+COUNTIF($F12:$AJ12,"✔")+COUNTIF($F12:$AJ12,"R")) | AL12: =IF(AK12="","",COUNTIF($F12:$AJ12,"✔")) | AM12: =IF(N(AK12)=0,"",AL12/AK12) | AN12: =IF(N(AK12)=0,"",IF(AL12=AK12,"Concluída",IF(COUNTIF($F12:$AJ12,"R")>0,"Reprogramada",IF(AL12>0,"Em andamento","Planejada"))))
A13: 4 | C13: =IF(B13="","",IFERROR(INDEX(tb_pcm_ativos[descricao_ativo],MATCH(B13,tb_pcm_ativos[tag],0)),"fora do cadastro")) | AK13: =IF(COUNTA($F13:$AJ13)=0,"",COUNTIF($F13:$AJ13,"●")+COUNTIF($F13:$AJ13,"✔")+COUNTIF($F13:$AJ13,"R")) | AL13: =IF(AK13="","",COUNTIF($F13:$AJ13,"✔")) | AM13: =IF(N(AK13)=0,"",AL13/AK13) | AN13: =IF(N(AK13)=0,"",IF(AL13=AK13,"Concluída",IF(COUNTIF($F13:$AJ13,"R")>0,"Reprogramada",IF(AL13>0,"Em andamento","Planejada"))))
A14: 5 | C14: =IF(B14="","",IFERROR(INDEX(tb_pcm_ativos[descricao_ativo],MATCH(B14,tb_pcm_ativos[tag],0)),"fora do cadastro")) | AK14: =IF(COUNTA($F14:$AJ14)=0,"",COUNTIF($F14:$AJ14,"●")+COUNTIF($F14:$AJ14,"✔")+COUNTIF($F14:$AJ14,"R")) | AL14: =IF(AK14="","",COUNTIF($F14:$AJ14,"✔")) | AM14: =IF(N(AK14)=0,"",AL14/AK14) | AN14: =IF(N(AK14)=0,"",IF(AL14=AK14,"Concluída",IF(COUNTIF($F14:$AJ14,"R")>0,"Reprogramada",IF(AL14>0,"Em andamento","Planejada"))))
A15: 6 | C15: =IF(B15="","",IFERROR(INDEX(tb_pcm_ativos[descricao_ativo],MATCH(B15,tb_pcm_ativos[tag],0)),"fora do cadastro")) | AK15: =IF(COUNTA($F15:$AJ15)=0,"",COUNTIF($F15:$AJ15,"●")+COUNTIF($F15:$AJ15,"✔")+COUNTIF($F15:$AJ15,"R")) | AL15: =IF(AK15="","",COUNTIF($F15:$AJ15,"✔")) | AM15: =IF(N(AK15)=0,"",AL15/AK15) | AN15: =IF(N(AK15)=0,"",IF(AL15=AK15,"Concluída",IF(COUNTIF($F15:$AJ15,"R")>0,"Reprogramada",IF(AL15>0,"Em andamento","Planejada"))))
A16: 7 | C16: =IF(B16="","",IFERROR(INDEX(tb_pcm_ativos[descricao_ativo],MATCH(B16,tb_pcm_ativos[tag],0)),"fora do cadastro")) | AK16: =IF(COUNTA($F16:$AJ16)=0,"",COUNTIF($F16:$AJ16,"●")+COUNTIF($F16:$AJ16,"✔")+COUNTIF($F16:$AJ16,"R")) | AL16: =IF(AK16="","",COUNTIF($F16:$AJ16,"✔")) | AM16: =IF(N(AK16)=0,"",AL16/AK16) | AN16: =IF(N(AK16)=0,"",IF(AL16=AK16,"Concluída",IF(COUNTIF($F16:$AJ16,"R")>0,"Reprogramada",IF(AL16>0,"Em andamento","Planejada"))))
A17: 8 | C17: =IF(B17="","",IFERROR(INDEX(tb_pcm_ativos[descricao_ativo],MATCH(B17,tb_pcm_ativos[tag],0)),"fora do cadastro")) | AK17: =IF(COUNTA($F17:$AJ17)=0,"",COUNTIF($F17:$AJ17,"●")+COUNTIF($F17:$AJ17,"✔")+COUNTIF($F17:$AJ17,"R")) | AL17: =IF(AK17="","",COUNTIF($F17:$AJ17,"✔")) | AM17: =IF(N(AK17)=0,"",AL17/AK17) | AN17: =IF(N(AK17)=0,"",IF(AL17=AK17,"Concluída",IF(COUNTIF($F17:$AJ17,"R")>0,"Reprogramada",IF(AL17>0,"Em andamento","Planejada"))))
A18: 9 | C18: =IF(B18="","",IFERROR(INDEX(tb_pcm_ativos[descricao_ativo],MATCH(B18,tb_pcm_ativos[tag],0)),"fora do cadastro")) | AK18: =IF(COUNTA($F18:$AJ18)=0,"",COUNTIF($F18:$AJ18,"●")+COUNTIF($F18:$AJ18,"✔")+COUNTIF($F18:$AJ18,"R")) | AL18: =IF(AK18="","",COUNTIF($F18:$AJ18,"✔")) | AM18: =IF(N(AK18)=0,"",AL18/AK18) | AN18: =IF(N(AK18)=0,"",IF(AL18=AK18,"Concluída",IF(COUNTIF($F18:$AJ18,"R")>0,"Reprogramada",IF(AL18>0,"Em andamento","Planejada"))))
A19: 10 | C19: =IF(B19="","",IFERROR(INDEX(tb_pcm_ativos[descricao_ativo],MATCH(B19,tb_pcm_ativos[tag],0)),"fora do cadastro")) | AK19: =IF(COUNTA($F19:$AJ19)=0,"",COUNTIF($F19:$AJ19,"●")+COUNTIF($F19:$AJ19,"✔")+COUNTIF($F19:$AJ19,"R")) | AL19: =IF(AK19="","",COUNTIF($F19:$AJ19,"✔")) | AM19: =IF(N(AK19)=0,"",AL19/AK19) | AN19: =IF(N(AK19)=0,"",IF(AL19=AK19,"Concluída",IF(COUNTIF($F19:$AJ19,"R")>0,"Reprogramada",IF(AL19>0,"Em andamento","Planejada"))))
A20: 11 | C20: =IF(B20="","",IFERROR(INDEX(tb_pcm_ativos[descricao_ativo],MATCH(B20,tb_pcm_ativos[tag],0)),"fora do cadastro")) | AK20: =IF(COUNTA($F20:$AJ20)=0,"",COUNTIF($F20:$AJ20,"●")+COUNTIF($F20:$AJ20,"✔")+COUNTIF($F20:$AJ20,"R")) | AL20: =IF(AK20="","",COUNTIF($F20:$AJ20,"✔")) | AM20: =IF(N(AK20)=0,"",AL20/AK20) | AN20: =IF(N(AK20)=0,"",IF(AL20=AK20,"Concluída",IF(COUNTIF($F20:$AJ20,"R")>0,"Reprogramada",IF(AL20>0,"Em andamento","Planejada"))))
A21: 12 | C21: =IF(B21="","",IFERROR(INDEX(tb_pcm_ativos[descricao_ativo],MATCH(B21,tb_pcm_ativos[tag],0)),"fora do cadastro")) | AK21: =IF(COUNTA($F21:$AJ21)=0,"",COUNTIF($F21:$AJ21,"●")+COUNTIF($F21:$AJ21,"✔")+COUNTIF($F21:$AJ21,"R")) | AL21: =IF(AK21="","",COUNTIF($F21:$AJ21,"✔")) | AM21: =IF(N(AK21)=0,"",AL21/AK21) | AN21: =IF(N(AK21)=0,"",IF(AL21=AK21,"Concluída",IF(COUNTIF($F21:$AJ21,"R")>0,"Reprogramada",IF(AL21>0,"Em andamento","Planejada"))))
... A39: 30 | C39: =IF(B39="","",IFERROR(INDEX(tb_pcm_ativos[descricao_ativo],MATCH(B39,tb_pcm_ativos[tag],0)),"fora do cadastro")) | AK39: =IF(COUNTA($F39:$AJ39)=0,"",COUNTIF($F39:$AJ39,"●")+COUNTIF($F39:$AJ39,"✔")+COUNTIF($F39:$AJ39,"R")) | AL39: =IF(AK39="","",COUNTIF($F39:$AJ39,"✔")) | AM39: =IF(N(AK39)=0,"",AL39/AK39) | AN39: =IF(N(AK39)=0,"",IF(AL39=AK39,"Concluída",IF(COUNTIF($F39:$AJ39,"R")>0,"Reprogramada",IF(AL39>0,"Em andamento","Planejada"))))
A40: ● planejado ✔ realizado R reprogramado | Escolha a marcação na seta de cada célula. Escolha o ano e o mês no topo. Dias que o mês não tem ficam em branco.

Sheet Planner anual
D1: Planner anual | BI1: ="Rev. "&'Leia-me'!$D$15&" · "&'Leia-me'!$D$16
D2: Objetivo: Programar o ano por semana do mês: paradas, preventivas grandes e serviços de terceiros | BI2: ="Elaborado: "&'Leia-me'!$D$13&" · Aprovado: "&'Leia-me'!$D$14
A3: Ano ▼ | D3: Responsável pela programação ▼ | F3: Atividades | S3: Marcações | AE3: Realizadas | AR3: Reprogramadas | BE3: Concluídas | BO3: % realizado
F4: =COUNTIF(D10:D39,"?*") | S4: =SUM(BN10:BN39) | AE4: =SUM(BO10:BO39) | AR4: =COUNTIF(F10:BM39,"R") | BE4: =COUNTIF(BQ10:BQ39,"Concluída") | BO4: =IF(N(S4)=0,"",AE4/S4)
A8: Nº | B8: TAG ▼ | C8: Equipamento | D8: Atividade | E8: Responsável ▼ | F8: JAN | K8: FEV | P8: MAR | U8: ABR | Z8: MAI | AE8: JUN | AJ8: JUL | AO8: AGO | AT8: SET | AY8: OUT | BD8: NOV | BI8: DEZ | BN8: Plan. | BO8: Real. | BP8: % | BQ8: Situação
F9: 1 | G9: 2 | H9: 3 | I9: 4 | J9: 5 | K9: 1 | L9: 2 | M9: 3 | N9: 4 | O9: 5 | P9: 1 | Q9: 2 | R9: 3 | S9: 4 | T9: 5 | U9: 1 | V9: 2 | W9: 3 | X9: 4 | Y9: 5 | Z9: 1 | AA9: 2 | AB9: 3 | AC9: 4 | AD9: 5 | AE9: 1 | AF9: 2 | AG9: 3 | AH9: 4 | AI9: 5 | AJ9: 1 | AK9: 2 | AL9: 3 | AM9: 4 | AN9: 5 | AO9: 1 | AP9: 2 | AQ9: 3 | AR9: 4 | AS9: 5 | AT9: 1 | AU9: 2 | AV9: 3 | AW9: 4 | AX9: 5 | AY9: 1 | AZ9: 2 | BA9: 3 | BB9: 4 | BC9: 5 | BD9: 1 | BE9: 2 | BF9: 3 | BG9: 4 | BH9: 5 | BI9: 1 | BJ9: 2 | BK9: 3 | BL9: 4 | BM9: 5
A10: 1 | C10: =IF(B10="","",IFERROR(INDEX(tb_pcm_ativos[descricao_ativo],MATCH(B10,tb_pcm_ativos[tag],0)),"fora do cadastro")) | BN10: =IF(COUNTA($F10:$BM10)=0,"",COUNTIF($F10:$BM10,"●")+COUNTIF($F10:$BM10,"✔")+COUNTIF($F10:$BM10,"R")) | BO10: =IF(BN10="","",COUNTIF($F10:$BM10,"✔")) | BP10: =IF(N(BN10)=0,"",BO10/BN10) | BQ10: =IF(N(BN10)=0,"",IF(BO10=BN10,"Concluída",IF(COUNTIF($F10:$BM10,"R")>0,"Reprogramada",IF(BO10>0,"Em andamento","Planejada"))))
A11: 2 | C11: =IF(B11="","",IFERROR(INDEX(tb_pcm_ativos[descricao_ativo],MATCH(B11,tb_pcm_ativos[tag],0)),"fora do cadastro")) | BN11: =IF(COUNTA($F11:$BM11)=0,"",COUNTIF($F11:$BM11,"●")+COUNTIF($F11:$BM11,"✔")+COUNTIF($F11:$BM11,"R")) | BO11: =IF(BN11="","",COUNTIF($F11:$BM11,"✔")) | BP11: =IF(N(BN11)=0,"",BO11/BN11) | BQ11: =IF(N(BN11)=0,"",IF(BO11=BN11,"Concluída",IF(COUNTIF($F11:$BM11,"R")>0,"Reprogramada",IF(BO11>0,"Em andamento","Planejada"))))
A12: 3 | C12: =IF(B12="","",IFERROR(INDEX(tb_pcm_ativos[descricao_ativo],MATCH(B12,tb_pcm_ativos[tag],0)),"fora do cadastro")) | BN12: =IF(COUNTA($F12:$BM12)=0,"",COUNTIF($F12:$BM12,"●")+COUNTIF($F12:$BM12,"✔")+COUNTIF($F12:$BM12,"R")) | BO12: =IF(BN12="","",COUNTIF($F12:$BM12,"✔")) | BP12: =IF(N(BN12)=0,"",BO12/BN12) | BQ12: =IF(N(BN12)=0,"",IF(BO12=BN12,"Concluída",IF(COUNTIF($F12:$BM12,"R")>0,"Reprogramada",IF(BO12>0,"Em andamento","Planejada"))))
A13: 4 | C13: =IF(B13="","",IFERROR(INDEX(tb_pcm_ativos[descricao_ativo],MATCH(B13,tb_pcm_ativos[tag],0)),"fora do cadastro")) | BN13: =IF(COUNTA($F13:$BM13)=0,"",COUNTIF($F13:$BM13,"●")+COUNTIF($F13:$BM13,"✔")+COUNTIF($F13:$BM13,"R")) | BO13: =IF(BN13="","",COUNTIF($F13:$BM13,"✔")) | BP13: =IF(N(BN13)=0,"",BO13/BN13) | BQ13: =IF(N(BN13)=0,"",IF(BO13=BN13,"Concluída",IF(COUNTIF($F13:$BM13,"R")>0,"Reprogramada",IF(BO13>0,"Em andamento","Planejada"))))
A14: 5 | C14: =IF(B14="","",IFERROR(INDEX(tb_pcm_ativos[descricao_ativo],MATCH(B14,tb_pcm_ativos[tag],0)),"fora do cadastro")) | BN14: =IF(COUNTA($F14:$BM14)=0,"",COUNTIF($F14:$BM14,"●")+COUNTIF($F14:$BM14,"✔")+COUNTIF($F14:$BM14,"R")) | BO14: =IF(BN14="","",COUNTIF($F14:$BM14,"✔")) | BP14: =IF(N(BN14)=0,"",BO14/BN14) | BQ14: =IF(N(BN14)=0,"",IF(BO14=BN14,"Concluída",IF(COUNTIF($F14:$BM14,"R")>0,"Reprogramada",IF(BO14>0,"Em andamento","Planejada"))))
A15: 6 | C15: =IF(B15="","",IFERROR(INDEX(tb_pcm_ativos[descricao_ativo],MATCH(B15,tb_pcm_ativos[tag],0)),"fora do cadastro")) | BN15: =IF(COUNTA($F15:$BM15)=0,"",COUNTIF($F15:$BM15,"●")+COUNTIF($F15:$BM15,"✔")+COUNTIF($F15:$BM15,"R")) | BO15: =IF(BN15="","",COUNTIF($F15:$BM15,"✔")) | BP15: =IF(N(BN15)=0,"",BO15/BN15) | BQ15: =IF(N(BN15)=0,"",IF(BO15=BN15,"Concluída",IF(COUNTIF($F15:$BM15,"R")>0,"Reprogramada",IF(BO15>0,"Em andamento","Planejada"))))
A16: 7 | C16: =IF(B16="","",IFERROR(INDEX(tb_pcm_ativos[descricao_ativo],MATCH(B16,tb_pcm_ativos[tag],0)),"fora do cadastro")) | BN16: =IF(COUNTA($F16:$BM16)=0,"",COUNTIF($F16:$BM16,"●")+COUNTIF($F16:$BM16,"✔")+COUNTIF($F16:$BM16,"R")) | BO16: =IF(BN16="","",COUNTIF($F16:$BM16,"✔")) | BP16: =IF(N(BN16)=0,"",BO16/BN16) | BQ16: =IF(N(BN16)=0,"",IF(BO16=BN16,"Concluída",IF(COUNTIF($F16:$BM16,"R")>0,"Reprogramada",IF(BO16>0,"Em andamento","Planejada"))))
A17: 8 | C17: =IF(B17="","",IFERROR(INDEX(tb_pcm_ativos[descricao_ativo],MATCH(B17,tb_pcm_ativos[tag],0)),"fora do cadastro")) | BN17: =IF(COUNTA($F17:$BM17)=0,"",COUNTIF($F17:$BM17,"●")+COUNTIF($F17:$BM17,"✔")+COUNTIF($F17:$BM17,"R")) | BO17: =IF(BN17="","",COUNTIF($F17:$BM17,"✔")) | BP17: =IF(N(BN17)=0,"",BO17/BN17) | BQ17: =IF(N(BN17)=0,"",IF(BO17=BN17,"Concluída",IF(COUNTIF($F17:$BM17,"R")>0,"Reprogramada",IF(BO17>0,"Em andamento","Planejada"))))
A18: 9 | C18: =IF(B18="","",IFERROR(INDEX(tb_pcm_ativos[descricao_ativo],MATCH(B18,tb_pcm_ativos[tag],0)),"fora do cadastro")) | BN18: =IF(COUNTA($F18:$BM18)=0,"",COUNTIF($F18:$BM18,"●")+COUNTIF($F18:$BM18,"✔")+COUNTIF($F18:$BM18,"R")) | BO18: =IF(BN18="","",COUNTIF($F18:$BM18,"✔")) | BP18: =IF(N(BN18)=0,"",BO18/BN18) | BQ18: =IF(N(BN18)=0,"",IF(BO18=BN18,"Concluída",IF(COUNTIF($F18:$BM18,"R")>0,"Reprogramada",IF(BO18>0,"Em andamento","Planejada"))))
A19: 10 | C19: =IF(B19="","",IFERROR(INDEX(tb_pcm_ativos[descricao_ativo],MATCH(B19,tb_pcm_ativos[tag],0)),"fora do cadastro")) | BN19: =IF(COUNTA($F19:$BM19)=0,"",COUNTIF($F19:$BM19,"●")+COUNTIF($F19:$BM19,"✔")+COUNTIF($F19:$BM19,"R")) | BO19: =IF(BN19="","",COUNTIF($F19:$BM19,"✔")) | BP19: =IF(N(BN19)=0,"",BO19/BN19) | BQ19: =IF(N(BN19)=0,"",IF(BO19=BN19,"Concluída",IF(COUNTIF($F19:$BM19,"R")>0,"Reprogramada",IF(BO19>0,"Em andamento","Planejada"))))
A20: 11 | C20: =IF(B20="","",IFERROR(INDEX(tb_pcm_ativos[descricao_ativo],MATCH(B20,tb_pcm_ativos[tag],0)),"fora do cadastro")) | BN20: =IF(COUNTA($F20:$BM20)=0,"",COUNTIF($F20:$BM20,"●")+COUNTIF($F20:$BM20,"✔")+COUNTIF($F20:$BM20,"R")) | BO20: =IF(BN20="","",COUNTIF($F20:$BM20,"✔")) | BP20: =IF(N(BN20)=0,"",BO20/BN20) | BQ20: =IF(N(BN20)=0,"",IF(BO20=BN20,"Concluída",IF(COUNTIF($F20:$BM20,"R")>0,"Reprogramada",IF(BO20>0,"Em andamento","Planejada"))))
A21: 12 | C21: =IF(B21="","",IFERROR(INDEX(tb_pcm_ativos[descricao_ativo],MATCH(B21,tb_pcm_ativos[tag],0)),"fora do cadastro")) | BN21: =IF(COUNTA($F21:$BM21)=0,"",COUNTIF($F21:$BM21,"●")+COUNTIF($F21:$BM21,"✔")+COUNTIF($F21:$BM21,"R")) | BO21: =IF(BN21="","",COUNTIF($F21:$BM21,"✔")) | BP21: =IF(N(BN21)=0,"",BO21/BN21) | BQ21: =IF(N(BN21)=0,"",IF(BO21=BN21,"Concluída",IF(COUNTIF($F21:$BM21,"R")>0,"Reprogramada",IF(BO21>0,"Em andamento","Planejada"))))
... A39: 30 | C39: =IF(B39="","",IFERROR(INDEX(tb_pcm_ativos[descricao_ativo],MATCH(B39,tb_pcm_ativos[tag],0)),"fora do cadastro")) | BN39: =IF(COUNTA($F39:$BM39)=0,"",COUNTIF($F39:$BM39,"●")+COUNTIF($F39:$BM39,"✔")+COUNTIF($F39:$BM39,"R")) | BO39: =IF(BN39="","",COUNTIF($F39:$BM39,"✔")) | BP39: =IF(N(BN39)=0,"",BO39/BN39) | BQ39: =IF(N(BN39)=0,"",IF(BO39=BN39,"Concluída",IF(COUNTIF($F39:$BM39,"R")>0,"Reprogramada",IF(BO39>0,"Em andamento","Planejada"))))
A40: ● planejado ✔ realizado R reprogramado | Escolha a marcação na seta de cada célula. Escolha o ano no topo. Semanas do mês: 1 = dias 1 a 7 ... 5 = dia 29 ao fim.

Sheet Cadastros
C1: Cadastros | H1: ="Rev. "&'Leia-me'!$D$15&" · "&'Leia-me'!$D$16
C2: Objetivo: Cadastre aqui os itens usados nas listas (▼) das outras abas. | H2: ="Elaborado: "&'Leia-me'!$D$13&" · Aprovado: "&'Leia-me'!$D$14
A3: TAG | B3: Equipamento | C3: Família de equipamento ▼ | D3: Setor ▼ | F3: Responsável | H3: Família de equipamento | J3: Setor
A4: tag | B4: descricao_ativo | C4: familia | D4: setor | F4: nome_pessoa | H4: nome_familia | J4: nome_setor

Sheet Revisões
C1: Revisões | D1: ="Rev. "&'Leia-me'!$D$15&" · "&'Leia-me'!$D$16
C2: Objetivo: Registre cada alteração do modelo; a última linha alimenta Rev. e data do cabeçalho. | D2: ="Elaborado: "&'Leia-me'!$D$13&" · Aprovado: "&'Leia-me'!$D$14
A3: Rev | B3: Data | C3: Descrição da alteração | D3: Elaborado por | E3: Aprovado por
A4: revisao | B4: data_revisao | C4: descricao_alteracao | D4: elaborado_por | E4: aprovado_por
A5: 00 | B5: 46325 | C5: Emissão inicial
