Workbook
Name L_TAGS: tb_pcm_ativos[tag]
Name L_PESSOAS: tb_pcm_pessoas[nome_pessoa]
Name L_SETORES: tb_pcm_setores[nome_setor]
Name L_FAMILIAS: tb_pcm_familias[nome_familia]

Sheet Leia-me
D1: LEIA-ME · GUIA RÁPIDO | F1: Modelos, guias e novidades
D2: PCM-MAN-015 · Auditoria 5S e melhorias | F2: pcmdireto.me
D3: Leia em 1 minuto, preencha os campos brancos e comece a usar. | F3: Dúvidas e sugestões pelo site
B5: COMO USAR ESTE MODELO
B6: 1 Identifique | D6: 2 Cadastre | E6: 3 Preencha | F6: 4 Imprima e revise
B7: Preencha Elaborado e Aprovado logo abaixo. Vai para o cabeçalho de todas as abas. | D7: Na aba Cadastros, lance TAGs, pessoas e setores uma vez. Eles viram as listas ▼. | E7: Use as abas na ordem do passo a passo. Comece por Placar 5S. | F7: Cada aba sai em uma folha A4. Mudou o modelo? Registre na aba Revisões.
B9: 1 IDENTIFICAÇÃO DO DOCUMENTO · vai para o cabeçalho de todas as abas
B10: Título do documento | D10: Auditoria 5S e melhorias | F10: Já vem pronto. Ajuste se quiser.
B11: Objetivo | D11: Auditar o 5S por senso, acompanhar a tendência e as ações e mostrar as melhorias
B12: Código do documento | D12: PCM-MAN-015
B13: Elaborado por | F13: ✎ preencha
B14: Aprovado por | F14: ✎ preencha
B15: Revisão atual | D15: =IF(COUNTA(tb_pcm_revisoes_modelo[revisao])=0,"-",INDEX(tb_pcm_revisoes_modelo[revisao],COUNTA(tb_pcm_revisoes_modelo[revisao]))) | F15: automático: aba Revisões
B16: Data da revisão | D16: =IF(COUNTA(tb_pcm_revisoes_modelo[revisao])=0,"",IF(INDEX(tb_pcm_revisoes_modelo[data_revisao],COUNTA(tb_pcm_revisoes_modelo[revisao]))="","",RIGHT("0"&DAY(INDEX(tb_pcm_revisoes_modelo[data_revisao],COUNTA(tb_pcm_revisoes_modelo[revisao]))),2)&"/"&CHOOSE(MONTH(INDEX(tb_pcm_revisoes_modelo[data_revisao],COUNTA(tb_pcm_revisoes_modelo[revisao]))),"Jan","Fev","Mar","Abr","Mai","Jun","Jul","Ago","Set","Out","Nov","Dez")&"/"&YEAR(INDEX(tb_pcm_revisoes_modelo[data_revisao],COUNTA(tb_pcm_revisoes_modelo[revisao]))))) | F16: automático: aba Revisões
B18: 2 PASSO A PASSO · clique no nome da aba para abrir
B19: 1 | C19: Cadastros | D19: Cadastre uma vez as pessoas, os setores, TAG, equipamento, família e setor, as famílias de equipamento. Eles aparecem nas setas ▼ das outras abas.
B20: 2 | C20: Placar 5S | D20: Preencha área, data e auditor e dê nota de 1 a 5 nos 25 itens. Nota geral, por senso e radar saem sozinhos.
B21: 3 | C21: Tendência e ações | D21: Lance a data e a nota geral de cada auditoria e registre as ações com responsável e prazo.
B22: 4 | C22: Melhoria antes e depois | D22: Mostre a melhoria com foto do antes e do depois, o que foi feito e o ganho.
B24: 3 REGRAS RÁPIDAS
B25: ▼ Lista | D25: Clique na célula e escolha na seta. Valor fora da lista é recusado.
B26: Célula branca | D26: Campo para digitar.
B27: Célula cinza | D27: Cálculo automático. Não digite: a fórmula preenche sozinha.
B28: Datas e números | D28: Datas em dd/mm/aaaa; decimais com vírgula. Vazio = sem informação; zero é valor real.
B29: Impressão | D29: Cada aba já está ajustada para uma folha A4. Use Arquivo > Imprimir sem mudar a escala.
D31: SOBRE O PCM DIRETO | F31: pcmdireto.me
D32: Modelos de manutenção prontos para usar, do planejamento ao controle: criticidade, plano, ordem de serviço, indicadores e auditorias. Todos no mesmo padrão, para a equipe aprender uma vez e usar em todos.

Sheet Placar 5S
C1: ='Leia-me'!$D$10 | F1: ="Rev. "&'Leia-me'!$D$15&" · "&'Leia-me'!$D$16
C2: ="Objetivo: "&'Leia-me'!$D$11 | F2: ="Elaborado: "&'Leia-me'!$D$13&" · Aprovado: "&'Leia-me'!$D$14
A3: 1 Utilização Seiri | D3: =IF(COUNT(D4:D8)=0,"",SUM(D4:D8)&" / "&COUNT(D4:D8)*5) | F3: Auditoria
A4: 1 | B4: Só há na área o que é necessário para o trabalho atual | F4: Área ou TAG ▼
A5: 2 | B5: Itens desnecessários estão com etiqueta vermelha ou foram retirados | F5: Data
A6: 3 | B6: Não há ferramentas, peças ou equipamentos sem uso no piso e nas bancadas | F6: Auditor ▼
A7: 4 | B7: Corredores, saídas e equipamentos de segurança estão livres | F7: Nota geral | G7: =IF((COUNT(D4:D8)+COUNT(D11:D15)+COUNT(D18:D22)+COUNT(D25:D29)+COUNT(D32:D36))=0,"",(SUM(D4:D8)+SUM(D11:D15)+SUM(D18:D22)+SUM(D25:D29)+SUM(D32:D36))/((COUNT(D4:D8)+COUNT(D11:D15)+COUNT(D18:D22)+COUNT(D25:D29)+COUNT(D32:D36))*5))
A8: 5 | B8: Itens com etiqueta vermelha são tratados no prazo
A10: 2 Organização Seiton | D10: =IF(COUNT(D11:D15)=0,"",SUM(D11:D15)&" / "&COUNT(D11:D15)*5) | F10: Por senso
A11: 6 | B11: Cada item tem lugar definido e identificado | F11: ● Utilização | G11: =IF(COUNT(D4:D8)=0,"",SUM(D4:D8)) | H11: =IF(COUNT(D4:D8)=0,"",SUM(D4:D8)/(COUNT(D4:D8)*5))
A12: 7 | B12: Os itens estão no lugar quando não estão em uso | F12: ● Organização | G12: =IF(COUNT(D11:D15)=0,"",SUM(D11:D15)) | H12: =IF(COUNT(D11:D15)=0,"",SUM(D11:D15)/(COUNT(D11:D15)*5))
A13: 8 | B13: Marcações de piso estão claras (corredores, estoque, peças) | F13: ● Limpeza | G13: =IF(COUNT(D18:D22)=0,"",SUM(D18:D22)) | H13: =IF(COUNT(D18:D22)=0,"",SUM(D18:D22)/(COUNT(D18:D22)*5))
A14: 9 | B14: Ferramentas ficam no ponto de uso (quadro de sombras ou armário) | F14: ● Padronização | G14: =IF(COUNT(D25:D29)=0,"",SUM(D25:D29)) | H14: =IF(COUNT(D25:D29)=0,"",SUM(D25:D29)/(COUNT(D25:D29)*5))
A15: 10 | B15: Estoques mínimo e máximo estão marcados | F15: ● Disciplina | G15: =IF(COUNT(D32:D36)=0,"",SUM(D32:D36)) | H15: =IF(COUNT(D32:D36)=0,"",SUM(D32:D36)/(COUNT(D32:D36)*5))
A17: 3 Limpeza Seiso | D17: =IF(COUNT(D18:D22)=0,"",SUM(D18:D22)&" / "&COUNT(D18:D22)*5) | F17: Perfil por senso
A18: 11 | B18: Piso, paredes e bancadas estão limpos, sem óleo, pó ou resíduo
A19: 12 | B19: As máquinas estão limpas e vazamentos são fáceis de ver
A20: 13 | B20: Existe escala de limpeza com nomes, afixada e cumprida
A21: 14 | B21: Material de limpeza está disponível e guardado no lugar
A22: 15 | B22: Fontes de sujeira e vazamento são conhecidas e têm ação
A24: 4 Padronização Seiketsu | D24: =IF(COUNT(D25:D29)=0,"",SUM(D25:D29)&" / "&COUNT(D25:D29)*5)
A25: 16 | B25: Existe padrão 5S da área, com fotos, afixado
A26: 17 | B26: Etiquetas, cores e marcações seguem o padrão da planta
A27: 18 | B27: Checklists e escalas estão atualizados e em uso
A28: 19 | B28: Qualquer pessoa vê o que é normal e o que é anormal
A29: 20 | B29: Melhorias de auditorias anteriores continuam em vigor
A31: 5 Disciplina Shitsuke | D31: =IF(COUNT(D32:D36)=0,"",SUM(D32:D36)&" / "&COUNT(D32:D36)*5) | F31: Observações
A32: 21 | B32: As auditorias 5S são feitas no prazo e o resultado fica à vista
A33: 22 | B33: Ações da última auditoria são fechadas no prazo
A34: 23 | B34: Todos da área foram treinados no padrão 5S
A35: 24 | B35: A liderança verifica o 5S nas rondas e reuniões
A36: 25 | B36: A nota se manteve ou melhorou desde a última auditoria
A38: Nota: ● 1 Não existe ● 2 Fraco ● 3 Parcial ● 4 Bom ● 5 Existe e se mantém · Ações: aba Tendência e ações

Sheet Tendência e ações
C1: Tendência e ações | L1: ="Rev. "&'Leia-me'!$D$15&" · "&'Leia-me'!$D$16
C2: Objetivo: Acompanhar a nota 5S ao longo das auditorias e as ações abertas | L2: ="Elaborado: "&'Leia-me'!$D$13&" · Aprovado: "&'Leia-me'!$D$14
A3: Área auditada | E3: Responsável da área | I3: Meta da nota | K3: Última variação
K4: =IF(COUNT(B20:M20)<2,"",INDEX(B21:M21,MATCH(9.99E+307,B20:M20)))
A6: Tendência da nota 5S uma coluna por auditoria: digite a data e a nota geral do Placar 5S
A7: Auditoria | B7: 1 | C7: 2 | D7: 3 | E7: 4 | F7: 5 | G7: 6 | H7: 7 | I7: 8 | J7: 9 | K7: 10 | L7: 11 | M7: 12 | N7: Faixa
A8: Data
A9: 1 | B9: =IF(AND(ISNUMBER(B$20),ROUND(B$20*10,0)=10),"●","") | C9: =IF(AND(ISNUMBER(C$20),ROUND(C$20*10,0)=10),"●","") | D9: =IF(AND(ISNUMBER(D$20),ROUND(D$20*10,0)=10),"●","") | E9: =IF(AND(ISNUMBER(E$20),ROUND(E$20*10,0)=10),"●","") | F9: =IF(AND(ISNUMBER(F$20),ROUND(F$20*10,0)=10),"●","") | G9: =IF(AND(ISNUMBER(G$20),ROUND(G$20*10,0)=10),"●","") | H9: =IF(AND(ISNUMBER(H$20),ROUND(H$20*10,0)=10),"●","") | I9: =IF(AND(ISNUMBER(I$20),ROUND(I$20*10,0)=10),"●","") | ... M9: =IF(AND(ISNUMBER(M$20),ROUND(M$20*10,0)=10),"●","") | N9: Bom
A10: 0.9 | B10: =IF(AND(ISNUMBER(B$20),ROUND(B$20*10,0)=9),"●","") | C10: =IF(AND(ISNUMBER(C$20),ROUND(C$20*10,0)=9),"●","") | D10: =IF(AND(ISNUMBER(D$20),ROUND(D$20*10,0)=9),"●","") | E10: =IF(AND(ISNUMBER(E$20),ROUND(E$20*10,0)=9),"●","") | F10: =IF(AND(ISNUMBER(F$20),ROUND(F$20*10,0)=9),"●","") | G10: =IF(AND(ISNUMBER(G$20),ROUND(G$20*10,0)=9),"●","") | H10: =IF(AND(ISNUMBER(H$20),ROUND(H$20*10,0)=9),"●","") | I10: =IF(AND(ISNUMBER(I$20),ROUND(I$20*10,0)=9),"●","") | ... M10: =IF(AND(ISNUMBER(M$20),ROUND(M$20*10,0)=9),"●","")
A11: 0.8 | B11: =IF(AND(ISNUMBER(B$20),ROUND(B$20*10,0)=8),"●","") | C11: =IF(AND(ISNUMBER(C$20),ROUND(C$20*10,0)=8),"●","") | D11: =IF(AND(ISNUMBER(D$20),ROUND(D$20*10,0)=8),"●","") | E11: =IF(AND(ISNUMBER(E$20),ROUND(E$20*10,0)=8),"●","") | F11: =IF(AND(ISNUMBER(F$20),ROUND(F$20*10,0)=8),"●","") | G11: =IF(AND(ISNUMBER(G$20),ROUND(G$20*10,0)=8),"●","") | H11: =IF(AND(ISNUMBER(H$20),ROUND(H$20*10,0)=8),"●","") | I11: =IF(AND(ISNUMBER(I$20),ROUND(I$20*10,0)=8),"●","") | ... M11: =IF(AND(ISNUMBER(M$20),ROUND(M$20*10,0)=8),"●","")
A12: 0.7 | B12: =IF(AND(ISNUMBER(B$20),ROUND(B$20*10,0)=7),"●","") | C12: =IF(AND(ISNUMBER(C$20),ROUND(C$20*10,0)=7),"●","") | D12: =IF(AND(ISNUMBER(D$20),ROUND(D$20*10,0)=7),"●","") | E12: =IF(AND(ISNUMBER(E$20),ROUND(E$20*10,0)=7),"●","") | F12: =IF(AND(ISNUMBER(F$20),ROUND(F$20*10,0)=7),"●","") | G12: =IF(AND(ISNUMBER(G$20),ROUND(G$20*10,0)=7),"●","") | H12: =IF(AND(ISNUMBER(H$20),ROUND(H$20*10,0)=7),"●","") | I12: =IF(AND(ISNUMBER(I$20),ROUND(I$20*10,0)=7),"●","") | ... M12: =IF(AND(ISNUMBER(M$20),ROUND(M$20*10,0)=7),"●","") | N12: Atenção
A13: 0.6 | B13: =IF(AND(ISNUMBER(B$20),ROUND(B$20*10,0)=6),"●","") | C13: =IF(AND(ISNUMBER(C$20),ROUND(C$20*10,0)=6),"●","") | D13: =IF(AND(ISNUMBER(D$20),ROUND(D$20*10,0)=6),"●","") | E13: =IF(AND(ISNUMBER(E$20),ROUND(E$20*10,0)=6),"●","") | F13: =IF(AND(ISNUMBER(F$20),ROUND(F$20*10,0)=6),"●","") | G13: =IF(AND(ISNUMBER(G$20),ROUND(G$20*10,0)=6),"●","") | H13: =IF(AND(ISNUMBER(H$20),ROUND(H$20*10,0)=6),"●","") | I13: =IF(AND(ISNUMBER(I$20),ROUND(I$20*10,0)=6),"●","") | ... M13: =IF(AND(ISNUMBER(M$20),ROUND(M$20*10,0)=6),"●","")
A14: 0.5 | B14: =IF(AND(ISNUMBER(B$20),ROUND(B$20*10,0)=5),"●","") | C14: =IF(AND(ISNUMBER(C$20),ROUND(C$20*10,0)=5),"●","") | D14: =IF(AND(ISNUMBER(D$20),ROUND(D$20*10,0)=5),"●","") | E14: =IF(AND(ISNUMBER(E$20),ROUND(E$20*10,0)=5),"●","") | F14: =IF(AND(ISNUMBER(F$20),ROUND(F$20*10,0)=5),"●","") | G14: =IF(AND(ISNUMBER(G$20),ROUND(G$20*10,0)=5),"●","") | H14: =IF(AND(ISNUMBER(H$20),ROUND(H$20*10,0)=5),"●","") | I14: =IF(AND(ISNUMBER(I$20),ROUND(I$20*10,0)=5),"●","") | ... M14: =IF(AND(ISNUMBER(M$20),ROUND(M$20*10,0)=5),"●","")
A15: 0.4 | B15: =IF(AND(ISNUMBER(B$20),ROUND(B$20*10,0)=4),"●","") | C15: =IF(AND(ISNUMBER(C$20),ROUND(C$20*10,0)=4),"●","") | D15: =IF(AND(ISNUMBER(D$20),ROUND(D$20*10,0)=4),"●","") | E15: =IF(AND(ISNUMBER(E$20),ROUND(E$20*10,0)=4),"●","") | F15: =IF(AND(ISNUMBER(F$20),ROUND(F$20*10,0)=4),"●","") | G15: =IF(AND(ISNUMBER(G$20),ROUND(G$20*10,0)=4),"●","") | H15: =IF(AND(ISNUMBER(H$20),ROUND(H$20*10,0)=4),"●","") | I15: =IF(AND(ISNUMBER(I$20),ROUND(I$20*10,0)=4),"●","") | ... M15: =IF(AND(ISNUMBER(M$20),ROUND(M$20*10,0)=4),"●","") | N15: Crítico
A16: 0.3 | B16: =IF(AND(ISNUMBER(B$20),ROUND(B$20*10,0)=3),"●","") | C16: =IF(AND(ISNUMBER(C$20),ROUND(C$20*10,0)=3),"●","") | D16: =IF(AND(ISNUMBER(D$20),ROUND(D$20*10,0)=3),"●","") | E16: =IF(AND(ISNUMBER(E$20),ROUND(E$20*10,0)=3),"●","") | F16: =IF(AND(ISNUMBER(F$20),ROUND(F$20*10,0)=3),"●","") | G16: =IF(AND(ISNUMBER(G$20),ROUND(G$20*10,0)=3),"●","") | H16: =IF(AND(ISNUMBER(H$20),ROUND(H$20*10,0)=3),"●","") | I16: =IF(AND(ISNUMBER(I$20),ROUND(I$20*10,0)=3),"●","") | ... M16: =IF(AND(ISNUMBER(M$20),ROUND(M$20*10,0)=3),"●","")
A17: 0.2 | B17: =IF(AND(ISNUMBER(B$20),ROUND(B$20*10,0)=2),"●","") | C17: =IF(AND(ISNUMBER(C$20),ROUND(C$20*10,0)=2),"●","") | D17: =IF(AND(ISNUMBER(D$20),ROUND(D$20*10,0)=2),"●","") | E17: =IF(AND(ISNUMBER(E$20),ROUND(E$20*10,0)=2),"●","") | F17: =IF(AND(ISNUMBER(F$20),ROUND(F$20*10,0)=2),"●","") | G17: =IF(AND(ISNUMBER(G$20),ROUND(G$20*10,0)=2),"●","") | H17: =IF(AND(ISNUMBER(H$20),ROUND(H$20*10,0)=2),"●","") | I17: =IF(AND(ISNUMBER(I$20),ROUND(I$20*10,0)=2),"●","") | ... M17: =IF(AND(ISNUMBER(M$20),ROUND(M$20*10,0)=2),"●","")
A18: 0.1 | B18: =IF(AND(ISNUMBER(B$20),ROUND(B$20*10,0)=1),"●","") | C18: =IF(AND(ISNUMBER(C$20),ROUND(C$20*10,0)=1),"●","") | D18: =IF(AND(ISNUMBER(D$20),ROUND(D$20*10,0)=1),"●","") | E18: =IF(AND(ISNUMBER(E$20),ROUND(E$20*10,0)=1),"●","") | F18: =IF(AND(ISNUMBER(F$20),ROUND(F$20*10,0)=1),"●","") | G18: =IF(AND(ISNUMBER(G$20),ROUND(G$20*10,0)=1),"●","") | H18: =IF(AND(ISNUMBER(H$20),ROUND(H$20*10,0)=1),"●","") | I18: =IF(AND(ISNUMBER(I$20),ROUND(I$20*10,0)=1),"●","") | ... M18: =IF(AND(ISNUMBER(M$20),ROUND(M$20*10,0)=1),"●","")
A19: 0 | B19: =IF(AND(ISNUMBER(B$20),ROUND(B$20*10,0)=0),"●","") | C19: =IF(AND(ISNUMBER(C$20),ROUND(C$20*10,0)=0),"●","") | D19: =IF(AND(ISNUMBER(D$20),ROUND(D$20*10,0)=0),"●","") | E19: =IF(AND(ISNUMBER(E$20),ROUND(E$20*10,0)=0),"●","") | F19: =IF(AND(ISNUMBER(F$20),ROUND(F$20*10,0)=0),"●","") | G19: =IF(AND(ISNUMBER(G$20),ROUND(G$20*10,0)=0),"●","") | H19: =IF(AND(ISNUMBER(H$20),ROUND(H$20*10,0)=0),"●","") | I19: =IF(AND(ISNUMBER(I$20),ROUND(I$20*10,0)=0),"●","") | ... M19: =IF(AND(ISNUMBER(M$20),ROUND(M$20*10,0)=0),"●","")
A20: Nota geral
A21: Variação | C21: =IF(AND(ISNUMBER(B20),ISNUMBER(C20)),IF(C20>B20,"▲ "&TEXT(C20-B20,"0%"),IF(C20<B20,"▼ "&TEXT(B20-C20,"0%"),"=")),"") | D21: =IF(AND(ISNUMBER(C20),ISNUMBER(D20)),IF(D20>C20,"▲ "&TEXT(D20-C20,"0%"),IF(D20<C20,"▼ "&TEXT(C20-D20,"0%"),"=")),"") | E21: =IF(AND(ISNUMBER(D20),ISNUMBER(E20)),IF(E20>D20,"▲ "&TEXT(E20-D20,"0%"),IF(E20<D20,"▼ "&TEXT(D20-E20,"0%"),"=")),"") | F21: =IF(AND(ISNUMBER(E20),ISNUMBER(F20)),IF(F20>E20,"▲ "&TEXT(F20-E20,"0%"),IF(F20<E20,"▼ "&TEXT(E20-F20,"0%"),"=")),"") | G21: =IF(AND(ISNUMBER(F20),ISNUMBER(G20)),IF(G20>F20,"▲ "&TEXT(G20-F20,"0%"),IF(G20<F20,"▼ "&TEXT(F20-G20,"0%"),"=")),"") | H21: =IF(AND(ISNUMBER(G20),ISNUMBER(H20)),IF(H20>G20,"▲ "&TEXT(H20-G20,"0%"),IF(H20<G20,"▼ "&TEXT(G20-H20,"0%"),"=")),"") | I21: =IF(AND(ISNUMBER(H20),ISNUMBER(I20)),IF(I20>H20,"▲ "&TEXT(I20-H20,"0%"),IF(I20<H20,"▼ "&TEXT(H20-I20,"0%"),"=")),"") | J21: =IF(AND(ISNUMBER(I20),ISNUMBER(J20)),IF(J20>I20,"▲ "&TEXT(J20-I20,"0%"),IF(J20<I20,"▼ "&TEXT(I20-J20,"0%"),"=")),"") | ... M21: =IF(AND(ISNUMBER(L20),ISNUMBER(M20)),IF(M20>L20,"▲ "&TEXT(M20-L20,"0%"),IF(M20<L20,"▼ "&TEXT(L20-M20,"0%"),"=")),"")
A23: Ações 5S cada problema achado na auditoria vira uma ação com dono e prazo
A24: Data | B24: Aberta por | D24: Problema 5S | G24: Responsável | I24: Ação | L24: Prazo | M24: Situação | N24: Concluída em
A37: ● nota da auditoria ■ meta da área ● prazo vencido

Sheet Melhoria antes e depois
B1: Melhoria antes e depois | E1: ="Rev. "&'Leia-me'!$D$15&" · "&'Leia-me'!$D$16
B2: Objetivo: Mostrar a melhoria feita com foto do antes e do depois | E2: ="Elaborado: "&'Leia-me'!$D$13&" · Aprovado: "&'Leia-me'!$D$14
A3: Nº da melhoria | B3: TAG ▼ | C3: Equipamento | D3: Responsável
C4: =IF(B4="","",IFERROR(INDEX(tb_pcm_ativos[descricao_ativo],MATCH(B4,tb_pcm_ativos[tag],0)),"fora do cadastro"))
A6: 1 Problema sujeira, acesso difícil ou falha
A7: O que incomodava
A11: 2 Antes e depois descreva e cole a foto em cada quadro
A12: Como era antes | D12: Como ficou depois
A15: Foto: antes | D15: Foto: depois
A29: 3 Ganho o que melhorou
A30: Resultado: tempo, custo, segurança ou qualidade

Sheet Cadastros
B1: Cadastros | H1: ="Rev. "&'Leia-me'!$D$15&" · "&'Leia-me'!$D$16
B2: Objetivo: Cadastre aqui os itens usados nas listas (▼) das outras abas. | H2: ="Elaborado: "&'Leia-me'!$D$13&" · Aprovado: "&'Leia-me'!$D$14
A3: Responsável | C3: Setor | E3: TAG | F3: Equipamento | G3: Família de equipamento ▼ | H3: Setor ▼ | J3: Família de equipamento
A4: nome_pessoa | C4: nome_setor | E4: tag | F4: descricao_ativo | G4: familia | H4: setor | J4: nome_familia

Sheet Revisões
C1: Revisões | D1: ="Rev. "&'Leia-me'!$D$15&" · "&'Leia-me'!$D$16
C2: Objetivo: Registre cada alteração do modelo; a última linha alimenta Rev. e data do cabeçalho. | D2: ="Elaborado: "&'Leia-me'!$D$13&" · Aprovado: "&'Leia-me'!$D$14
A3: Rev | B3: Data | C3: Descrição da alteração | D3: Elaborado por | E3: Aprovado por
A4: revisao | B4: data_revisao | C4: descricao_alteracao | D4: elaborado_por | E4: aprovado_por
A5: 00 | B5: 46325 | C5: Emissão inicial
