Workbook
Name lm_codigo: 'Lista Mestra'!$A$4:$A$103
Name cad_org_nome: Cadastros!$B$7
Name cad_referencial: Cadastros!$B$8
Name cad_prefixo: Cadastros!$B$9
Name cad_elaborador_padrao: Cadastros!$B$10
Name cad_aprovador_padrao: Cadastros!$B$11
Name cad_meta_disponibilidade: Cadastros!$B$12
Name cad_pessoa_nome: Cadastros!$A$16:$A$35
Name cad_req_referencia: Cadastros!$A$39:$A$68
Name cfg_elaborado: Config!$C$15
Name cfg_aprovado: Config!$C$16
Name cfg_revisao: Config!$C$17
Name cfg_data_revisao: Config!$C$18
Name pcmd_origem: Config!$C$19
Name pcmd_emissao: Config!$C$20
Name lst_tipo_documento: Listas!$A$4:$A$13
Name lst_situacao_documento: Listas!$C$4:$C$13
Name lst_sim_nao: Listas!$E$4:$E$13
Name lst_status_requisito: Listas!$G$4:$G$13

Sheet Lista Mestra
C1: Lista mestra de documentos Atualize revisão, data e situação de cada documento a cada mudança. | K1: ="Rev. "&IF(cfg_revisao="","—",cfg_revisao)&IF(ISNUMBER(cfg_data_revisao)," · "&RIGHT("0"&DAY(cfg_data_revisao),2)&"/"&RIGHT("0"&MONTH(cfg_data_revisao),2)&"/"&YEAR(cfg_data_revisao),"")
K2: ="Elaborado: "&IF(cfg_elaborado="","A definir",cfg_elaborado)&CHAR(10)&"Aprovado: "&IF(cfg_aprovado="","A definir",cfg_aprovado)
A3: Código | B3: Título | C3: Tipo | D3: Revisão | E3: Data da revisão | F3: Elaborador | G3: Aprovador | H3: Próxima revisão | I3: Situação | J3: Conferência | K3: Observação
A4: PCMD-01 | B4: Controle documental | C4: Planilha (XLSX) | D4: 00 | E4: 46321 | I4: Em elaboração | J4: =IF(A4="","",IF(COUNTIF($A$4:$A$103,A4)>1,"ERRO: código repetido",IF(AND(ISNUMBER(E4),ISNUMBER(H4),H4<E4),"ERRO: próxima revisão anterior à data da revisão",IF(AND(I4="Aprovado",G4=""),"Verificar: Aprovado sem aprovador",IF(AND(G4<>"",I4<>"Aprovado",I4<>"Obsoleto"),"Verificar: aprovador sem situação Aprovado",IF(AND(ISNUMBER(H4),H4<TODAY(),I4<>"Obsoleto"),"Verificar: revisão vencida",IF(OR(D4="",NOT(ISNUMBER(E4))),"Pendente: informe revisão e data","OK")))))))
A5: PCMD-02 | B5: Ativos e criticidade | C5: Planilha (XLSX) | D5: 00 | E5: 46321 | I5: Em elaboração | J5: =IF(A5="","",IF(COUNTIF($A$4:$A$103,A5)>1,"ERRO: código repetido",IF(AND(ISNUMBER(E5),ISNUMBER(H5),H5<E5),"ERRO: próxima revisão anterior à data da revisão",IF(AND(I5="Aprovado",G5=""),"Verificar: Aprovado sem aprovador",IF(AND(G5<>"",I5<>"Aprovado",I5<>"Obsoleto"),"Verificar: aprovador sem situação Aprovado",IF(AND(ISNUMBER(H5),H5<TODAY(),I5<>"Obsoleto"),"Verificar: revisão vencida",IF(OR(D5="",NOT(ISNUMBER(E5))),"Pendente: informe revisão e data","OK")))))))
A6: PCMD-03 | B6: Plano mestre de manutenção | C6: Planilha (XLSX) | D6: 00 | E6: 46321 | I6: Em elaboração | J6: =IF(A6="","",IF(COUNTIF($A$4:$A$103,A6)>1,"ERRO: código repetido",IF(AND(ISNUMBER(E6),ISNUMBER(H6),H6<E6),"ERRO: próxima revisão anterior à data da revisão",IF(AND(I6="Aprovado",G6=""),"Verificar: Aprovado sem aprovador",IF(AND(G6<>"",I6<>"Aprovado",I6<>"Obsoleto"),"Verificar: aprovador sem situação Aprovado",IF(AND(ISNUMBER(H6),H6<TODAY(),I6<>"Obsoleto"),"Verificar: revisão vencida",IF(OR(D6="",NOT(ISNUMBER(E6))),"Pendente: informe revisão e data","OK")))))))
A7: PCMD-04 | B7: Cronograma e acompanhamento mensal | C7: Planilha (XLSX) | D7: 00 | E7: 46321 | I7: Em elaboração | J7: =IF(A7="","",IF(COUNTIF($A$4:$A$103,A7)>1,"ERRO: código repetido",IF(AND(ISNUMBER(E7),ISNUMBER(H7),H7<E7),"ERRO: próxima revisão anterior à data da revisão",IF(AND(I7="Aprovado",G7=""),"Verificar: Aprovado sem aprovador",IF(AND(G7<>"",I7<>"Aprovado",I7<>"Obsoleto"),"Verificar: aprovador sem situação Aprovado",IF(AND(ISNUMBER(H7),H7<TODAY(),I7<>"Obsoleto"),"Verificar: revisão vencida",IF(OR(D7="",NOT(ISNUMBER(E7))),"Pendente: informe revisão e data","OK")))))))
A8: PCMD-05 | B8: Ficha de falha | C8: Planilha (XLSX) | D8: 00 | E8: 46321 | I8: Em elaboração | J8: =IF(A8="","",IF(COUNTIF($A$4:$A$103,A8)>1,"ERRO: código repetido",IF(AND(ISNUMBER(E8),ISNUMBER(H8),H8<E8),"ERRO: próxima revisão anterior à data da revisão",IF(AND(I8="Aprovado",G8=""),"Verificar: Aprovado sem aprovador",IF(AND(G8<>"",I8<>"Aprovado",I8<>"Obsoleto"),"Verificar: aprovador sem situação Aprovado",IF(AND(ISNUMBER(H8),H8<TODAY(),I8<>"Obsoleto"),"Verificar: revisão vencida",IF(OR(D8="",NOT(ISNUMBER(E8))),"Pendente: informe revisão e data","OK")))))))
A9: PCMD-06 | B9: Peças críticas | C9: Planilha (XLSX) | D9: 00 | E9: 46321 | I9: Em elaboração | J9: =IF(A9="","",IF(COUNTIF($A$4:$A$103,A9)>1,"ERRO: código repetido",IF(AND(ISNUMBER(E9),ISNUMBER(H9),H9<E9),"ERRO: próxima revisão anterior à data da revisão",IF(AND(I9="Aprovado",G9=""),"Verificar: Aprovado sem aprovador",IF(AND(G9<>"",I9<>"Aprovado",I9<>"Obsoleto"),"Verificar: aprovador sem situação Aprovado",IF(AND(ISNUMBER(H9),H9<TODAY(),I9<>"Obsoleto"),"Verificar: revisão vencida",IF(OR(D9="",NOT(ISNUMBER(E9))),"Pendente: informe revisão e data","OK")))))))
A10: PCMD-07 | B10: Indicadores mensais | C10: Planilha (XLSX) | D10: 00 | E10: 46321 | I10: Em elaboração | J10: =IF(A10="","",IF(COUNTIF($A$4:$A$103,A10)>1,"ERRO: código repetido",IF(AND(ISNUMBER(E10),ISNUMBER(H10),H10<E10),"ERRO: próxima revisão anterior à data da revisão",IF(AND(I10="Aprovado",G10=""),"Verificar: Aprovado sem aprovador",IF(AND(G10<>"",I10<>"Aprovado",I10<>"Obsoleto"),"Verificar: aprovador sem situação Aprovado",IF(AND(ISNUMBER(H10),H10<TODAY(),I10<>"Obsoleto"),"Verificar: revisão vencida",IF(OR(D10="",NOT(ISNUMBER(E10))),"Pendente: informe revisão e data","OK")))))))
A11: PCMD-08 | B11: Ação corretiva | C11: Planilha (XLSX) | D11: 00 | E11: 46321 | I11: Em elaboração | J11: =IF(A11="","",IF(COUNTIF($A$4:$A$103,A11)>1,"ERRO: código repetido",IF(AND(ISNUMBER(E11),ISNUMBER(H11),H11<E11),"ERRO: próxima revisão anterior à data da revisão",IF(AND(I11="Aprovado",G11=""),"Verificar: Aprovado sem aprovador",IF(AND(G11<>"",I11<>"Aprovado",I11<>"Obsoleto"),"Verificar: aprovador sem situação Aprovado",IF(AND(ISNUMBER(H11),H11<TODAY(),I11<>"Obsoleto"),"Verificar: revisão vencida",IF(OR(D11="",NOT(ISNUMBER(E11))),"Pendente: informe revisão e data","OK")))))))
A12: PCMD-W1 | B12: Manual de gestão de ativos | C12: Manual (DOCX) | D12: 00 | E12: 46321 | I12: Em elaboração | J12: =IF(A12="","",IF(COUNTIF($A$4:$A$103,A12)>1,"ERRO: código repetido",IF(AND(ISNUMBER(E12),ISNUMBER(H12),H12<E12),"ERRO: próxima revisão anterior à data da revisão",IF(AND(I12="Aprovado",G12=""),"Verificar: Aprovado sem aprovador",IF(AND(G12<>"",I12<>"Aprovado",I12<>"Obsoleto"),"Verificar: aprovador sem situação Aprovado",IF(AND(ISNUMBER(H12),H12<TODAY(),I12<>"Obsoleto"),"Verificar: revisão vencida",IF(OR(D12="",NOT(ISNUMBER(E12))),"Pendente: informe revisão e data","OK")))))))
A13: PCMD-W2 | B13: Manual de estratégia de manutenção | C13: Manual (DOCX) | D13: 00 | E13: 46321 | I13: Em elaboração | J13: =IF(A13="","",IF(COUNTIF($A$4:$A$103,A13)>1,"ERRO: código repetido",IF(AND(ISNUMBER(E13),ISNUMBER(H13),H13<E13),"ERRO: próxima revisão anterior à data da revisão",IF(AND(I13="Aprovado",G13=""),"Verificar: Aprovado sem aprovador",IF(AND(G13<>"",I13<>"Aprovado",I13<>"Obsoleto"),"Verificar: aprovador sem situação Aprovado",IF(AND(ISNUMBER(H13),H13<TODAY(),I13<>"Obsoleto"),"Verificar: revisão vencida",IF(OR(D13="",NOT(ISNUMBER(E13))),"Pendente: informe revisão e data","OK")))))))
A14: PCMD-K01 | B14: Controle de ativos e preventiva | C14: Planilha (XLSX) | D14: 00 | E14: 46321 | I14: Em elaboração | J14: =IF(A14="","",IF(COUNTIF($A$4:$A$103,A14)>1,"ERRO: código repetido",IF(AND(ISNUMBER(E14),ISNUMBER(H14),H14<E14),"ERRO: próxima revisão anterior à data da revisão",IF(AND(I14="Aprovado",G14=""),"Verificar: Aprovado sem aprovador",IF(AND(G14<>"",I14<>"Aprovado",I14<>"Obsoleto"),"Verificar: aprovador sem situação Aprovado",IF(AND(ISNUMBER(H14),H14<TODAY(),I14<>"Obsoleto"),"Verificar: revisão vencida",IF(OR(D14="",NOT(ISNUMBER(E14))),"Pendente: informe revisão e data","OK")))))))
A15: PCMD-K02 | B15: Sistema de ordens de serviço | C15: Planilha (XLSX) | D15: 00 | E15: 46321 | I15: Em elaboração | J15: =IF(A15="","",IF(COUNTIF($A$4:$A$103,A15)>1,"ERRO: código repetido",IF(AND(ISNUMBER(E15),ISNUMBER(H15),H15<E15),"ERRO: próxima revisão anterior à data da revisão",IF(AND(I15="Aprovado",G15=""),"Verificar: Aprovado sem aprovador",IF(AND(G15<>"",I15<>"Aprovado",I15<>"Obsoleto"),"Verificar: aprovador sem situação Aprovado",IF(AND(ISNUMBER(H15),H15<TODAY(),I15<>"Obsoleto"),"Verificar: revisão vencida",IF(OR(D15="",NOT(ISNUMBER(E15))),"Pendente: informe revisão e data","OK")))))))
... A22: PCMD-K09 | B22: CMMS completo | C22: Planilha (XLSX) | D22: 00 | E22: 46321 | I22: Em elaboração | J22: =IF(A22="","",IF(COUNTIF($A$4:$A$103,A22)>1,"ERRO: código repetido",IF(AND(ISNUMBER(E22),ISNUMBER(H22),H22<E22),"ERRO: próxima revisão anterior à data da revisão",IF(AND(I22="Aprovado",G22=""),"Verificar: Aprovado sem aprovador",IF(AND(G22<>"",I22<>"Aprovado",I22<>"Obsoleto"),"Verificar: aprovador sem situação Aprovado",IF(AND(ISNUMBER(H22),H22<TODAY(),I22<>"Obsoleto"),"Verificar: revisão vencida",IF(OR(D22="",NOT(ISNUMBER(E22))),"Pendente: informe revisão e data","OK")))))))
J23: =IF(A23="","",IF(COUNTIF($A$4:$A$103,A23)>1,"ERRO: código repetido",IF(AND(ISNUMBER(E23),ISNUMBER(H23),H23<E23),"ERRO: próxima revisão anterior à data da revisão",IF(AND(I23="Aprovado",G23=""),"Verificar: Aprovado sem aprovador",IF(AND(G23<>"",I23<>"Aprovado",I23<>"Obsoleto"),"Verificar: aprovador sem situação Aprovado",IF(AND(ISNUMBER(H23),H23<TODAY(),I23<>"Obsoleto"),"Verificar: revisão vencida",IF(OR(D23="",NOT(ISNUMBER(E23))),"Pendente: informe revisão e data","OK")))))))
J24: =IF(A24="","",IF(COUNTIF($A$4:$A$103,A24)>1,"ERRO: código repetido",IF(AND(ISNUMBER(E24),ISNUMBER(H24),H24<E24),"ERRO: próxima revisão anterior à data da revisão",IF(AND(I24="Aprovado",G24=""),"Verificar: Aprovado sem aprovador",IF(AND(G24<>"",I24<>"Aprovado",I24<>"Obsoleto"),"Verificar: aprovador sem situação Aprovado",IF(AND(ISNUMBER(H24),H24<TODAY(),I24<>"Obsoleto"),"Verificar: revisão vencida",IF(OR(D24="",NOT(ISNUMBER(E24))),"Pendente: informe revisão e data","OK")))))))
J25: =IF(A25="","",IF(COUNTIF($A$4:$A$103,A25)>1,"ERRO: código repetido",IF(AND(ISNUMBER(E25),ISNUMBER(H25),H25<E25),"ERRO: próxima revisão anterior à data da revisão",IF(AND(I25="Aprovado",G25=""),"Verificar: Aprovado sem aprovador",IF(AND(G25<>"",I25<>"Aprovado",I25<>"Obsoleto"),"Verificar: aprovador sem situação Aprovado",IF(AND(ISNUMBER(H25),H25<TODAY(),I25<>"Obsoleto"),"Verificar: revisão vencida",IF(OR(D25="",NOT(ISNUMBER(E25))),"Pendente: informe revisão e data","OK")))))))
J26: =IF(A26="","",IF(COUNTIF($A$4:$A$103,A26)>1,"ERRO: código repetido",IF(AND(ISNUMBER(E26),ISNUMBER(H26),H26<E26),"ERRO: próxima revisão anterior à data da revisão",IF(AND(I26="Aprovado",G26=""),"Verificar: Aprovado sem aprovador",IF(AND(G26<>"",I26<>"Aprovado",I26<>"Obsoleto"),"Verificar: aprovador sem situação Aprovado",IF(AND(ISNUMBER(H26),H26<TODAY(),I26<>"Obsoleto"),"Verificar: revisão vencida",IF(OR(D26="",NOT(ISNUMBER(E26))),"Pendente: informe revisão e data","OK")))))))
J27: =IF(A27="","",IF(COUNTIF($A$4:$A$103,A27)>1,"ERRO: código repetido",IF(AND(ISNUMBER(E27),ISNUMBER(H27),H27<E27),"ERRO: próxima revisão anterior à data da revisão",IF(AND(I27="Aprovado",G27=""),"Verificar: Aprovado sem aprovador",IF(AND(G27<>"",I27<>"Aprovado",I27<>"Obsoleto"),"Verificar: aprovador sem situação Aprovado",IF(AND(ISNUMBER(H27),H27<TODAY(),I27<>"Obsoleto"),"Verificar: revisão vencida",IF(OR(D27="",NOT(ISNUMBER(E27))),"Pendente: informe revisão e data","OK")))))))
J28: =IF(A28="","",IF(COUNTIF($A$4:$A$103,A28)>1,"ERRO: código repetido",IF(AND(ISNUMBER(E28),ISNUMBER(H28),H28<E28),"ERRO: próxima revisão anterior à data da revisão",IF(AND(I28="Aprovado",G28=""),"Verificar: Aprovado sem aprovador",IF(AND(G28<>"",I28<>"Aprovado",I28<>"Obsoleto"),"Verificar: aprovador sem situação Aprovado",IF(AND(ISNUMBER(H28),H28<TODAY(),I28<>"Obsoleto"),"Verificar: revisão vencida",IF(OR(D28="",NOT(ISNUMBER(E28))),"Pendente: informe revisão e data","OK")))))))
J29: =IF(A29="","",IF(COUNTIF($A$4:$A$103,A29)>1,"ERRO: código repetido",IF(AND(ISNUMBER(E29),ISNUMBER(H29),H29<E29),"ERRO: próxima revisão anterior à data da revisão",IF(AND(I29="Aprovado",G29=""),"Verificar: Aprovado sem aprovador",IF(AND(G29<>"",I29<>"Aprovado",I29<>"Obsoleto"),"Verificar: aprovador sem situação Aprovado",IF(AND(ISNUMBER(H29),H29<TODAY(),I29<>"Obsoleto"),"Verificar: revisão vencida",IF(OR(D29="",NOT(ISNUMBER(E29))),"Pendente: informe revisão e data","OK")))))))
J30: =IF(A30="","",IF(COUNTIF($A$4:$A$103,A30)>1,"ERRO: código repetido",IF(AND(ISNUMBER(E30),ISNUMBER(H30),H30<E30),"ERRO: próxima revisão anterior à data da revisão",IF(AND(I30="Aprovado",G30=""),"Verificar: Aprovado sem aprovador",IF(AND(G30<>"",I30<>"Aprovado",I30<>"Obsoleto"),"Verificar: aprovador sem situação Aprovado",IF(AND(ISNUMBER(H30),H30<TODAY(),I30<>"Obsoleto"),"Verificar: revisão vencida",IF(OR(D30="",NOT(ISNUMBER(E30))),"Pendente: informe revisão e data","OK")))))))
J31: =IF(A31="","",IF(COUNTIF($A$4:$A$103,A31)>1,"ERRO: código repetido",IF(AND(ISNUMBER(E31),ISNUMBER(H31),H31<E31),"ERRO: próxima revisão anterior à data da revisão",IF(AND(I31="Aprovado",G31=""),"Verificar: Aprovado sem aprovador",IF(AND(G31<>"",I31<>"Aprovado",I31<>"Obsoleto"),"Verificar: aprovador sem situação Aprovado",IF(AND(ISNUMBER(H31),H31<TODAY(),I31<>"Obsoleto"),"Verificar: revisão vencida",IF(OR(D31="",NOT(ISNUMBER(E31))),"Pendente: informe revisão e data","OK")))))))
J32: =IF(A32="","",IF(COUNTIF($A$4:$A$103,A32)>1,"ERRO: código repetido",IF(AND(ISNUMBER(E32),ISNUMBER(H32),H32<E32),"ERRO: próxima revisão anterior à data da revisão",IF(AND(I32="Aprovado",G32=""),"Verificar: Aprovado sem aprovador",IF(AND(G32<>"",I32<>"Aprovado",I32<>"Obsoleto"),"Verificar: aprovador sem situação Aprovado",IF(AND(ISNUMBER(H32),H32<TODAY(),I32<>"Obsoleto"),"Verificar: revisão vencida",IF(OR(D32="",NOT(ISNUMBER(E32))),"Pendente: informe revisão e data","OK")))))))
J33: =IF(A33="","",IF(COUNTIF($A$4:$A$103,A33)>1,"ERRO: código repetido",IF(AND(ISNUMBER(E33),ISNUMBER(H33),H33<E33),"ERRO: próxima revisão anterior à data da revisão",IF(AND(I33="Aprovado",G33=""),"Verificar: Aprovado sem aprovador",IF(AND(G33<>"",I33<>"Aprovado",I33<>"Obsoleto"),"Verificar: aprovador sem situação Aprovado",IF(AND(ISNUMBER(H33),H33<TODAY(),I33<>"Obsoleto"),"Verificar: revisão vencida",IF(OR(D33="",NOT(ISNUMBER(E33))),"Pendente: informe revisão e data","OK")))))))
J34: =IF(A34="","",IF(COUNTIF($A$4:$A$103,A34)>1,"ERRO: código repetido",IF(AND(ISNUMBER(E34),ISNUMBER(H34),H34<E34),"ERRO: próxima revisão anterior à data da revisão",IF(AND(I34="Aprovado",G34=""),"Verificar: Aprovado sem aprovador",IF(AND(G34<>"",I34<>"Aprovado",I34<>"Obsoleto"),"Verificar: aprovador sem situação Aprovado",IF(AND(ISNUMBER(H34),H34<TODAY(),I34<>"Obsoleto"),"Verificar: revisão vencida",IF(OR(D34="",NOT(ISNUMBER(E34))),"Pendente: informe revisão e data","OK")))))))
... J103: =IF(A103="","",IF(COUNTIF($A$4:$A$103,A103)>1,"ERRO: código repetido",IF(AND(ISNUMBER(E103),ISNUMBER(H103),H103<E103),"ERRO: próxima revisão anterior à data da revisão",IF(AND(I103="Aprovado",G103=""),"Verificar: Aprovado sem aprovador",IF(AND(G103<>"",I103<>"Aprovado",I103<>"Obsoleto"),"Verificar: aprovador sem situação Aprovado",IF(AND(ISNUMBER(H103),H103<TODAY(),I103<>"Obsoleto"),"Verificar: revisão vencida",IF(OR(D103="",NOT(ISNUMBER(E103))),"Pendente: informe revisão e data","OK")))))))

Sheet Revisões
C1: Histórico de revisões Uma linha por revisão de qualquer documento PCMD. | E1: ="Rev. "&IF(cfg_revisao="","—",cfg_revisao)&IF(ISNUMBER(cfg_data_revisao)," · "&RIGHT("0"&DAY(cfg_data_revisao),2)&"/"&RIGHT("0"&MONTH(cfg_data_revisao),2)&"/"&YEAR(cfg_data_revisao),"")
E2: ="Elaborado: "&IF(cfg_elaborado="","A definir",cfg_elaborado)&CHAR(10)&"Aprovado: "&IF(cfg_aprovado="","A definir",cfg_aprovado)
A3: Documento | B3: Revisão | C3: Data | D3: Descrição da mudança | E3: Responsável
A4: PCMD-01 | B4: 00 | C4: 46321 | D4: Emissão no padrão PCM Direto (PCMD-Modelo-Padrão): layout, cores, fontes e conferências revisados.
A5: PCMD-02 | B5: 00 | C5: 46321 | D5: Emissão no padrão PCM Direto (PCMD-Modelo-Padrão): layout, cores, fontes e conferências revisados.
A6: PCMD-03 | B6: 00 | C6: 46321 | D6: Emissão no padrão PCM Direto (PCMD-Modelo-Padrão): layout, cores, fontes e conferências revisados.
A7: PCMD-04 | B7: 00 | C7: 46321 | D7: Emissão no padrão PCM Direto (PCMD-Modelo-Padrão): layout, cores, fontes e conferências revisados.
A8: PCMD-05 | B8: 00 | C8: 46321 | D8: Emissão no padrão PCM Direto (PCMD-Modelo-Padrão): layout, cores, fontes e conferências revisados.
A9: PCMD-06 | B9: 00 | C9: 46321 | D9: Emissão no padrão PCM Direto (PCMD-Modelo-Padrão): layout, cores, fontes e conferências revisados.
A10: PCMD-07 | B10: 00 | C10: 46321 | D10: Emissão no padrão PCM Direto (PCMD-Modelo-Padrão): layout, cores, fontes e conferências revisados.
A11: PCMD-08 | B11: 00 | C11: 46321 | D11: Emissão no padrão PCM Direto (PCMD-Modelo-Padrão): layout, cores, fontes e conferências revisados.
A12: PCMD-W1 | B12: 00 | C12: 46321 | D12: Emissão no padrão PCM Direto (PCMD-Modelo-Padrão): layout, cores, fontes e conferências revisados.
A13: PCMD-W2 | B13: 00 | C13: 46321 | D13: Emissão no padrão PCM Direto (PCMD-Modelo-Padrão): layout, cores, fontes e conferências revisados.
A14: PCMD-K01 | B14: 00 | C14: 46321 | D14: Emissão no padrão PCM Direto (PCMD-Modelo-Padrão): layout, cores, fontes e conferências revisados.
A15: PCMD-K02 | B15: 00 | C15: 46321 | D15: Emissão no padrão PCM Direto (PCMD-Modelo-Padrão): layout, cores, fontes e conferências revisados.
... A22: PCMD-K09 | B22: 00 | C22: 46321 | D22: Emissão no padrão PCM Direto (PCMD-Modelo-Padrão): layout, cores, fontes e conferências revisados.

Sheet Cadastros
C1: Cadastros Organização, pessoas e referências usadas pelos documentos PCMD. | G1: ="Rev. "&IF(cfg_revisao="","—",cfg_revisao)&IF(ISNUMBER(cfg_data_revisao)," · "&RIGHT("0"&DAY(cfg_data_revisao),2)&"/"&RIGHT("0"&MONTH(cfg_data_revisao),2)&"/"&YEAR(cfg_data_revisao),"")
G2: ="Elaborado: "&IF(cfg_elaborado="","A definir",cfg_elaborado)&CHAR(10)&"Aprovado: "&IF(cfg_aprovado="","A definir",cfg_aprovado)
A5: 1. ORGANIZAÇÃO
A6: Campo | B6: Valor | C6: Automático | D6: Orientação
A7: Nome da organização | D7: Ex.: Indústria Exemplo. Aparece nos manuais PCMD-W1 e PCMD-W2.
A8: Referencial | B8: GERAL (sem norma) | D8: Padrão: GERAL (sem norma). Não cite norma sem fonte oficial, versão e data (bloco 3).
A9: Prefixo dos documentos | B9: PCMD | D9: Padrão: PCMD.
A10: Elaborador padrão | C10: =IF(B10="","",IF(COUNTIF(cad_pessoa_nome,B10)>0,"Cadastrada","Verificar: pessoa não cadastrada")) | D10: Nome do bloco 2 (Pessoas e funções).
A11: Aprovador padrão | C11: =IF(B11="","A definir (aprovação não registrada)",IF(COUNTIF(cad_pessoa_nome,B11)>0,"Cadastrada","Verificar: pessoa não cadastrada")) | D11: Só informe após aprovação efetiva.
A12: Meta de disponibilidade (%) | C12: =IF(B12="","A definir",B12) | D12: Entre 0% e 100%. Usada como referência no PCMD-07.
A14: 2. PESSOAS E FUNÇÕES
A15: Nome | B15: Função | C15: Especialidade | D15: Ativa | E15: Conferência
E16: =IF(A16="","",IF(COUNTIF(cad_pessoa_nome,A16)>1,"ERRO: nome repetido",IF(D16="","Pendente: informe se está ativa","OK")))
E17: =IF(A17="","",IF(COUNTIF(cad_pessoa_nome,A17)>1,"ERRO: nome repetido",IF(D17="","Pendente: informe se está ativa","OK")))
E18: =IF(A18="","",IF(COUNTIF(cad_pessoa_nome,A18)>1,"ERRO: nome repetido",IF(D18="","Pendente: informe se está ativa","OK")))
E19: =IF(A19="","",IF(COUNTIF(cad_pessoa_nome,A19)>1,"ERRO: nome repetido",IF(D19="","Pendente: informe se está ativa","OK")))
E20: =IF(A20="","",IF(COUNTIF(cad_pessoa_nome,A20)>1,"ERRO: nome repetido",IF(D20="","Pendente: informe se está ativa","OK")))
E21: =IF(A21="","",IF(COUNTIF(cad_pessoa_nome,A21)>1,"ERRO: nome repetido",IF(D21="","Pendente: informe se está ativa","OK")))
E22: =IF(A22="","",IF(COUNTIF(cad_pessoa_nome,A22)>1,"ERRO: nome repetido",IF(D22="","Pendente: informe se está ativa","OK")))
E23: =IF(A23="","",IF(COUNTIF(cad_pessoa_nome,A23)>1,"ERRO: nome repetido",IF(D23="","Pendente: informe se está ativa","OK")))
E24: =IF(A24="","",IF(COUNTIF(cad_pessoa_nome,A24)>1,"ERRO: nome repetido",IF(D24="","Pendente: informe se está ativa","OK")))
E25: =IF(A25="","",IF(COUNTIF(cad_pessoa_nome,A25)>1,"ERRO: nome repetido",IF(D25="","Pendente: informe se está ativa","OK")))
E26: =IF(A26="","",IF(COUNTIF(cad_pessoa_nome,A26)>1,"ERRO: nome repetido",IF(D26="","Pendente: informe se está ativa","OK")))
E27: =IF(A27="","",IF(COUNTIF(cad_pessoa_nome,A27)>1,"ERRO: nome repetido",IF(D27="","Pendente: informe se está ativa","OK")))
... E35: =IF(A35="","",IF(COUNTIF(cad_pessoa_nome,A35)>1,"ERRO: nome repetido",IF(D35="","Pendente: informe se está ativa","OK")))
A37: 3. REQUISITOS E REFERÊNCIAS
A38: Referência | B38: Versão | C38: Data | D38: Fonte oficial (HTTPS) | E38: Status | F38: Conferência
F39: =IF(A39="","",IF(E39="Verificado",IF(OR(B39="",NOT(ISNUMBER(C39)),LEFT(D39,8)<>"https://"),"ERRO: Verificado exige versão, data e fonte HTTPS","OK: verificado pelo responsável (não certifica conformidade)"),"Não verificado: verificar na fonte oficial"))
F40: =IF(A40="","",IF(E40="Verificado",IF(OR(B40="",NOT(ISNUMBER(C40)),LEFT(D40,8)<>"https://"),"ERRO: Verificado exige versão, data e fonte HTTPS","OK: verificado pelo responsável (não certifica conformidade)"),"Não verificado: verificar na fonte oficial"))
F41: =IF(A41="","",IF(E41="Verificado",IF(OR(B41="",NOT(ISNUMBER(C41)),LEFT(D41,8)<>"https://"),"ERRO: Verificado exige versão, data e fonte HTTPS","OK: verificado pelo responsável (não certifica conformidade)"),"Não verificado: verificar na fonte oficial"))
F42: =IF(A42="","",IF(E42="Verificado",IF(OR(B42="",NOT(ISNUMBER(C42)),LEFT(D42,8)<>"https://"),"ERRO: Verificado exige versão, data e fonte HTTPS","OK: verificado pelo responsável (não certifica conformidade)"),"Não verificado: verificar na fonte oficial"))
F43: =IF(A43="","",IF(E43="Verificado",IF(OR(B43="",NOT(ISNUMBER(C43)),LEFT(D43,8)<>"https://"),"ERRO: Verificado exige versão, data e fonte HTTPS","OK: verificado pelo responsável (não certifica conformidade)"),"Não verificado: verificar na fonte oficial"))
F44: =IF(A44="","",IF(E44="Verificado",IF(OR(B44="",NOT(ISNUMBER(C44)),LEFT(D44,8)<>"https://"),"ERRO: Verificado exige versão, data e fonte HTTPS","OK: verificado pelo responsável (não certifica conformidade)"),"Não verificado: verificar na fonte oficial"))
F45: =IF(A45="","",IF(E45="Verificado",IF(OR(B45="",NOT(ISNUMBER(C45)),LEFT(D45,8)<>"https://"),"ERRO: Verificado exige versão, data e fonte HTTPS","OK: verificado pelo responsável (não certifica conformidade)"),"Não verificado: verificar na fonte oficial"))
F46: =IF(A46="","",IF(E46="Verificado",IF(OR(B46="",NOT(ISNUMBER(C46)),LEFT(D46,8)<>"https://"),"ERRO: Verificado exige versão, data e fonte HTTPS","OK: verificado pelo responsável (não certifica conformidade)"),"Não verificado: verificar na fonte oficial"))
F47: =IF(A47="","",IF(E47="Verificado",IF(OR(B47="",NOT(ISNUMBER(C47)),LEFT(D47,8)<>"https://"),"ERRO: Verificado exige versão, data e fonte HTTPS","OK: verificado pelo responsável (não certifica conformidade)"),"Não verificado: verificar na fonte oficial"))
F48: =IF(A48="","",IF(E48="Verificado",IF(OR(B48="",NOT(ISNUMBER(C48)),LEFT(D48,8)<>"https://"),"ERRO: Verificado exige versão, data e fonte HTTPS","OK: verificado pelo responsável (não certifica conformidade)"),"Não verificado: verificar na fonte oficial"))
F49: =IF(A49="","",IF(E49="Verificado",IF(OR(B49="",NOT(ISNUMBER(C49)),LEFT(D49,8)<>"https://"),"ERRO: Verificado exige versão, data e fonte HTTPS","OK: verificado pelo responsável (não certifica conformidade)"),"Não verificado: verificar na fonte oficial"))
F50: =IF(A50="","",IF(E50="Verificado",IF(OR(B50="",NOT(ISNUMBER(C50)),LEFT(D50,8)<>"https://"),"ERRO: Verificado exige versão, data e fonte HTTPS","OK: verificado pelo responsável (não certifica conformidade)"),"Não verificado: verificar na fonte oficial"))
... F68: =IF(A68="","",IF(E68="Verificado",IF(OR(B68="",NOT(ISNUMBER(C68)),LEFT(D68,8)<>"https://"),"ERRO: Verificado exige versão, data e fonte HTTPS","OK: verificado pelo responsável (não certifica conformidade)"),"Não verificado: verificar na fonte oficial"))

Sheet Config
C1: Controle documental Como usar, parâmetros do documento e conferências gerais. | F1: ="Rev. "&IF(cfg_revisao="","—",cfg_revisao)&IF(ISNUMBER(cfg_data_revisao)," · "&RIGHT("0"&DAY(cfg_data_revisao),2)&"/"&RIGHT("0"&MONTH(cfg_data_revisao),2)&"/"&YEAR(cfg_data_revisao),"")
F2: ="Elaborado: "&IF(cfg_elaborado="","A definir",cfg_elaborado)&CHAR(10)&"Aprovado: "&IF(cfg_aprovado="","A definir",cfg_aprovado)
A4: Abas deste arquivo | B4: → Lista Mestra | D4: → Revisões | E4: → Cadastros
B5: → Listas
A7: 1. COMO USAR
A8: 1) Em Cadastros, preencha a organização e cadastre as pessoas (nome, função, especialidade e se está ativa).
A9: 2) Ainda em Cadastros, registre as referências usadas. Elas começam como Não verificado; Verificado exige versão, data e fonte HTTPS.
A10: 3) Mantenha a Lista Mestra e as Revisões a cada mudança. A revisão do PCMD-01 na Lista Mestra aparece no cabeçalho de todas as abas.
A11: Azul-claro: preencher. Cinza: automático (fórmula protegida, não digite). ERRO em vermelho e Pendente em amarelo pedem ação; OK em verde.
A13: 2. PARÂMETROS DO DOCUMENTO
A14: Parâmetro | C14: Valor | E14: Orientação
A15: Elaborado por | E15: Nome de quem preparou o documento.
A16: Aprovado por (só após aprovação) | E16: Preencha somente após a aprovação efetiva.
A17: Revisão atual (automática) | C17: =IFERROR(INDEX('Lista Mestra'!$D$4:$D$103,MATCH("PCMD-01",lm_codigo,0))&"","") | E17: Última linha preenchida em Revisões.
A18: Data da revisão (automática) | C18: =IFERROR(1/(1/INDEX('Lista Mestra'!$E$4:$E$103,MATCH("PCMD-01",lm_codigo,0))),"") | E18: Data da mesma linha da revisão atual.
A19: Origem dos dados | E19: Ex.: preenchimento manual, exportação do sistema.
A20: Data de emissão | E20: Data em que este arquivo foi emitido.
A22: 3. CONFERÊNCIAS
A23: Aba / verificação | B23: Linhas preenchidas | C23: Linhas com ERRO | D23: Capacidade / resultado
A24: Lista Mestra | B24: =COUNTA('Lista Mestra'!$A$4:$A$103) | C24: =COUNTIF('Lista Mestra'!$J$4:$J$103,"ERRO*") | D24: =IF(COUNTA('Lista Mestra'!$A$104:$A$2103)>0,"ATENÇÃO: há dados além da linha 103; estenda fórmulas e nomes","OK")
A25: Pessoas | B25: =COUNTA(cad_pessoa_nome) | C25: =COUNTIF('Cadastros'!$E$16:$E$35,"ERRO*") | D25: =IF(COUNTA(cad_pessoa_nome)>=20,"ATENÇÃO: bloco de pessoas cheio; peça a ampliação antes de incluir novos nomes","OK")
A26: Requisitos | B26: =COUNTA(cad_req_referencia) | C26: =COUNTIF('Cadastros'!$F$39:$F$68,"ERRO*") | D26: =IF(COUNTA('Cadastros'!$A$69:$A$2068)>0,"ATENÇÃO: há dados além da linha 68; estenda fórmulas e nomes","OK")
A27: Revisões | B27: =COUNTA('Revisões'!$A$4:$A$103) | C27: =SUMPRODUCT(('Revisões'!$A$4:$A$103<>"")*(COUNTIF(lm_codigo,'Revisões'!$A$4:$A$103)=0)) | D27: =IF(COUNTA('Revisões'!$A$104:$A$2103)>0,"ATENÇÃO: há dados além da linha 103","OK")
A29: PCMD-01 · Modelo 2.0.0 · PCM Direto · Thiago Oliveira Lima · pcmdireto@gmail.com · Licença MIT · Sem macros, vínculos externos ou envio de dados.

Sheet Listas
C1: Listas Itens das listas suspensas. Inclua novos itens nas linhas vazias de cada bloco. | G1: ="Rev. "&IF(cfg_revisao="","—",cfg_revisao)&IF(ISNUMBER(cfg_data_revisao)," · "&RIGHT("0"&DAY(cfg_data_revisao),2)&"/"&RIGHT("0"&MONTH(cfg_data_revisao),2)&"/"&YEAR(cfg_data_revisao),"")
G2: ="Elaborado: "&IF(cfg_elaborado="","A definir",cfg_elaborado)&CHAR(10)&"Aprovado: "&IF(cfg_aprovado="","A definir",cfg_aprovado)
A3: Tipo de documento | C3: Situação do documento | E3: Sim/Não | G3: Status de requisito
A4: Planilha (XLSX) | C4: Em elaboração | E4: Sim | G4: Não verificado
A5: Manual (DOCX) | C5: Em revisão | E5: Não | G5: Verificado
A6: Procedimento | C6: Aprovado
A7: Formulário | C7: Obsoleto
A8: Outro
