Workbook
Name rv_revisao: 'Revisões'!$A$4:$A$33
Name rv_data: 'Revisões'!$B$4:$B$33
Name cfg_elaborado: 'Instruções'!$C$15
Name cfg_aprovado: 'Instruções'!$C$16
Name cfg_revisao: 'Instruções'!$C$17
Name cfg_data_revisao: 'Instruções'!$C$18
Name pcmd_origem: 'Instruções'!$C$19
Name pcmd_emissao: 'Instruções'!$C$20

Sheet Instruções
C1: Kit de 3 checklists de manutenção Como usar, parâmetros do documento e conferências gerais. | F1: ="Rev. "&IF(cfg_revisao="","—",cfg_revisao)&IF(ISNUMBER(cfg_data_revisao)," · "&RIGHT("0"&DAY(cfg_data_revisao),2)&"/"&RIGHT("0"&MONTH(cfg_data_revisao),2)&"/"&YEAR(cfg_data_revisao),"")
F2: ="Elaborado: "&IF(cfg_elaborado="","A definir",cfg_elaborado)&CHAR(10)&"Aprovado: "&IF(cfg_aprovado="","A definir",cfg_aprovado)
A7: 1. COMO USAR
A8: 1) Imprima: cada checklist sai em uma única folha A4 retrato. Ou preencha direto no Excel.
A9: 2) Preencha a identificação (equipamento, setor, data, turno, executante) e marque X em OK, NOK ou N/A — uma opção por item.
A10: 3) Toda não conformidade vira ordem de serviço: anote o número da OS na coluna Observação. Grupo e item podem ser reescritos para os seus equipamentos.
A11: Azul-claro: preencher. Cinza: automático (fórmula protegida, não digite). ERRO em vermelho e Pendente em amarelo pedem ação; OK em verde.
A13: 2. PARÂMETROS DO DOCUMENTO
A14: Parâmetro | C14: Valor | E14: Orientação
A15: Elaborado por | E15: Nome de quem preparou o documento.
A16: Aprovado por (só após aprovação) | E16: Preencha somente após a aprovação efetiva.
A17: Revisão atual (automática) | C17: =IFERROR(LOOKUP(2,1/(rv_revisao<>""),rv_revisao)&"","") | E17: Última linha preenchida em Revisões.
A18: Data da revisão (automática) | C18: =IFERROR(1/(1/LOOKUP(2,1/(rv_revisao<>""),rv_data)),"") | E18: Data da mesma linha da revisão atual.
A19: Origem dos dados | E19: Ex.: preenchimento manual, exportação do sistema.
A20: Data de emissão | E20: Data em que este arquivo foi emitido.
A22: 3. CONFERÊNCIAS
A23: Aba / verificação | B23: Linhas preenchidas | C23: Linhas com ERRO | D23: Capacidade / resultado
A24: Checklist Diário | B24: =COUNTA('Checklist Diário'!$D$10:$F$21) | C24: =COUNTIF('Checklist Diário'!$H$10:$H$21,"ERRO*") | D24: =IF(COUNTIF('Checklist Diário'!$H$10:$H$21,"ERRO*")>0,"ERRO: há itens com mais de uma marcação",IF(COUNTIF('Checklist Diário'!$H$10:$H$21,"Pendente*")>0,"Pendente: itens sem marcação ou NOK sem OS","OK"))
A25: Checklist Semanal | B25: =COUNTA('Checklist Semanal'!$D$10:$F$21) | C25: =COUNTIF('Checklist Semanal'!$H$10:$H$21,"ERRO*") | D25: =IF(COUNTIF('Checklist Semanal'!$H$10:$H$21,"ERRO*")>0,"ERRO: há itens com mais de uma marcação",IF(COUNTIF('Checklist Semanal'!$H$10:$H$21,"Pendente*")>0,"Pendente: itens sem marcação ou NOK sem OS","OK"))
A26: Checklist Mensal | B26: =COUNTA('Checklist Mensal'!$D$10:$F$21) | C26: =COUNTIF('Checklist Mensal'!$H$10:$H$21,"ERRO*") | D26: =IF(COUNTIF('Checklist Mensal'!$H$10:$H$21,"ERRO*")>0,"ERRO: há itens com mais de uma marcação",IF(COUNTIF('Checklist Mensal'!$H$10:$H$21,"Pendente*")>0,"Pendente: itens sem marcação ou NOK sem OS","OK"))
A28: 4. ÍNDICE DAS ABAS (clique no nome)
A29: Checklist Diário | B29: Inspeção de início de turno (12 itens).
A30: Checklist Semanal | B30: Rota semanal de lubrificação, aperto e limpeza técnica (12 itens).
A31: Checklist Mensal | B31: Termografia, vibração, isolação e calibração (12 itens).
A32: Revisões | B32: Histórico de revisões deste arquivo.
A34: PCMD-K03 · Modelo 2.0.0 · PCM Direto · Thiago Oliveira Lima · pcmdireto@gmail.com · Licença MIT · Sem macros, vínculos externos ou envio de dados.

Sheet Checklist Diário
C1: Checklist diário de manutenção Inspeção de início de turno. Marque X em uma opção por item. | H1: ="Rev. "&IF(cfg_revisao="","—",cfg_revisao)&IF(ISNUMBER(cfg_data_revisao)," · "&RIGHT("0"&DAY(cfg_data_revisao),2)&"/"&RIGHT("0"&MONTH(cfg_data_revisao),2)&"/"&YEAR(cfg_data_revisao),"")
H2: ="Elaborado: "&IF(cfg_elaborado="","A definir",cfg_elaborado)&CHAR(10)&"Aprovado: "&IF(cfg_aprovado="","A definir",cfg_aprovado)
A4: IDENTIFICAÇÃO
A5: Equipamento | D5: Setor
A6: Data | D6: Turno
A7: Executante | D7: Matrícula
A9: # | B9: Grupo | C9: Item verificado | D9: OK | E9: NOK | F9: N/A | G9: Observação / nº da OS | H9: Conferência
A10: 1 | B10: Segurança | C10: Proteções e dispositivos de segurança íntegros e no lugar | H10: =IF(COUNTIF(D10:F10,"X")>1,"ERRO: marque só uma opção",IF(AND(E10="X",G10=""),"Pendente: anote a OS",IF(AND(COUNTIF(D10:F10,"X")=0,COUNTA($D$10:$F$21)>0),"Pendente: sem marcação",IF(COUNTIF(D10:F10,"X")=1,"OK",""))))
A11: 2 | B11: Segurança | C11: Botão de emergência testado e funcionando | H11: =IF(COUNTIF(D11:F11,"X")>1,"ERRO: marque só uma opção",IF(AND(E11="X",G11=""),"Pendente: anote a OS",IF(AND(COUNTIF(D11:F11,"X")=0,COUNTA($D$10:$F$21)>0),"Pendente: sem marcação",IF(COUNTIF(D11:F11,"X")=1,"OK",""))))
A12: 3 | B12: Segurança | C12: Área ao redor da máquina limpa e desobstruída | H12: =IF(COUNTIF(D12:F12,"X")>1,"ERRO: marque só uma opção",IF(AND(E12="X",G12=""),"Pendente: anote a OS",IF(AND(COUNTIF(D12:F12,"X")=0,COUNTA($D$10:$F$21)>0),"Pendente: sem marcação",IF(COUNTIF(D12:F12,"X")=1,"OK",""))))
A13: 4 | B13: Lubrificação | C13: Nível de óleo dentro da faixa indicada no visor | H13: =IF(COUNTIF(D13:F13,"X")>1,"ERRO: marque só uma opção",IF(AND(E13="X",G13=""),"Pendente: anote a OS",IF(AND(COUNTIF(D13:F13,"X")=0,COUNTA($D$10:$F$21)>0),"Pendente: sem marcação",IF(COUNTIF(D13:F13,"X")=1,"OK",""))))
A14: 5 | B14: Lubrificação | C14: Sem vazamento visível de óleo ou graxa no piso | H14: =IF(COUNTIF(D14:F14,"X")>1,"ERRO: marque só uma opção",IF(AND(E14="X",G14=""),"Pendente: anote a OS",IF(AND(COUNTIF(D14:F14,"X")=0,COUNTA($D$10:$F$21)>0),"Pendente: sem marcação",IF(COUNTIF(D14:F14,"X")=1,"OK",""))))
A15: 6 | B15: Elétrica | C15: Painel elétrico fechado, sem fio exposto | H15: =IF(COUNTIF(D15:F15,"X")>1,"ERRO: marque só uma opção",IF(AND(E15="X",G15=""),"Pendente: anote a OS",IF(AND(COUNTIF(D15:F15,"X")=0,COUNTA($D$10:$F$21)>0),"Pendente: sem marcação",IF(COUNTIF(D15:F15,"X")=1,"OK",""))))
A16: 7 | B16: Elétrica | C16: Sinaleiros e indicadores funcionando | H16: =IF(COUNTIF(D16:F16,"X")>1,"ERRO: marque só uma opção",IF(AND(E16="X",G16=""),"Pendente: anote a OS",IF(AND(COUNTIF(D16:F16,"X")=0,COUNTA($D$10:$F$21)>0),"Pendente: sem marcação",IF(COUNTIF(D16:F16,"X")=1,"OK",""))))
A17: 8 | B17: Mecânica | C17: Ruído e vibração dentro do normal na partida | H17: =IF(COUNTIF(D17:F17,"X")>1,"ERRO: marque só uma opção",IF(AND(E17="X",G17=""),"Pendente: anote a OS",IF(AND(COUNTIF(D17:F17,"X")=0,COUNTA($D$10:$F$21)>0),"Pendente: sem marcação",IF(COUNTIF(D17:F17,"X")=1,"OK",""))))
A18: 9 | B18: Mecânica | C18: Correias e proteções sem folga ou desgaste aparente | H18: =IF(COUNTIF(D18:F18,"X")>1,"ERRO: marque só uma opção",IF(AND(E18="X",G18=""),"Pendente: anote a OS",IF(AND(COUNTIF(D18:F18,"X")=0,COUNTA($D$10:$F$21)>0),"Pendente: sem marcação",IF(COUNTIF(D18:F18,"X")=1,"OK",""))))
A19: 10 | B19: Pneumática | C19: Pressão de ar na faixa de trabalho | H19: =IF(COUNTIF(D19:F19,"X")>1,"ERRO: marque só uma opção",IF(AND(E19="X",G19=""),"Pendente: anote a OS",IF(AND(COUNTIF(D19:F19,"X")=0,COUNTA($D$10:$F$21)>0),"Pendente: sem marcação",IF(COUNTIF(D19:F19,"X")=1,"OK",""))))
A20: 11 | B20: Pneumática | C20: Sem vazamento audível nas conexões | H20: =IF(COUNTIF(D20:F20,"X")>1,"ERRO: marque só uma opção",IF(AND(E20="X",G20=""),"Pendente: anote a OS",IF(AND(COUNTIF(D20:F20,"X")=0,COUNTA($D$10:$F$21)>0),"Pendente: sem marcação",IF(COUNTIF(D20:F20,"X")=1,"OK",""))))
A21: 12 | B21: Limpeza | C21: Máquina limpa, sem acúmulo de resíduo | H21: =IF(COUNTIF(D21:F21,"X")>1,"ERRO: marque só uma opção",IF(AND(E21="X",G21=""),"Pendente: anote a OS",IF(AND(COUNTIF(D21:F21,"X")=0,COUNTA($D$10:$F$21)>0),"Pendente: sem marcação",IF(COUNTIF(D21:F21,"X")=1,"OK",""))))
A23: RESUMO (automático)
A24: Itens conformes (OK) | C24: =COUNTIF(D10:D21,"X") | D24: =IF(COUNTIF(H10:H21,"Pendente*")>0,"Pendente: "&COUNTIF(H10:H21,"Pendente*")&" item(ns) sem marcação ou NOK sem OS","")
A25: Não conformidades (NOK) | C25: =COUNTIF(E10:E21,"X")
A26: Não se aplica (N/A) | C26: =COUNTIF(F10:F21,"X")
A27: Índice de conformidade | C27: =IF(COUNTIF(H10:H21,"ERRO*")>0,"Revisar marcações",IF(C24+C25=0,"",C24/(C24+C25)))
A30: Assinatura do executante | E30: Visto do supervisor
A32: Toda não conformidade (NOK) deve gerar uma ordem de serviço. Anote o número da OS na coluna Observação. Os itens são ponto de partida: valide-os com o manual do fabricante e ajuste aos seus equipamentos.

Sheet Checklist Semanal
C1: Checklist semanal de manutenção Rota semanal de lubrificação, aperto e limpeza técnica. Marque X em uma opção por item. | H1: ="Rev. "&IF(cfg_revisao="","—",cfg_revisao)&IF(ISNUMBER(cfg_data_revisao)," · "&RIGHT("0"&DAY(cfg_data_revisao),2)&"/"&RIGHT("0"&MONTH(cfg_data_revisao),2)&"/"&YEAR(cfg_data_revisao),"")
H2: ="Elaborado: "&IF(cfg_elaborado="","A definir",cfg_elaborado)&CHAR(10)&"Aprovado: "&IF(cfg_aprovado="","A definir",cfg_aprovado)
A4: IDENTIFICAÇÃO
A5: Equipamento | D5: Setor
A6: Data | D6: Turno
A7: Executante | D7: Matrícula
A9: # | B9: Grupo | C9: Item verificado | D9: OK | E9: NOK | F9: N/A | G9: Observação / nº da OS | H9: Conferência
A10: 1 | B10: Lubrificação | C10: Lubrificação dos pontos da rota semanal executada | H10: =IF(COUNTIF(D10:F10,"X")>1,"ERRO: marque só uma opção",IF(AND(E10="X",G10=""),"Pendente: anote a OS",IF(AND(COUNTIF(D10:F10,"X")=0,COUNTA($D$10:$F$21)>0),"Pendente: sem marcação",IF(COUNTIF(D10:F10,"X")=1,"OK",""))))
A11: 2 | B11: Lubrificação | C11: Graxeiras desobstruídas e identificadas | H11: =IF(COUNTIF(D11:F11,"X")>1,"ERRO: marque só uma opção",IF(AND(E11="X",G11=""),"Pendente: anote a OS",IF(AND(COUNTIF(D11:F11,"X")=0,COUNTA($D$10:$F$21)>0),"Pendente: sem marcação",IF(COUNTIF(D11:F11,"X")=1,"OK",""))))
A12: 3 | B12: Elétrica | C12: Reaperto visual das conexões do painel | H12: =IF(COUNTIF(D12:F12,"X")>1,"ERRO: marque só uma opção",IF(AND(E12="X",G12=""),"Pendente: anote a OS",IF(AND(COUNTIF(D12:F12,"X")=0,COUNTA($D$10:$F$21)>0),"Pendente: sem marcação",IF(COUNTIF(D12:F12,"X")=1,"OK",""))))
A13: 4 | B13: Elétrica | C13: Ventilação e filtro do painel limpos | H13: =IF(COUNTIF(D13:F13,"X")>1,"ERRO: marque só uma opção",IF(AND(E13="X",G13=""),"Pendente: anote a OS",IF(AND(COUNTIF(D13:F13,"X")=0,COUNTA($D$10:$F$21)>0),"Pendente: sem marcação",IF(COUNTIF(D13:F13,"X")=1,"OK",""))))
A14: 5 | B14: Mecânica | C14: Alinhamento de polias e tensão das correias conferidos | H14: =IF(COUNTIF(D14:F14,"X")>1,"ERRO: marque só uma opção",IF(AND(E14="X",G14=""),"Pendente: anote a OS",IF(AND(COUNTIF(D14:F14,"X")=0,COUNTA($D$10:$F$21)>0),"Pendente: sem marcação",IF(COUNTIF(D14:F14,"X")=1,"OK",""))))
A15: 6 | B15: Mecânica | C15: Fixação da base e chumbadores sem folga | H15: =IF(COUNTIF(D15:F15,"X")>1,"ERRO: marque só uma opção",IF(AND(E15="X",G15=""),"Pendente: anote a OS",IF(AND(COUNTIF(D15:F15,"X")=0,COUNTA($D$10:$F$21)>0),"Pendente: sem marcação",IF(COUNTIF(D15:F15,"X")=1,"OK",""))))
A16: 7 | B16: Hidráulica | C16: Nível e cor do óleo hidráulico conferidos | H16: =IF(COUNTIF(D16:F16,"X")>1,"ERRO: marque só uma opção",IF(AND(E16="X",G16=""),"Pendente: anote a OS",IF(AND(COUNTIF(D16:F16,"X")=0,COUNTA($D$10:$F$21)>0),"Pendente: sem marcação",IF(COUNTIF(D16:F16,"X")=1,"OK",""))))
A17: 8 | B17: Hidráulica | C17: Mangueiras sem ressecamento, bolha ou abrasão | H17: =IF(COUNTIF(D17:F17,"X")>1,"ERRO: marque só uma opção",IF(AND(E17="X",G17=""),"Pendente: anote a OS",IF(AND(COUNTIF(D17:F17,"X")=0,COUNTA($D$10:$F$21)>0),"Pendente: sem marcação",IF(COUNTIF(D17:F17,"X")=1,"OK",""))))
A18: 9 | B18: Pneumática | C18: Dreno do reservatório e do filtro executado | H18: =IF(COUNTIF(D18:F18,"X")>1,"ERRO: marque só uma opção",IF(AND(E18="X",G18=""),"Pendente: anote a OS",IF(AND(COUNTIF(D18:F18,"X")=0,COUNTA($D$10:$F$21)>0),"Pendente: sem marcação",IF(COUNTIF(D18:F18,"X")=1,"OK",""))))
A19: 10 | B19: Instrumentação | C19: Manômetros e termômetros com leitura coerente | H19: =IF(COUNTIF(D19:F19,"X")>1,"ERRO: marque só uma opção",IF(AND(E19="X",G19=""),"Pendente: anote a OS",IF(AND(COUNTIF(D19:F19,"X")=0,COUNTA($D$10:$F$21)>0),"Pendente: sem marcação",IF(COUNTIF(D19:F19,"X")=1,"OK",""))))
A20: 11 | B20: Limpeza | C20: Limpeza técnica do conjunto realizada | H20: =IF(COUNTIF(D20:F20,"X")>1,"ERRO: marque só uma opção",IF(AND(E20="X",G20=""),"Pendente: anote a OS",IF(AND(COUNTIF(D20:F20,"X")=0,COUNTA($D$10:$F$21)>0),"Pendente: sem marcação",IF(COUNTIF(D20:F20,"X")=1,"OK",""))))
A21: 12 | B21: Documentação | C21: Apontamento de horas e ocorrências registrado | H21: =IF(COUNTIF(D21:F21,"X")>1,"ERRO: marque só uma opção",IF(AND(E21="X",G21=""),"Pendente: anote a OS",IF(AND(COUNTIF(D21:F21,"X")=0,COUNTA($D$10:$F$21)>0),"Pendente: sem marcação",IF(COUNTIF(D21:F21,"X")=1,"OK",""))))
A23: RESUMO (automático)
A24: Itens conformes (OK) | C24: =COUNTIF(D10:D21,"X") | D24: =IF(COUNTIF(H10:H21,"Pendente*")>0,"Pendente: "&COUNTIF(H10:H21,"Pendente*")&" item(ns) sem marcação ou NOK sem OS","")
A25: Não conformidades (NOK) | C25: =COUNTIF(E10:E21,"X")
A26: Não se aplica (N/A) | C26: =COUNTIF(F10:F21,"X")
A27: Índice de conformidade | C27: =IF(COUNTIF(H10:H21,"ERRO*")>0,"Revisar marcações",IF(C24+C25=0,"",C24/(C24+C25)))
A30: Assinatura do executante | E30: Visto do supervisor
A32: Toda não conformidade (NOK) deve gerar uma ordem de serviço. Anote o número da OS na coluna Observação. Os itens são ponto de partida: valide-os com o manual do fabricante e ajuste aos seus equipamentos.

Sheet Checklist Mensal
C1: Checklist mensal de manutenção Termografia, vibração, isolação e calibração. Marque X em uma opção por item. | H1: ="Rev. "&IF(cfg_revisao="","—",cfg_revisao)&IF(ISNUMBER(cfg_data_revisao)," · "&RIGHT("0"&DAY(cfg_data_revisao),2)&"/"&RIGHT("0"&MONTH(cfg_data_revisao),2)&"/"&YEAR(cfg_data_revisao),"")
H2: ="Elaborado: "&IF(cfg_elaborado="","A definir",cfg_elaborado)&CHAR(10)&"Aprovado: "&IF(cfg_aprovado="","A definir",cfg_aprovado)
A4: IDENTIFICAÇÃO
A5: Equipamento | D5: Setor
A6: Data | D6: Turno
A7: Executante | D7: Matrícula
A9: # | B9: Grupo | C9: Item verificado | D9: OK | E9: NOK | F9: N/A | G9: Observação / nº da OS | H9: Conferência
A10: 1 | B10: Lubrificação | C10: Troca ou complemento de lubrificante conforme plano | H10: =IF(COUNTIF(D10:F10,"X")>1,"ERRO: marque só uma opção",IF(AND(E10="X",G10=""),"Pendente: anote a OS",IF(AND(COUNTIF(D10:F10,"X")=0,COUNTA($D$10:$F$21)>0),"Pendente: sem marcação",IF(COUNTIF(D10:F10,"X")=1,"OK",""))))
A11: 2 | B11: Elétrica | C11: Termografia ou inspeção térmica das conexões | H11: =IF(COUNTIF(D11:F11,"X")>1,"ERRO: marque só uma opção",IF(AND(E11="X",G11=""),"Pendente: anote a OS",IF(AND(COUNTIF(D11:F11,"X")=0,COUNTA($D$10:$F$21)>0),"Pendente: sem marcação",IF(COUNTIF(D11:F11,"X")=1,"OK",""))))
A12: 3 | B12: Elétrica | C12: Teste de isolação do motor registrado | H12: =IF(COUNTIF(D12:F12,"X")>1,"ERRO: marque só uma opção",IF(AND(E12="X",G12=""),"Pendente: anote a OS",IF(AND(COUNTIF(D12:F12,"X")=0,COUNTA($D$10:$F$21)>0),"Pendente: sem marcação",IF(COUNTIF(D12:F12,"X")=1,"OK",""))))
A13: 4 | B13: Mecânica | C13: Folga de mancais e rolamentos medida | H13: =IF(COUNTIF(D13:F13,"X")>1,"ERRO: marque só uma opção",IF(AND(E13="X",G13=""),"Pendente: anote a OS",IF(AND(COUNTIF(D13:F13,"X")=0,COUNTA($D$10:$F$21)>0),"Pendente: sem marcação",IF(COUNTIF(D13:F13,"X")=1,"OK",""))))
A14: 5 | B14: Mecânica | C14: Análise de vibração dos conjuntos rotativos | H14: =IF(COUNTIF(D14:F14,"X")>1,"ERRO: marque só uma opção",IF(AND(E14="X",G14=""),"Pendente: anote a OS",IF(AND(COUNTIF(D14:F14,"X")=0,COUNTA($D$10:$F$21)>0),"Pendente: sem marcação",IF(COUNTIF(D14:F14,"X")=1,"OK",""))))
A15: 6 | B15: Hidráulica | C15: Troca do elemento filtrante hidráulico avaliada | H15: =IF(COUNTIF(D15:F15,"X")>1,"ERRO: marque só uma opção",IF(AND(E15="X",G15=""),"Pendente: anote a OS",IF(AND(COUNTIF(D15:F15,"X")=0,COUNTA($D$10:$F$21)>0),"Pendente: sem marcação",IF(COUNTIF(D15:F15,"X")=1,"OK",""))))
A16: 7 | B16: Pneumática | C16: Revisão de cilindros, válvulas e atuadores | H16: =IF(COUNTIF(D16:F16,"X")>1,"ERRO: marque só uma opção",IF(AND(E16="X",G16=""),"Pendente: anote a OS",IF(AND(COUNTIF(D16:F16,"X")=0,COUNTA($D$10:$F$21)>0),"Pendente: sem marcação",IF(COUNTIF(D16:F16,"X")=1,"OK",""))))
A17: 8 | B17: Instrumentação | C17: Calibração de sensores e termopares verificada | H17: =IF(COUNTIF(D17:F17,"X")>1,"ERRO: marque só uma opção",IF(AND(E17="X",G17=""),"Pendente: anote a OS",IF(AND(COUNTIF(D17:F17,"X")=0,COUNTA($D$10:$F$21)>0),"Pendente: sem marcação",IF(COUNTIF(D17:F17,"X")=1,"OK",""))))
A18: 9 | B18: Segurança | C18: Teste funcional completo dos intertravamentos | H18: =IF(COUNTIF(D18:F18,"X")>1,"ERRO: marque só uma opção",IF(AND(E18="X",G18=""),"Pendente: anote a OS",IF(AND(COUNTIF(D18:F18,"X")=0,COUNTA($D$10:$F$21)>0),"Pendente: sem marcação",IF(COUNTIF(D18:F18,"X")=1,"OK",""))))
A19: 10 | B19: Segurança | C19: Sinalização e identificação do ativo conferidas | H19: =IF(COUNTIF(D19:F19,"X")>1,"ERRO: marque só uma opção",IF(AND(E19="X",G19=""),"Pendente: anote a OS",IF(AND(COUNTIF(D19:F19,"X")=0,COUNTA($D$10:$F$21)>0),"Pendente: sem marcação",IF(COUNTIF(D19:F19,"X")=1,"OK",""))))
A20: 11 | B20: Estrutura | C20: Inspeção de trincas, corrosão e solda | H20: =IF(COUNTIF(D20:F20,"X")>1,"ERRO: marque só uma opção",IF(AND(E20="X",G20=""),"Pendente: anote a OS",IF(AND(COUNTIF(D20:F20,"X")=0,COUNTA($D$10:$F$21)>0),"Pendente: sem marcação",IF(COUNTIF(D20:F20,"X")=1,"OK",""))))
A21: 12 | B21: Documentação | C21: Histórico do ativo atualizado e pendências abertas | H21: =IF(COUNTIF(D21:F21,"X")>1,"ERRO: marque só uma opção",IF(AND(E21="X",G21=""),"Pendente: anote a OS",IF(AND(COUNTIF(D21:F21,"X")=0,COUNTA($D$10:$F$21)>0),"Pendente: sem marcação",IF(COUNTIF(D21:F21,"X")=1,"OK",""))))
A23: RESUMO (automático)
A24: Itens conformes (OK) | C24: =COUNTIF(D10:D21,"X") | D24: =IF(COUNTIF(H10:H21,"Pendente*")>0,"Pendente: "&COUNTIF(H10:H21,"Pendente*")&" item(ns) sem marcação ou NOK sem OS","")
A25: Não conformidades (NOK) | C25: =COUNTIF(E10:E21,"X")
A26: Não se aplica (N/A) | C26: =COUNTIF(F10:F21,"X")
A27: Índice de conformidade | C27: =IF(COUNTIF(H10:H21,"ERRO*")>0,"Revisar marcações",IF(C24+C25=0,"",C24/(C24+C25)))
A30: Assinatura do executante | E30: Visto do supervisor
A32: Toda não conformidade (NOK) deve gerar uma ordem de serviço. Anote o número da OS na coluna Observação. Os itens são ponto de partida: valide-os com o manual do fabricante e ajuste aos seus equipamentos.

Sheet Revisões
C1: Histórico de revisões Uma linha por revisão. A última linha preenchida aparece no cabeçalho de todas as abas. | E1: ="Rev. "&IF(cfg_revisao="","—",cfg_revisao)&IF(ISNUMBER(cfg_data_revisao)," · "&RIGHT("0"&DAY(cfg_data_revisao),2)&"/"&RIGHT("0"&MONTH(cfg_data_revisao),2)&"/"&YEAR(cfg_data_revisao),"")
E2: ="Elaborado: "&IF(cfg_elaborado="","A definir",cfg_elaborado)&CHAR(10)&"Aprovado: "&IF(cfg_aprovado="","A definir",cfg_aprovado)
A3: Revisão | B3: Data | C3: Descrição da alteração | D3: Revisado por | E3: Aprovado por
A4: 00 | B4: 46321 | C4: Emissão no padrão PCM Direto (PCMD-Modelo-Padrão): layout, cores, fontes e conferências revisados.
