Workbook
Name at_codigo: Ativos!$A$4:$A$203
Name at_setor: Ativos!$D$4:$D$203
Name at_conferencia: Ativos!$J$4:$J$203
Name fm_nivel: FMEA!$J$4:$J$303
Name fm_conferencia: FMEA!$N$4:$N$303
Name pl_codigo: Planos!$A$4:$A$203
Name pl_situacao: Planos!$I$4:$I$203
Name pl_conferencia: Planos!$L$4:$L$203
Name os_numero: 'Programação'!$A$4:$A$503
Name os_kanban: 'Programação'!$N$4:$N$503
Name os_conferencia: 'Programação'!$O$4:$O$503
Name os_chave: 'Programação'!$P$4:$P$503
Name os_rank: 'Programação'!$Q$4:$Q$503
Name cal_mes: 'Calendário'!$B$4
Name cal_ano: 'Calendário'!$D$4
Name rca_os: RCA!$A$4:$A$103
Name rca_conferencia: RCA!$J$4:$J$103
Name eq_nome: Equipe!$A$6:$A$45
Name eq_ferias_conf: Equipe!$I$49:$I$108
Name pr_conferencia: 'Apontamento de Produção'!$I$4:$I$503
Name lst_frequencia: Listas!$A$4:$A$33
Name lst_frequencia_meses: Listas!$B$4:$B$33
Name lst_tipo_ativo: Listas!$D$4:$D$33
Name lst_setor: Listas!$F$4:$F$33
Name lst_setor_filtro: Listas!$H$4:$H$33
Name lst_status_ativo: Listas!$J$4:$J$33
Name lst_tipo_atividade: Listas!$L$4:$L$33
Name lst_tipo_os: Listas!$N$4:$N$33
Name lst_status_os: Listas!$P$4:$P$33
Name lst_turno: Listas!$R$4:$R$33
Name lst_status_ferias: Listas!$T$4:$T$33
Name lst_tipo_feriado: Listas!$V$4:$V$33
Name rv_revisao: 'Revisões'!$A$4:$A$33
Name rv_data: 'Revisões'!$B$4:$B$33
Name cfg_elaborado: 'Instruções'!$C$15
Name cfg_aprovado: 'Instruções'!$C$16
Name cfg_revisao: 'Instruções'!$C$17
Name cfg_data_revisao: 'Instruções'!$C$18
Name pcmd_origem: 'Instruções'!$C$19
Name pcmd_emissao: 'Instruções'!$C$20
Name ano_crono: 'Instruções'!$C$21
Name ano_ref: 'Instruções'!$C$22
Name kanban_setor: 'Instruções'!$C$23

Sheet Instruções
C1: CMMS completo — sistema de gestão de manutenção Como usar, parâmetros do documento e conferências gerais. | F1: ="Rev. "&IF(cfg_revisao="","—",cfg_revisao)&IF(ISNUMBER(cfg_data_revisao)," · "&RIGHT("0"&DAY(cfg_data_revisao),2)&"/"&RIGHT("0"&MONTH(cfg_data_revisao),2)&"/"&YEAR(cfg_data_revisao),"")
F2: ="Elaborado: "&IF(cfg_elaborado="","A definir",cfg_elaborado)&CHAR(10)&"Aprovado: "&IF(cfg_aprovado="","A definir",cfg_aprovado)
A7: 1. COMO USAR
A8: 1) Cadastre setores (Listas), Ativos, Peças Críticas, Equipe e os Planos de preventiva. Faça a FMEA dos ativos críticos.
A9: 2) Na Programação, registre cada OS (preventiva com o código do plano, corretiva com tempo parado e causa). Kanban, Calendário, Cronograma e KPIs se atualizam sozinhos.
A10: 3) Lance o Apontamento de Produção para o OEE, analise as Piores Falhas na aba RCA e confira férias e feriados contra a agenda de OS.
A11: Azul-claro: preencher. Cinza: automático (fórmula protegida, não digite). ERRO em vermelho e Pendente em amarelo pedem ação; OK em verde.
A13: 2. PARÂMETROS DO DOCUMENTO
A14: Parâmetro | C14: Valor | E14: Orientação
A15: Elaborado por | E15: Nome de quem preparou o documento.
A16: Aprovado por (só após aprovação) | E16: Preencha somente após a aprovação efetiva.
A17: Revisão atual (automática) | C17: =IFERROR(LOOKUP(2,1/(rv_revisao<>""),rv_revisao)&"","") | E17: Última linha preenchida em Revisões.
A18: Data da revisão (automática) | C18: =IFERROR(1/(1/LOOKUP(2,1/(rv_revisao<>""),rv_data)),"") | E18: Data da mesma linha da revisão atual.
A19: Origem dos dados | E19: Ex.: preenchimento manual, exportação do sistema.
A20: Data de emissão | E20: Data em que este arquivo foi emitido.
A21: Ano do cronograma | E21: Vazio = ano atual.
A22: Ano usado (automático) | C22: =IF(ISNUMBER(ano_crono),ano_crono,YEAR(TODAY())) | E22: Ano aplicado no Cronograma Anual.
A23: Setor do Kanban | C23: Todos | E23: Todos ou um setor da aba Listas.
A25: 3. CONFERÊNCIAS
A26: Aba / verificação | B26: Linhas preenchidas | C26: Linhas com ERRO | D26: Capacidade / resultado
A27: Ativos e peças | B27: =COUNTA(at_codigo) | C27: =COUNTIF(at_conferencia,"ERRO*")+COUNTIF('Peças Críticas'!$I$4:$I$203,"ERRO*") | D27: ="Peças: "&COUNTA('Peças Críticas'!$A$4:$A$203)
A28: FMEA e Planos | B28: =COUNTA(FMEA!$A$4:$A$303)+COUNTA(pl_codigo) | C28: =COUNTIF(fm_conferencia,"ERRO*")+COUNTIF(pl_conferencia,"ERRO*") | D28: =IF(COUNTIF(pl_situacao,"Vencido")>0,"Verificar: há planos vencidos","OK")
A29: Programação (OS) | B29: =COUNTA(os_numero) | C29: =COUNTIF(os_conferencia,"ERRO*") | D29: =IF(COUNTA(Programação!$A$504:$A$2503)>0,"ATENÇÃO: há OS além da linha 503","OK")
A30: RCA, equipe e produção | B30: =COUNTA(rca_os)+COUNTA(eq_nome) | C30: =COUNTIF(rca_conferencia,"ERRO*")+COUNTIF(eq_ferias_conf,"ERRO*")+COUNTIF(pr_conferencia,"ERRO*") | D30: =IF(COUNTIF('Piores Falhas'!$G$4:$G$13,"Pendente*")>0,"Pendente: piores falhas sem RCA","OK")
A32: 4. ÍNDICE DAS ABAS (clique no nome)
A33: Painel | B33: Visão geral: ativos, planos vencidos, OS atrasadas, riscos e gráficos.
A34: Ativos | B34: Módulo 1: cadastro de máquinas.
A35: Peças Críticas | B35: Módulo 1: peças críticas com curva ABC.
A36: FMEA | B36: Módulo 2: modos de falha e NPR.
A37: Planos | B37: Módulo 3: biblioteca de preventivas.
A38: Cronograma Anual | B38: Plano × mês (✔ executado, ● programado).
A39: Programação | B39: Módulo 4: programação e execução de OS.
A40: Kanban | B40: Quadro visual das OS por situação.
A41: Calendário | B41: OS programadas por dia.
A42: KPIs por Ativo | B42: Módulo 5: MTBF, MTTR, disponibilidade e OEE.
A43: Piores Falhas | B43: Módulo 6: 10 corretivas com mais tempo parado.
A44: RCA | B44: Módulo 6: análises de causa raiz.
... A48: Revisões | B48: Histórico de revisões.
A50: PCMD-K09 · Modelo 2.0.0 · PCM Direto · Thiago Oliveira Lima · pcmdireto@gmail.com · Licença MIT · Sem macros, vínculos externos ou envio de dados.

Sheet Painel
C1: Painel de manutenção — visão geral Resumo automático dos módulos. Nada para preencher aqui. | L1: ="Rev. "&IF(cfg_revisao="","—",cfg_revisao)&IF(ISNUMBER(cfg_data_revisao)," · "&RIGHT("0"&DAY(cfg_data_revisao),2)&"/"&RIGHT("0"&MONTH(cfg_data_revisao),2)&"/"&YEAR(cfg_data_revisao),"")
L2: ="Elaborado: "&IF(cfg_elaborado="","A definir",cfg_elaborado)&CHAR(10)&"Aprovado: "&IF(cfg_aprovado="","A definir",cfg_aprovado)
A4: ATIVOS CADASTRADOS | D4: PLANOS VENCIDOS | G4: OS ATRASADAS | J4: RISCOS CRÍTICOS (FMEA)
A5: =COUNTA(at_codigo) | D5: =COUNTIF(pl_situacao,"Vencido") | G5: =COUNTIF(os_kanban,"Atrasado") | J5: =COUNTIF(fm_nivel,"Crítico")
A6: equipamentos no cadastro | D6: preventivas com data vencida | G6: programadas e não concluídas | J6: NPR de 200 ou mais
A8: ="Disponibilidade média: "&IFERROR(FIXED(AVERAGE('KPIs por Ativo'!$I$4:$I$63)*100,1)&"%","—")&" · OEE médio: "&IFERROR(FIXED(AVERAGE('KPIs por Ativo'!$L$4:$L$63)*100,1)&"%","—")&" · Planos: "&COUNTA(pl_codigo)&" · OS abertas: "&(COUNTA(os_numero)-COUNTIF(os_kanban,"Concluído"))
A10: OS POR SITUAÇÃO | E10: RISCOS (FMEA) POR NÍVEL | I10: DISPONIBILIDADE POR ATIVO
A28: DADOS DOS GRÁFICOS (automático, não digite)
A29: Situação | C29: Valor | E29: Nível | G29: Valor | I29: Ativo | K29: Valor
A30: Programado | C30: =COUNTIF(os_kanban,"Programado") | E30: Crítico | G30: =COUNTIF(fm_nivel,"Crítico") | I30: ='KPIs por Ativo'!A4&"" | K30: =N('KPIs por Ativo'!I4)
A31: Em andamento | C31: =COUNTIF(os_kanban,"Em andamento") | E31: Alto | G31: =COUNTIF(fm_nivel,"Alto") | I31: ='KPIs por Ativo'!A5&"" | K31: =N('KPIs por Ativo'!I5)
A32: Atrasado | C32: =COUNTIF(os_kanban,"Atrasado") | E32: Médio | G32: =COUNTIF(fm_nivel,"Médio") | I32: ='KPIs por Ativo'!A6&"" | K32: =N('KPIs por Ativo'!I6)
A33: Concluído | C33: =COUNTIF(os_kanban,"Concluído") | E33: Baixo | G33: =COUNTIF(fm_nivel,"Baixo") | I33: ='KPIs por Ativo'!A7&"" | K33: =N('KPIs por Ativo'!I7)
A34: Backlog | C34: =COUNTIF(os_kanban,"Backlog") | I34: ='KPIs por Ativo'!A8&"" | K34: =N('KPIs por Ativo'!I8)
I35: ='KPIs por Ativo'!A9&"" | K35: =N('KPIs por Ativo'!I9)
I36: ='KPIs por Ativo'!A10&"" | K36: =N('KPIs por Ativo'!I10)
I37: ='KPIs por Ativo'!A11&"" | K37: =N('KPIs por Ativo'!I11)
I38: ='KPIs por Ativo'!A12&"" | K38: =N('KPIs por Ativo'!I12)
I39: ='KPIs por Ativo'!A13&"" | K39: =N('KPIs por Ativo'!I13)
I40: ='KPIs por Ativo'!A14&"" | K40: =N('KPIs por Ativo'!I14)
I41: ='KPIs por Ativo'!A15&"" | K41: =N('KPIs por Ativo'!I15)

Sheet Ativos
C1: Módulo 1 — Base de ativos Cadastro das máquinas. Setor e criticidade alimentam OS, Kanban e KPIs. | J1: ="Rev. "&IF(cfg_revisao="","—",cfg_revisao)&IF(ISNUMBER(cfg_data_revisao)," · "&RIGHT("0"&DAY(cfg_data_revisao),2)&"/"&RIGHT("0"&MONTH(cfg_data_revisao),2)&"/"&YEAR(cfg_data_revisao),"")
J2: ="Elaborado: "&IF(cfg_elaborado="","A definir",cfg_elaborado)&CHAR(10)&"Aprovado: "&IF(cfg_aprovado="","A definir",cfg_aprovado)
A3: Código do ativo | B3: Nome do ativo | C3: Tipo | D3: Setor / área | E3: Criticidade (A/B/C) | F3: Data de aquisição | G3: Status | H3: Fabricante | I3: Observações | J3: Conferência
J4: =IF(A4&B4="","",IF(A4="","ERRO: falta o código",IF(COUNTIF(at_codigo,A4)>1,"ERRO: código repetido",IF(OR(D4="",E4=""),"Pendente: setor e criticidade","OK"))))
J5: =IF(A5&B5="","",IF(A5="","ERRO: falta o código",IF(COUNTIF(at_codigo,A5)>1,"ERRO: código repetido",IF(OR(D5="",E5=""),"Pendente: setor e criticidade","OK"))))
J6: =IF(A6&B6="","",IF(A6="","ERRO: falta o código",IF(COUNTIF(at_codigo,A6)>1,"ERRO: código repetido",IF(OR(D6="",E6=""),"Pendente: setor e criticidade","OK"))))
J7: =IF(A7&B7="","",IF(A7="","ERRO: falta o código",IF(COUNTIF(at_codigo,A7)>1,"ERRO: código repetido",IF(OR(D7="",E7=""),"Pendente: setor e criticidade","OK"))))
J8: =IF(A8&B8="","",IF(A8="","ERRO: falta o código",IF(COUNTIF(at_codigo,A8)>1,"ERRO: código repetido",IF(OR(D8="",E8=""),"Pendente: setor e criticidade","OK"))))
J9: =IF(A9&B9="","",IF(A9="","ERRO: falta o código",IF(COUNTIF(at_codigo,A9)>1,"ERRO: código repetido",IF(OR(D9="",E9=""),"Pendente: setor e criticidade","OK"))))
J10: =IF(A10&B10="","",IF(A10="","ERRO: falta o código",IF(COUNTIF(at_codigo,A10)>1,"ERRO: código repetido",IF(OR(D10="",E10=""),"Pendente: setor e criticidade","OK"))))
J11: =IF(A11&B11="","",IF(A11="","ERRO: falta o código",IF(COUNTIF(at_codigo,A11)>1,"ERRO: código repetido",IF(OR(D11="",E11=""),"Pendente: setor e criticidade","OK"))))
J12: =IF(A12&B12="","",IF(A12="","ERRO: falta o código",IF(COUNTIF(at_codigo,A12)>1,"ERRO: código repetido",IF(OR(D12="",E12=""),"Pendente: setor e criticidade","OK"))))
J13: =IF(A13&B13="","",IF(A13="","ERRO: falta o código",IF(COUNTIF(at_codigo,A13)>1,"ERRO: código repetido",IF(OR(D13="",E13=""),"Pendente: setor e criticidade","OK"))))
J14: =IF(A14&B14="","",IF(A14="","ERRO: falta o código",IF(COUNTIF(at_codigo,A14)>1,"ERRO: código repetido",IF(OR(D14="",E14=""),"Pendente: setor e criticidade","OK"))))
J15: =IF(A15&B15="","",IF(A15="","ERRO: falta o código",IF(COUNTIF(at_codigo,A15)>1,"ERRO: código repetido",IF(OR(D15="",E15=""),"Pendente: setor e criticidade","OK"))))
... J203: =IF(A203&B203="","",IF(A203="","ERRO: falta o código",IF(COUNTIF(at_codigo,A203)>1,"ERRO: código repetido",IF(OR(D203="",E203=""),"Pendente: setor e criticidade","OK"))))

Sheet Peças Críticas
C1: Módulo 1 — Peças críticas e curva ABC Valor anual = consumo × custo. Curva ABC: A até 80% do valor acumulado, B até 95%, C o restante. | I1: ="Rev. "&IF(cfg_revisao="","—",cfg_revisao)&IF(ISNUMBER(cfg_data_revisao)," · "&RIGHT("0"&DAY(cfg_data_revisao),2)&"/"&RIGHT("0"&MONTH(cfg_data_revisao),2)&"/"&YEAR(cfg_data_revisao),"")
I2: ="Elaborado: "&IF(cfg_elaborado="","A definir",cfg_elaborado)&CHAR(10)&"Aprovado: "&IF(cfg_aprovado="","A definir",cfg_aprovado)
A3: Código da peça | B3: Descrição | C3: Ativo | D3: Consumo anual (un) | E3: Custo unitário | F3: Valor anual | G3: % acumulado | H3: Curva ABC | I3: Conferência
F4: =IF(OR(A4="",NOT(ISNUMBER(D4)),NOT(ISNUMBER(E4))),"",D4*E4) | G4: =IF(F4="","",IFERROR(SUMIF($F$4:$F$203,">="&F4)/SUM($F$4:$F$203),"")) | H4: =IF(G4="","",IF(G4<=0.8,"A",IF(G4<=0.95,"B","C"))) | I4: =IF(A4&B4="","",IF(A4="","ERRO: falta o código",IF(COUNTIF($A$4:$A$203,A4)>1,"ERRO: peça repetida",IF(F4="","Pendente: consumo e custo","OK"))))
F5: =IF(OR(A5="",NOT(ISNUMBER(D5)),NOT(ISNUMBER(E5))),"",D5*E5) | G5: =IF(F5="","",IFERROR(SUMIF($F$4:$F$203,">="&F5)/SUM($F$4:$F$203),"")) | H5: =IF(G5="","",IF(G5<=0.8,"A",IF(G5<=0.95,"B","C"))) | I5: =IF(A5&B5="","",IF(A5="","ERRO: falta o código",IF(COUNTIF($A$4:$A$203,A5)>1,"ERRO: peça repetida",IF(F5="","Pendente: consumo e custo","OK"))))
F6: =IF(OR(A6="",NOT(ISNUMBER(D6)),NOT(ISNUMBER(E6))),"",D6*E6) | G6: =IF(F6="","",IFERROR(SUMIF($F$4:$F$203,">="&F6)/SUM($F$4:$F$203),"")) | H6: =IF(G6="","",IF(G6<=0.8,"A",IF(G6<=0.95,"B","C"))) | I6: =IF(A6&B6="","",IF(A6="","ERRO: falta o código",IF(COUNTIF($A$4:$A$203,A6)>1,"ERRO: peça repetida",IF(F6="","Pendente: consumo e custo","OK"))))
F7: =IF(OR(A7="",NOT(ISNUMBER(D7)),NOT(ISNUMBER(E7))),"",D7*E7) | G7: =IF(F7="","",IFERROR(SUMIF($F$4:$F$203,">="&F7)/SUM($F$4:$F$203),"")) | H7: =IF(G7="","",IF(G7<=0.8,"A",IF(G7<=0.95,"B","C"))) | I7: =IF(A7&B7="","",IF(A7="","ERRO: falta o código",IF(COUNTIF($A$4:$A$203,A7)>1,"ERRO: peça repetida",IF(F7="","Pendente: consumo e custo","OK"))))
F8: =IF(OR(A8="",NOT(ISNUMBER(D8)),NOT(ISNUMBER(E8))),"",D8*E8) | G8: =IF(F8="","",IFERROR(SUMIF($F$4:$F$203,">="&F8)/SUM($F$4:$F$203),"")) | H8: =IF(G8="","",IF(G8<=0.8,"A",IF(G8<=0.95,"B","C"))) | I8: =IF(A8&B8="","",IF(A8="","ERRO: falta o código",IF(COUNTIF($A$4:$A$203,A8)>1,"ERRO: peça repetida",IF(F8="","Pendente: consumo e custo","OK"))))
F9: =IF(OR(A9="",NOT(ISNUMBER(D9)),NOT(ISNUMBER(E9))),"",D9*E9) | G9: =IF(F9="","",IFERROR(SUMIF($F$4:$F$203,">="&F9)/SUM($F$4:$F$203),"")) | H9: =IF(G9="","",IF(G9<=0.8,"A",IF(G9<=0.95,"B","C"))) | I9: =IF(A9&B9="","",IF(A9="","ERRO: falta o código",IF(COUNTIF($A$4:$A$203,A9)>1,"ERRO: peça repetida",IF(F9="","Pendente: consumo e custo","OK"))))
F10: =IF(OR(A10="",NOT(ISNUMBER(D10)),NOT(ISNUMBER(E10))),"",D10*E10) | G10: =IF(F10="","",IFERROR(SUMIF($F$4:$F$203,">="&F10)/SUM($F$4:$F$203),"")) | H10: =IF(G10="","",IF(G10<=0.8,"A",IF(G10<=0.95,"B","C"))) | I10: =IF(A10&B10="","",IF(A10="","ERRO: falta o código",IF(COUNTIF($A$4:$A$203,A10)>1,"ERRO: peça repetida",IF(F10="","Pendente: consumo e custo","OK"))))
F11: =IF(OR(A11="",NOT(ISNUMBER(D11)),NOT(ISNUMBER(E11))),"",D11*E11) | G11: =IF(F11="","",IFERROR(SUMIF($F$4:$F$203,">="&F11)/SUM($F$4:$F$203),"")) | H11: =IF(G11="","",IF(G11<=0.8,"A",IF(G11<=0.95,"B","C"))) | I11: =IF(A11&B11="","",IF(A11="","ERRO: falta o código",IF(COUNTIF($A$4:$A$203,A11)>1,"ERRO: peça repetida",IF(F11="","Pendente: consumo e custo","OK"))))
F12: =IF(OR(A12="",NOT(ISNUMBER(D12)),NOT(ISNUMBER(E12))),"",D12*E12) | G12: =IF(F12="","",IFERROR(SUMIF($F$4:$F$203,">="&F12)/SUM($F$4:$F$203),"")) | H12: =IF(G12="","",IF(G12<=0.8,"A",IF(G12<=0.95,"B","C"))) | I12: =IF(A12&B12="","",IF(A12="","ERRO: falta o código",IF(COUNTIF($A$4:$A$203,A12)>1,"ERRO: peça repetida",IF(F12="","Pendente: consumo e custo","OK"))))
F13: =IF(OR(A13="",NOT(ISNUMBER(D13)),NOT(ISNUMBER(E13))),"",D13*E13) | G13: =IF(F13="","",IFERROR(SUMIF($F$4:$F$203,">="&F13)/SUM($F$4:$F$203),"")) | H13: =IF(G13="","",IF(G13<=0.8,"A",IF(G13<=0.95,"B","C"))) | I13: =IF(A13&B13="","",IF(A13="","ERRO: falta o código",IF(COUNTIF($A$4:$A$203,A13)>1,"ERRO: peça repetida",IF(F13="","Pendente: consumo e custo","OK"))))
F14: =IF(OR(A14="",NOT(ISNUMBER(D14)),NOT(ISNUMBER(E14))),"",D14*E14) | G14: =IF(F14="","",IFERROR(SUMIF($F$4:$F$203,">="&F14)/SUM($F$4:$F$203),"")) | H14: =IF(G14="","",IF(G14<=0.8,"A",IF(G14<=0.95,"B","C"))) | I14: =IF(A14&B14="","",IF(A14="","ERRO: falta o código",IF(COUNTIF($A$4:$A$203,A14)>1,"ERRO: peça repetida",IF(F14="","Pendente: consumo e custo","OK"))))
F15: =IF(OR(A15="",NOT(ISNUMBER(D15)),NOT(ISNUMBER(E15))),"",D15*E15) | G15: =IF(F15="","",IFERROR(SUMIF($F$4:$F$203,">="&F15)/SUM($F$4:$F$203),"")) | H15: =IF(G15="","",IF(G15<=0.8,"A",IF(G15<=0.95,"B","C"))) | I15: =IF(A15&B15="","",IF(A15="","ERRO: falta o código",IF(COUNTIF($A$4:$A$203,A15)>1,"ERRO: peça repetida",IF(F15="","Pendente: consumo e custo","OK"))))
... F203: =IF(OR(A203="",NOT(ISNUMBER(D203)),NOT(ISNUMBER(E203))),"",D203*E203) | G203: =IF(F203="","",IFERROR(SUMIF($F$4:$F$203,">="&F203)/SUM($F$4:$F$203),"")) | H203: =IF(G203="","",IF(G203<=0.8,"A",IF(G203<=0.95,"B","C"))) | I203: =IF(A203&B203="","",IF(A203="","ERRO: falta o código",IF(COUNTIF($A$4:$A$203,A203)>1,"ERRO: peça repetida",IF(F203="","Pendente: consumo e custo","OK"))))

Sheet FMEA
C1: Módulo 2 — Matriz FMEA NPR = Severidade × Ocorrência × Detecção (1 a 10). Escala de referência na aba Listas. | N1: ="Rev. "&IF(cfg_revisao="","—",cfg_revisao)&IF(ISNUMBER(cfg_data_revisao)," · "&RIGHT("0"&DAY(cfg_data_revisao),2)&"/"&RIGHT("0"&MONTH(cfg_data_revisao),2)&"/"&YEAR(cfg_data_revisao),"")
N2: ="Elaborado: "&IF(cfg_elaborado="","A definir",cfg_elaborado)&CHAR(10)&"Aprovado: "&IF(cfg_aprovado="","A definir",cfg_aprovado)
A3: Ativo | B3: Função | C3: Modo de falha | D3: Efeito da falha | E3: Causa potencial | F3: Severidade (1-10) | G3: Ocorrência (1-10) | H3: Detecção (1-10) | I3: NPR | J3: Nível de risco | K3: Ação recomendada | L3: Responsável | M3: Prazo | N3: Conferência
I4: =IF(COUNT(F4:H4)<3,"",F4*G4*H4) | J4: =IF(I4="","",IF(I4>=200,"Crítico",IF(I4>=100,"Alto",IF(I4>=50,"Médio","Baixo")))) | N4: =IF(A4&C4="","",IF(OR(A4="",C4=""),"ERRO: informe ativo e modo de falha",IF(COUNT(F4:H4)<3,"Pendente: dê S, O e D",IF(AND(I4>=100,K4=""),"Pendente: defina a ação para risco Alto/Crítico",IF(AND(K4<>"",OR(L4="",NOT(ISNUMBER(M4)))),"Pendente: responsável e prazo da ação","OK")))))
I5: =IF(COUNT(F5:H5)<3,"",F5*G5*H5) | J5: =IF(I5="","",IF(I5>=200,"Crítico",IF(I5>=100,"Alto",IF(I5>=50,"Médio","Baixo")))) | N5: =IF(A5&C5="","",IF(OR(A5="",C5=""),"ERRO: informe ativo e modo de falha",IF(COUNT(F5:H5)<3,"Pendente: dê S, O e D",IF(AND(I5>=100,K5=""),"Pendente: defina a ação para risco Alto/Crítico",IF(AND(K5<>"",OR(L5="",NOT(ISNUMBER(M5)))),"Pendente: responsável e prazo da ação","OK")))))
I6: =IF(COUNT(F6:H6)<3,"",F6*G6*H6) | J6: =IF(I6="","",IF(I6>=200,"Crítico",IF(I6>=100,"Alto",IF(I6>=50,"Médio","Baixo")))) | N6: =IF(A6&C6="","",IF(OR(A6="",C6=""),"ERRO: informe ativo e modo de falha",IF(COUNT(F6:H6)<3,"Pendente: dê S, O e D",IF(AND(I6>=100,K6=""),"Pendente: defina a ação para risco Alto/Crítico",IF(AND(K6<>"",OR(L6="",NOT(ISNUMBER(M6)))),"Pendente: responsável e prazo da ação","OK")))))
I7: =IF(COUNT(F7:H7)<3,"",F7*G7*H7) | J7: =IF(I7="","",IF(I7>=200,"Crítico",IF(I7>=100,"Alto",IF(I7>=50,"Médio","Baixo")))) | N7: =IF(A7&C7="","",IF(OR(A7="",C7=""),"ERRO: informe ativo e modo de falha",IF(COUNT(F7:H7)<3,"Pendente: dê S, O e D",IF(AND(I7>=100,K7=""),"Pendente: defina a ação para risco Alto/Crítico",IF(AND(K7<>"",OR(L7="",NOT(ISNUMBER(M7)))),"Pendente: responsável e prazo da ação","OK")))))
I8: =IF(COUNT(F8:H8)<3,"",F8*G8*H8) | J8: =IF(I8="","",IF(I8>=200,"Crítico",IF(I8>=100,"Alto",IF(I8>=50,"Médio","Baixo")))) | N8: =IF(A8&C8="","",IF(OR(A8="",C8=""),"ERRO: informe ativo e modo de falha",IF(COUNT(F8:H8)<3,"Pendente: dê S, O e D",IF(AND(I8>=100,K8=""),"Pendente: defina a ação para risco Alto/Crítico",IF(AND(K8<>"",OR(L8="",NOT(ISNUMBER(M8)))),"Pendente: responsável e prazo da ação","OK")))))
I9: =IF(COUNT(F9:H9)<3,"",F9*G9*H9) | J9: =IF(I9="","",IF(I9>=200,"Crítico",IF(I9>=100,"Alto",IF(I9>=50,"Médio","Baixo")))) | N9: =IF(A9&C9="","",IF(OR(A9="",C9=""),"ERRO: informe ativo e modo de falha",IF(COUNT(F9:H9)<3,"Pendente: dê S, O e D",IF(AND(I9>=100,K9=""),"Pendente: defina a ação para risco Alto/Crítico",IF(AND(K9<>"",OR(L9="",NOT(ISNUMBER(M9)))),"Pendente: responsável e prazo da ação","OK")))))
I10: =IF(COUNT(F10:H10)<3,"",F10*G10*H10) | J10: =IF(I10="","",IF(I10>=200,"Crítico",IF(I10>=100,"Alto",IF(I10>=50,"Médio","Baixo")))) | N10: =IF(A10&C10="","",IF(OR(A10="",C10=""),"ERRO: informe ativo e modo de falha",IF(COUNT(F10:H10)<3,"Pendente: dê S, O e D",IF(AND(I10>=100,K10=""),"Pendente: defina a ação para risco Alto/Crítico",IF(AND(K10<>"",OR(L10="",NOT(ISNUMBER(M10)))),"Pendente: responsável e prazo da ação","OK")))))
I11: =IF(COUNT(F11:H11)<3,"",F11*G11*H11) | J11: =IF(I11="","",IF(I11>=200,"Crítico",IF(I11>=100,"Alto",IF(I11>=50,"Médio","Baixo")))) | N11: =IF(A11&C11="","",IF(OR(A11="",C11=""),"ERRO: informe ativo e modo de falha",IF(COUNT(F11:H11)<3,"Pendente: dê S, O e D",IF(AND(I11>=100,K11=""),"Pendente: defina a ação para risco Alto/Crítico",IF(AND(K11<>"",OR(L11="",NOT(ISNUMBER(M11)))),"Pendente: responsável e prazo da ação","OK")))))
I12: =IF(COUNT(F12:H12)<3,"",F12*G12*H12) | J12: =IF(I12="","",IF(I12>=200,"Crítico",IF(I12>=100,"Alto",IF(I12>=50,"Médio","Baixo")))) | N12: =IF(A12&C12="","",IF(OR(A12="",C12=""),"ERRO: informe ativo e modo de falha",IF(COUNT(F12:H12)<3,"Pendente: dê S, O e D",IF(AND(I12>=100,K12=""),"Pendente: defina a ação para risco Alto/Crítico",IF(AND(K12<>"",OR(L12="",NOT(ISNUMBER(M12)))),"Pendente: responsável e prazo da ação","OK")))))
I13: =IF(COUNT(F13:H13)<3,"",F13*G13*H13) | J13: =IF(I13="","",IF(I13>=200,"Crítico",IF(I13>=100,"Alto",IF(I13>=50,"Médio","Baixo")))) | N13: =IF(A13&C13="","",IF(OR(A13="",C13=""),"ERRO: informe ativo e modo de falha",IF(COUNT(F13:H13)<3,"Pendente: dê S, O e D",IF(AND(I13>=100,K13=""),"Pendente: defina a ação para risco Alto/Crítico",IF(AND(K13<>"",OR(L13="",NOT(ISNUMBER(M13)))),"Pendente: responsável e prazo da ação","OK")))))
I14: =IF(COUNT(F14:H14)<3,"",F14*G14*H14) | J14: =IF(I14="","",IF(I14>=200,"Crítico",IF(I14>=100,"Alto",IF(I14>=50,"Médio","Baixo")))) | N14: =IF(A14&C14="","",IF(OR(A14="",C14=""),"ERRO: informe ativo e modo de falha",IF(COUNT(F14:H14)<3,"Pendente: dê S, O e D",IF(AND(I14>=100,K14=""),"Pendente: defina a ação para risco Alto/Crítico",IF(AND(K14<>"",OR(L14="",NOT(ISNUMBER(M14)))),"Pendente: responsável e prazo da ação","OK")))))
I15: =IF(COUNT(F15:H15)<3,"",F15*G15*H15) | J15: =IF(I15="","",IF(I15>=200,"Crítico",IF(I15>=100,"Alto",IF(I15>=50,"Médio","Baixo")))) | N15: =IF(A15&C15="","",IF(OR(A15="",C15=""),"ERRO: informe ativo e modo de falha",IF(COUNT(F15:H15)<3,"Pendente: dê S, O e D",IF(AND(I15>=100,K15=""),"Pendente: defina a ação para risco Alto/Crítico",IF(AND(K15<>"",OR(L15="",NOT(ISNUMBER(M15)))),"Pendente: responsável e prazo da ação","OK")))))
... I303: =IF(COUNT(F303:H303)<3,"",F303*G303*H303) | J303: =IF(I303="","",IF(I303>=200,"Crítico",IF(I303>=100,"Alto",IF(I303>=50,"Médio","Baixo")))) | N303: =IF(A303&C303="","",IF(OR(A303="",C303=""),"ERRO: informe ativo e modo de falha",IF(COUNT(F303:H303)<3,"Pendente: dê S, O e D",IF(AND(I303>=100,K303=""),"Pendente: defina a ação para risco Alto/Crítico",IF(AND(K303<>"",OR(L303="",NOT(ISNUMBER(M303)))),"Pendente: responsável e prazo da ação","OK")))))

Sheet Planos
C1: Módulo 3 — Biblioteca de planos (preventivas) Próxima execução = última execução + frequência (em meses, aba Listas). | L1: ="Rev. "&IF(cfg_revisao="","—",cfg_revisao)&IF(ISNUMBER(cfg_data_revisao)," · "&RIGHT("0"&DAY(cfg_data_revisao),2)&"/"&RIGHT("0"&MONTH(cfg_data_revisao),2)&"/"&YEAR(cfg_data_revisao),"")
L2: ="Elaborado: "&IF(cfg_elaborado="","A definir",cfg_elaborado)&CHAR(10)&"Aprovado: "&IF(cfg_aprovado="","A definir",cfg_aprovado)
A3: Código do plano | B3: Ativo | C3: Escopo do serviço | D3: Tipo de atividade | E3: Frequência | F3: Tempo estimado (h) | G3: Última execução | H3: Próxima execução | I3: Situação | J3: Responsável | K3: Observações | L3: Conferência
H4: =IF(OR(NOT(ISNUMBER(G4)),ISNA(MATCH(E4,lst_frequencia,0))),"",EDATE(G4,INDEX(lst_frequencia_meses,MATCH(E4,lst_frequencia,0)))) | I4: =IF(A4="","",IF(H4="","Sem data",IF(H4<TODAY(),"Vencido",IF(H4-TODAY()<=7,"Programar","Em dia")))) | L4: =IF(A4&B4&C4="","",IF(A4="","ERRO: falta o código do plano",IF(COUNTIF(pl_codigo,A4)>1,"ERRO: plano repetido",IF(ISNA(MATCH(B4,at_codigo,0)),"ERRO: ativo não cadastrado",IF(ISNA(MATCH(E4,lst_frequencia,0)),"Pendente: escolha a frequência",IF(NOT(ISNUMBER(G4)),"Pendente: última execução",IF(G4>TODAY(),"ERRO: última execução no futuro","OK")))))))
H5: =IF(OR(NOT(ISNUMBER(G5)),ISNA(MATCH(E5,lst_frequencia,0))),"",EDATE(G5,INDEX(lst_frequencia_meses,MATCH(E5,lst_frequencia,0)))) | I5: =IF(A5="","",IF(H5="","Sem data",IF(H5<TODAY(),"Vencido",IF(H5-TODAY()<=7,"Programar","Em dia")))) | L5: =IF(A5&B5&C5="","",IF(A5="","ERRO: falta o código do plano",IF(COUNTIF(pl_codigo,A5)>1,"ERRO: plano repetido",IF(ISNA(MATCH(B5,at_codigo,0)),"ERRO: ativo não cadastrado",IF(ISNA(MATCH(E5,lst_frequencia,0)),"Pendente: escolha a frequência",IF(NOT(ISNUMBER(G5)),"Pendente: última execução",IF(G5>TODAY(),"ERRO: última execução no futuro","OK")))))))
H6: =IF(OR(NOT(ISNUMBER(G6)),ISNA(MATCH(E6,lst_frequencia,0))),"",EDATE(G6,INDEX(lst_frequencia_meses,MATCH(E6,lst_frequencia,0)))) | I6: =IF(A6="","",IF(H6="","Sem data",IF(H6<TODAY(),"Vencido",IF(H6-TODAY()<=7,"Programar","Em dia")))) | L6: =IF(A6&B6&C6="","",IF(A6="","ERRO: falta o código do plano",IF(COUNTIF(pl_codigo,A6)>1,"ERRO: plano repetido",IF(ISNA(MATCH(B6,at_codigo,0)),"ERRO: ativo não cadastrado",IF(ISNA(MATCH(E6,lst_frequencia,0)),"Pendente: escolha a frequência",IF(NOT(ISNUMBER(G6)),"Pendente: última execução",IF(G6>TODAY(),"ERRO: última execução no futuro","OK")))))))
H7: =IF(OR(NOT(ISNUMBER(G7)),ISNA(MATCH(E7,lst_frequencia,0))),"",EDATE(G7,INDEX(lst_frequencia_meses,MATCH(E7,lst_frequencia,0)))) | I7: =IF(A7="","",IF(H7="","Sem data",IF(H7<TODAY(),"Vencido",IF(H7-TODAY()<=7,"Programar","Em dia")))) | L7: =IF(A7&B7&C7="","",IF(A7="","ERRO: falta o código do plano",IF(COUNTIF(pl_codigo,A7)>1,"ERRO: plano repetido",IF(ISNA(MATCH(B7,at_codigo,0)),"ERRO: ativo não cadastrado",IF(ISNA(MATCH(E7,lst_frequencia,0)),"Pendente: escolha a frequência",IF(NOT(ISNUMBER(G7)),"Pendente: última execução",IF(G7>TODAY(),"ERRO: última execução no futuro","OK")))))))
H8: =IF(OR(NOT(ISNUMBER(G8)),ISNA(MATCH(E8,lst_frequencia,0))),"",EDATE(G8,INDEX(lst_frequencia_meses,MATCH(E8,lst_frequencia,0)))) | I8: =IF(A8="","",IF(H8="","Sem data",IF(H8<TODAY(),"Vencido",IF(H8-TODAY()<=7,"Programar","Em dia")))) | L8: =IF(A8&B8&C8="","",IF(A8="","ERRO: falta o código do plano",IF(COUNTIF(pl_codigo,A8)>1,"ERRO: plano repetido",IF(ISNA(MATCH(B8,at_codigo,0)),"ERRO: ativo não cadastrado",IF(ISNA(MATCH(E8,lst_frequencia,0)),"Pendente: escolha a frequência",IF(NOT(ISNUMBER(G8)),"Pendente: última execução",IF(G8>TODAY(),"ERRO: última execução no futuro","OK")))))))
H9: =IF(OR(NOT(ISNUMBER(G9)),ISNA(MATCH(E9,lst_frequencia,0))),"",EDATE(G9,INDEX(lst_frequencia_meses,MATCH(E9,lst_frequencia,0)))) | I9: =IF(A9="","",IF(H9="","Sem data",IF(H9<TODAY(),"Vencido",IF(H9-TODAY()<=7,"Programar","Em dia")))) | L9: =IF(A9&B9&C9="","",IF(A9="","ERRO: falta o código do plano",IF(COUNTIF(pl_codigo,A9)>1,"ERRO: plano repetido",IF(ISNA(MATCH(B9,at_codigo,0)),"ERRO: ativo não cadastrado",IF(ISNA(MATCH(E9,lst_frequencia,0)),"Pendente: escolha a frequência",IF(NOT(ISNUMBER(G9)),"Pendente: última execução",IF(G9>TODAY(),"ERRO: última execução no futuro","OK")))))))
H10: =IF(OR(NOT(ISNUMBER(G10)),ISNA(MATCH(E10,lst_frequencia,0))),"",EDATE(G10,INDEX(lst_frequencia_meses,MATCH(E10,lst_frequencia,0)))) | I10: =IF(A10="","",IF(H10="","Sem data",IF(H10<TODAY(),"Vencido",IF(H10-TODAY()<=7,"Programar","Em dia")))) | L10: =IF(A10&B10&C10="","",IF(A10="","ERRO: falta o código do plano",IF(COUNTIF(pl_codigo,A10)>1,"ERRO: plano repetido",IF(ISNA(MATCH(B10,at_codigo,0)),"ERRO: ativo não cadastrado",IF(ISNA(MATCH(E10,lst_frequencia,0)),"Pendente: escolha a frequência",IF(NOT(ISNUMBER(G10)),"Pendente: última execução",IF(G10>TODAY(),"ERRO: última execução no futuro","OK")))))))
H11: =IF(OR(NOT(ISNUMBER(G11)),ISNA(MATCH(E11,lst_frequencia,0))),"",EDATE(G11,INDEX(lst_frequencia_meses,MATCH(E11,lst_frequencia,0)))) | I11: =IF(A11="","",IF(H11="","Sem data",IF(H11<TODAY(),"Vencido",IF(H11-TODAY()<=7,"Programar","Em dia")))) | L11: =IF(A11&B11&C11="","",IF(A11="","ERRO: falta o código do plano",IF(COUNTIF(pl_codigo,A11)>1,"ERRO: plano repetido",IF(ISNA(MATCH(B11,at_codigo,0)),"ERRO: ativo não cadastrado",IF(ISNA(MATCH(E11,lst_frequencia,0)),"Pendente: escolha a frequência",IF(NOT(ISNUMBER(G11)),"Pendente: última execução",IF(G11>TODAY(),"ERRO: última execução no futuro","OK")))))))
H12: =IF(OR(NOT(ISNUMBER(G12)),ISNA(MATCH(E12,lst_frequencia,0))),"",EDATE(G12,INDEX(lst_frequencia_meses,MATCH(E12,lst_frequencia,0)))) | I12: =IF(A12="","",IF(H12="","Sem data",IF(H12<TODAY(),"Vencido",IF(H12-TODAY()<=7,"Programar","Em dia")))) | L12: =IF(A12&B12&C12="","",IF(A12="","ERRO: falta o código do plano",IF(COUNTIF(pl_codigo,A12)>1,"ERRO: plano repetido",IF(ISNA(MATCH(B12,at_codigo,0)),"ERRO: ativo não cadastrado",IF(ISNA(MATCH(E12,lst_frequencia,0)),"Pendente: escolha a frequência",IF(NOT(ISNUMBER(G12)),"Pendente: última execução",IF(G12>TODAY(),"ERRO: última execução no futuro","OK")))))))
H13: =IF(OR(NOT(ISNUMBER(G13)),ISNA(MATCH(E13,lst_frequencia,0))),"",EDATE(G13,INDEX(lst_frequencia_meses,MATCH(E13,lst_frequencia,0)))) | I13: =IF(A13="","",IF(H13="","Sem data",IF(H13<TODAY(),"Vencido",IF(H13-TODAY()<=7,"Programar","Em dia")))) | L13: =IF(A13&B13&C13="","",IF(A13="","ERRO: falta o código do plano",IF(COUNTIF(pl_codigo,A13)>1,"ERRO: plano repetido",IF(ISNA(MATCH(B13,at_codigo,0)),"ERRO: ativo não cadastrado",IF(ISNA(MATCH(E13,lst_frequencia,0)),"Pendente: escolha a frequência",IF(NOT(ISNUMBER(G13)),"Pendente: última execução",IF(G13>TODAY(),"ERRO: última execução no futuro","OK")))))))
H14: =IF(OR(NOT(ISNUMBER(G14)),ISNA(MATCH(E14,lst_frequencia,0))),"",EDATE(G14,INDEX(lst_frequencia_meses,MATCH(E14,lst_frequencia,0)))) | I14: =IF(A14="","",IF(H14="","Sem data",IF(H14<TODAY(),"Vencido",IF(H14-TODAY()<=7,"Programar","Em dia")))) | L14: =IF(A14&B14&C14="","",IF(A14="","ERRO: falta o código do plano",IF(COUNTIF(pl_codigo,A14)>1,"ERRO: plano repetido",IF(ISNA(MATCH(B14,at_codigo,0)),"ERRO: ativo não cadastrado",IF(ISNA(MATCH(E14,lst_frequencia,0)),"Pendente: escolha a frequência",IF(NOT(ISNUMBER(G14)),"Pendente: última execução",IF(G14>TODAY(),"ERRO: última execução no futuro","OK")))))))
H15: =IF(OR(NOT(ISNUMBER(G15)),ISNA(MATCH(E15,lst_frequencia,0))),"",EDATE(G15,INDEX(lst_frequencia_meses,MATCH(E15,lst_frequencia,0)))) | I15: =IF(A15="","",IF(H15="","Sem data",IF(H15<TODAY(),"Vencido",IF(H15-TODAY()<=7,"Programar","Em dia")))) | L15: =IF(A15&B15&C15="","",IF(A15="","ERRO: falta o código do plano",IF(COUNTIF(pl_codigo,A15)>1,"ERRO: plano repetido",IF(ISNA(MATCH(B15,at_codigo,0)),"ERRO: ativo não cadastrado",IF(ISNA(MATCH(E15,lst_frequencia,0)),"Pendente: escolha a frequência",IF(NOT(ISNUMBER(G15)),"Pendente: última execução",IF(G15>TODAY(),"ERRO: última execução no futuro","OK")))))))
... H203: =IF(OR(NOT(ISNUMBER(G203)),ISNA(MATCH(E203,lst_frequencia,0))),"",EDATE(G203,INDEX(lst_frequencia_meses,MATCH(E203,lst_frequencia,0)))) | I203: =IF(A203="","",IF(H203="","Sem data",IF(H203<TODAY(),"Vencido",IF(H203-TODAY()<=7,"Programar","Em dia")))) | L203: =IF(A203&B203&C203="","",IF(A203="","ERRO: falta o código do plano",IF(COUNTIF(pl_codigo,A203)>1,"ERRO: plano repetido",IF(ISNA(MATCH(B203,at_codigo,0)),"ERRO: ativo não cadastrado",IF(ISNA(MATCH(E203,lst_frequencia,0)),"Pendente: escolha a frequência",IF(NOT(ISNUMBER(G203)),"Pendente: última execução",IF(G203>TODAY(),"ERRO: última execução no futuro","OK")))))))

Sheet Cronograma Anual
C1: Cronograma anual de preventivas ✔ = OS preventiva concluída do plano no mês · ● = programado e ainda não executado. Lê Planos e Programação. | P1: ="Rev. "&IF(cfg_revisao="","—",cfg_revisao)&IF(ISNUMBER(cfg_data_revisao)," · "&RIGHT("0"&DAY(cfg_data_revisao),2)&"/"&RIGHT("0"&MONTH(cfg_data_revisao),2)&"/"&YEAR(cfg_data_revisao),"")
P2: ="Elaborado: "&IF(cfg_elaborado="","A definir",cfg_elaborado)&CHAR(10)&"Aprovado: "&IF(cfg_aprovado="","A definir",cfg_aprovado)
A3: Plano | B3: Ativo | C3: Escopo | D3: Jan | E3: Fev | F3: Mar | G3: Abr | H3: Mai | I3: Jun | J3: Jul | K3: Ago | L3: Set | M3: Out | N3: Nov | O3: Dez | P3: % realizado
A4: ="Programadas (●) e executadas (✔) · ano "&ano_ref | D4: =COUNTIF(D5:D204,"●")&"/"&COUNTIF(D5:D204,"✔") | E4: =COUNTIF(E5:E204,"●")&"/"&COUNTIF(E5:E204,"✔") | F4: =COUNTIF(F5:F204,"●")&"/"&COUNTIF(F5:F204,"✔") | G4: =COUNTIF(G5:G204,"●")&"/"&COUNTIF(G5:G204,"✔") | H4: =COUNTIF(H5:H204,"●")&"/"&COUNTIF(H5:H204,"✔") | I4: =COUNTIF(I5:I204,"●")&"/"&COUNTIF(I5:I204,"✔") | J4: =COUNTIF(J5:J204,"●")&"/"&COUNTIF(J5:J204,"✔") | K4: =COUNTIF(K5:K204,"●")&"/"&COUNTIF(K5:K204,"✔") | ... O4: =COUNTIF(O5:O204,"●")&"/"&COUNTIF(O5:O204,"✔") | P4: =IFERROR(COUNTIF(D5:O204,"✔")/(COUNTIF(D5:O204,"✔")+COUNTIF(D5:O204,"●")),"")
A5: =IF(Planos!$A4<>"",Planos!A4&"","") | B5: =IF(Planos!$A4<>"",Planos!B4&"","") | C5: =IF(Planos!$A4<>"",Planos!C4&"","") | D5: =IF(NOT(Planos!$A4<>""),"",IF(COUNTIFS(Programação!$B$4:$B$503,Planos!$A4,Programação!$I$4:$I$503,"Concluído",Programação!$G$4:$G$503,">="&DATE(ano_ref,1,1),Programação!$G$4:$G$503,"<="&EOMONTH(DATE(ano_ref,1,1),0))>0,"✔",IF(AND(ISNUMBER(Planos!$G4),IFERROR(INDEX(lst_frequencia_meses,MATCH(Planos!$E4,lst_frequencia,0)),0)>0,(ano_ref*12+1)-(YEAR(Planos!$G4)*12+MONTH(Planos!$G4))>0,MOD((ano_ref*12+1)-(YEAR(Planos!$G4)*12+MONTH(Planos!$G4)),MAX(1,IFERROR(INDEX(lst_frequencia_meses,MATCH(Planos!$E4,lst_frequencia,0)),0)))=0),"●",""))) | E5: =IF(NOT(Planos!$A4<>""),"",IF(COUNTIFS(Programação!$B$4:$B$503,Planos!$A4,Programação!$I$4:$I$503,"Concluído",Programação!$G$4:$G$503,">="&DATE(ano_ref,2,1),Programação!$G$4:$G$503,"<="&EOMONTH(DATE(ano_ref,2,1),0))>0,"✔",IF(AND(ISNUMBER(Planos!$G4),IFERROR(INDEX(lst_frequencia_meses,MATCH(Planos!$E4,lst_frequencia,0)),0)>0,(ano_ref*12+2)-(YEAR(Planos!$G4)*12+MONTH(Planos!$G4))>0,MOD((ano_ref*12+2)-(YEAR(Planos!$G4)*12+MONTH(Planos!$G4)),MAX(1,IFERROR(INDEX(lst_frequencia_meses,MATCH(Planos!$E4,lst_frequencia,0)),0)))=0),"●",""))) | F5: =IF(NOT(Planos!$A4<>""),"",IF(COUNTIFS(Programação!$B$4:$B$503,Planos!$A4,Programação!$I$4:$I$503,"Concluído",Programação!$G$4:$G$503,">="&DATE(ano_ref,3,1),Programação!$G$4:$G$503,"<="&EOMONTH(DATE(ano_ref,3,1),0))>0,"✔",IF(AND(ISNUMBER(Planos!$G4),IFERROR(INDEX(lst_frequencia_meses,MATCH(Planos!$E4,lst_frequencia,0)),0)>0,(ano_ref*12+3)-(YEAR(Planos!$G4)*12+MONTH(Planos!$G4))>0,MOD((ano_ref*12+3)-(YEAR(Planos!$G4)*12+MONTH(Planos!$G4)),MAX(1,IFERROR(INDEX(lst_frequencia_meses,MATCH(Planos!$E4,lst_frequencia,0)),0)))=0),"●",""))) | G5: =IF(NOT(Planos!$A4<>""),"",IF(COUNTIFS(Programação!$B$4:$B$503,Planos!$A4,Programação!$I$4:$I$503,"Concluído",Programação!$G$4:$G$503,">="&DATE(ano_ref,4,1),Programação!$G$4:$G$503,"<="&EOMONTH(DATE(ano_ref,4,1),0))>0,"✔",IF(AND(ISNUMBER(Planos!$G4),IFERROR(INDEX(lst_frequencia_meses,MATCH(Planos!$E4,lst_frequencia,0)),0)>0,(ano_ref*12+4)-(YEAR(Planos!$G4)*12+MONTH(Planos!$G4))>0,MOD((ano_ref*12+4)-(YEAR(Planos!$G4)*12+MONTH(Planos!$G4)),MAX(1,IFERROR(INDEX(lst_frequencia_meses,MATCH(Planos!$E4,lst_frequencia,0)),0)))=0),"●",""))) | H5: =IF(NOT(Planos!$A4<>""),"",IF(COUNTIFS(Programação!$B$4:$B$503,Planos!$A4,Programação!$I$4:$I$503,"Concluído",Programação!$G$4:$G$503,">="&DATE(ano_ref,5,1),Programação!$G$4:$G$503,"<="&EOMONTH(DATE(ano_ref,5,1),0))>0,"✔",IF(AND(ISNUMBER(Planos!$G4),IFERROR(INDEX(lst_frequencia_meses,MATCH(Planos!$E4,lst_frequencia,0)),0)>0,(ano_ref*12+5)-(YEAR(Planos!$G4)*12+MONTH(Planos!$G4))>0,MOD((ano_ref*12+5)-(YEAR(Planos!$G4)*12+MONTH(Planos!$G4)),MAX(1,IFERROR(INDEX(lst_frequencia_meses,MATCH(Planos!$E4,lst_frequencia,0)),0)))=0),"●",""))) | I5: =IF(NOT(Planos!$A4<>""),"",IF(COUNTIFS(Programação!$B$4:$B$503,Planos!$A4,Programação!$I$4:$I$503,"Concluído",Programação!$G$4:$G$503,">="&DATE(ano_ref,6,1),Programação!$G$4:$G$503,"<="&EOMONTH(DATE(ano_ref,6,1),0))>0,"✔",IF(AND(ISNUMBER(Planos!$G4),IFERROR(INDEX(lst_frequencia_meses,MATCH(Planos!$E4,lst_frequencia,0)),0)>0,(ano_ref*12+6)-(YEAR(Planos!$G4)*12+MONTH(Planos!$G4))>0,MOD((ano_ref*12+6)-(YEAR(Planos!$G4)*12+MONTH(Planos!$G4)),MAX(1,IFERROR(INDEX(lst_frequencia_meses,MATCH(Planos!$E4,lst_frequencia,0)),0)))=0),"●",""))) | J5: =IF(NOT(Planos!$A4<>""),"",IF(COUNTIFS(Programação!$B$4:$B$503,Planos!$A4,Programação!$I$4:$I$503,"Concluído",Programação!$G$4:$G$503,">="&DATE(ano_ref,7,1),Programação!$G$4:$G$503,"<="&EOMONTH(DATE(ano_ref,7,1),0))>0,"✔",IF(AND(ISNUMBER(Planos!$G4),IFERROR(INDEX(lst_frequencia_meses,MATCH(Planos!$E4,lst_frequencia,0)),0)>0,(ano_ref*12+7)-(YEAR(Planos!$G4)*12+MONTH(Planos!$G4))>0,MOD((ano_ref*12+7)-(YEAR(Planos!$G4)*12+MONTH(Planos!$G4)),MAX(1,IFERROR(INDEX(lst_frequencia_meses,MATCH(Planos!$E4,lst_frequencia,0)),0)))=0),"●",""))) | K5: =IF(NOT(Planos!$A4<>""),"",IF(COUNTIFS(Programação!$B$4:$B$503,Planos!$A4,Programação!$I$4:$I$503,"Concluído",Programação!$G$4:$G$503,">="&DATE(ano_ref,8,1),Programação!$G$4:$G$503,"<="&EOMONTH(DATE(ano_ref,8,1),0))>0,"✔",IF(AND(ISNUMBER(Planos!$G4),IFERROR(INDEX(lst_frequencia_meses,MATCH(Planos!$E4,lst_frequencia,0)),0)>0,(ano_ref*12+8)-(YEAR(Planos!$G4)*12+MONTH(Planos!$G4))>0,MOD((ano_ref*12+8)-(YEAR(Planos!$G4)*12+MONTH(Planos!$G4)),MAX(1,IFERROR(INDEX(lst_frequencia_meses,MATCH(Planos!$E4,lst_frequencia,0)),0)))=0),"●",""))) | L5: =IF(NOT(Planos!$A4<>""),"",IF(COUNTIFS(Programação!$B$4:$B$503,Planos!$A4,Programação!$I$4:$I$503,"Concluído",Programação!$G$4:$G$503,">="&DATE(ano_ref,9,1),Programação!$G$4:$G$503,"<="&EOMONTH(DATE(ano_ref,9,1),0))>0,"✔",IF(AND(ISNUMBER(Planos!$G4),IFERROR(INDEX(lst_frequencia_meses,MATCH(Planos!$E4,lst_frequencia,0)),0)>0,(ano_ref*12+9)-(YEAR(Planos!$G4)*12+MONTH(Planos!$G4))>0,MOD((ano_ref*12+9)-(YEAR(Planos!$G4)*12+MONTH(Planos!$G4)),MAX(1,IFERROR(INDEX(lst_frequencia_meses,MATCH(Planos!$E4,lst_frequencia,0)),0)))=0),"●",""))) | M5: =IF(NOT(Planos!$A4<>""),"",IF(COUNTIFS(Programação!$B$4:$B$503,Planos!$A4,Programação!$I$4:$I$503,"Concluído",Programação!$G$4:$G$503,">="&DATE(ano_ref,10,1),Programação!$G$4:$G$503,"<="&EOMONTH(DATE(ano_ref,10,1),0))>0,"✔",IF(AND(ISNUMBER(Planos!$G4),IFERROR(INDEX(lst_frequencia_meses,MATCH(Planos!$E4,lst_frequencia,0)),0)>0,(ano_ref*12+10)-(YEAR(Planos!$G4)*12+MONTH(Planos!$G4))>0,MOD((ano_ref*12+10)-(YEAR(Planos!$G4)*12+MONTH(Planos!$G4)),MAX(1,IFERROR(INDEX(lst_frequencia_meses,MATCH(Planos!$E4,lst_frequencia,0)),0)))=0),"●",""))) | N5: =IF(NOT(Planos!$A4<>""),"",IF(COUNTIFS(Programação!$B$4:$B$503,Planos!$A4,Programação!$I$4:$I$503,"Concluído",Programação!$G$4:$G$503,">="&DATE(ano_ref,11,1),Programação!$G$4:$G$503,"<="&EOMONTH(DATE(ano_ref,11,1),0))>0,"✔",IF(AND(ISNUMBER(Planos!$G4),IFERROR(INDEX(lst_frequencia_meses,MATCH(Planos!$E4,lst_frequencia,0)),0)>0,(ano_ref*12+11)-(YEAR(Planos!$G4)*12+MONTH(Planos!$G4))>0,MOD((ano_ref*12+11)-(YEAR(Planos!$G4)*12+MONTH(Planos!$G4)),MAX(1,IFERROR(INDEX(lst_frequencia_meses,MATCH(Planos!$E4,lst_frequencia,0)),0)))=0),"●",""))) | O5: =IF(NOT(Planos!$A4<>""),"",IF(COUNTIFS(Programação!$B$4:$B$503,Planos!$A4,Programação!$I$4:$I$503,"Concluído",Programação!$G$4:$G$503,">="&DATE(ano_ref,12,1),Programação!$G$4:$G$503,"<="&EOMONTH(DATE(ano_ref,12,1),0))>0,"✔",IF(AND(ISNUMBER(Planos!$G4),IFERROR(INDEX(lst_frequencia_meses,MATCH(Planos!$E4,lst_frequencia,0)),0)>0,(ano_ref*12+12)-(YEAR(Planos!$G4)*12+MONTH(Planos!$G4))>0,MOD((ano_ref*12+12)-(YEAR(Planos!$G4)*12+MONTH(Planos!$G4)),MAX(1,IFERROR(INDEX(lst_frequencia_meses,MATCH(Planos!$E4,lst_frequencia,0)),0)))=0),"●",""))) | P5: =IF(COUNTIF(D5:O5,"✔")+COUNTIF(D5:O5,"●")=0,"",COUNTIF(D5:O5,"✔")/(COUNTIF(D5:O5,"✔")+COUNTIF(D5:O5,"●")))
A6: =IF(Planos!$A5<>"",Planos!A5&"","") | B6: =IF(Planos!$A5<>"",Planos!B5&"","") | C6: =IF(Planos!$A5<>"",Planos!C5&"","") | D6: =IF(NOT(Planos!$A5<>""),"",IF(COUNTIFS(Programação!$B$4:$B$503,Planos!$A5,Programação!$I$4:$I$503,"Concluído",Programação!$G$4:$G$503,">="&DATE(ano_ref,1,1),Programação!$G$4:$G$503,"<="&EOMONTH(DATE(ano_ref,1,1),0))>0,"✔",IF(AND(ISNUMBER(Planos!$G5),IFERROR(INDEX(lst_frequencia_meses,MATCH(Planos!$E5,lst_frequencia,0)),0)>0,(ano_ref*12+1)-(YEAR(Planos!$G5)*12+MONTH(Planos!$G5))>0,MOD((ano_ref*12+1)-(YEAR(Planos!$G5)*12+MONTH(Planos!$G5)),MAX(1,IFERROR(INDEX(lst_frequencia_meses,MATCH(Planos!$E5,lst_frequencia,0)),0)))=0),"●",""))) | E6: =IF(NOT(Planos!$A5<>""),"",IF(COUNTIFS(Programação!$B$4:$B$503,Planos!$A5,Programação!$I$4:$I$503,"Concluído",Programação!$G$4:$G$503,">="&DATE(ano_ref,2,1),Programação!$G$4:$G$503,"<="&EOMONTH(DATE(ano_ref,2,1),0))>0,"✔",IF(AND(ISNUMBER(Planos!$G5),IFERROR(INDEX(lst_frequencia_meses,MATCH(Planos!$E5,lst_frequencia,0)),0)>0,(ano_ref*12+2)-(YEAR(Planos!$G5)*12+MONTH(Planos!$G5))>0,MOD((ano_ref*12+2)-(YEAR(Planos!$G5)*12+MONTH(Planos!$G5)),MAX(1,IFERROR(INDEX(lst_frequencia_meses,MATCH(Planos!$E5,lst_frequencia,0)),0)))=0),"●",""))) | F6: =IF(NOT(Planos!$A5<>""),"",IF(COUNTIFS(Programação!$B$4:$B$503,Planos!$A5,Programação!$I$4:$I$503,"Concluído",Programação!$G$4:$G$503,">="&DATE(ano_ref,3,1),Programação!$G$4:$G$503,"<="&EOMONTH(DATE(ano_ref,3,1),0))>0,"✔",IF(AND(ISNUMBER(Planos!$G5),IFERROR(INDEX(lst_frequencia_meses,MATCH(Planos!$E5,lst_frequencia,0)),0)>0,(ano_ref*12+3)-(YEAR(Planos!$G5)*12+MONTH(Planos!$G5))>0,MOD((ano_ref*12+3)-(YEAR(Planos!$G5)*12+MONTH(Planos!$G5)),MAX(1,IFERROR(INDEX(lst_frequencia_meses,MATCH(Planos!$E5,lst_frequencia,0)),0)))=0),"●",""))) | G6: =IF(NOT(Planos!$A5<>""),"",IF(COUNTIFS(Programação!$B$4:$B$503,Planos!$A5,Programação!$I$4:$I$503,"Concluído",Programação!$G$4:$G$503,">="&DATE(ano_ref,4,1),Programação!$G$4:$G$503,"<="&EOMONTH(DATE(ano_ref,4,1),0))>0,"✔",IF(AND(ISNUMBER(Planos!$G5),IFERROR(INDEX(lst_frequencia_meses,MATCH(Planos!$E5,lst_frequencia,0)),0)>0,(ano_ref*12+4)-(YEAR(Planos!$G5)*12+MONTH(Planos!$G5))>0,MOD((ano_ref*12+4)-(YEAR(Planos!$G5)*12+MONTH(Planos!$G5)),MAX(1,IFERROR(INDEX(lst_frequencia_meses,MATCH(Planos!$E5,lst_frequencia,0)),0)))=0),"●",""))) | H6: =IF(NOT(Planos!$A5<>""),"",IF(COUNTIFS(Programação!$B$4:$B$503,Planos!$A5,Programação!$I$4:$I$503,"Concluído",Programação!$G$4:$G$503,">="&DATE(ano_ref,5,1),Programação!$G$4:$G$503,"<="&EOMONTH(DATE(ano_ref,5,1),0))>0,"✔",IF(AND(ISNUMBER(Planos!$G5),IFERROR(INDEX(lst_frequencia_meses,MATCH(Planos!$E5,lst_frequencia,0)),0)>0,(ano_ref*12+5)-(YEAR(Planos!$G5)*12+MONTH(Planos!$G5))>0,MOD((ano_ref*12+5)-(YEAR(Planos!$G5)*12+MONTH(Planos!$G5)),MAX(1,IFERROR(INDEX(lst_frequencia_meses,MATCH(Planos!$E5,lst_frequencia,0)),0)))=0),"●",""))) | I6: =IF(NOT(Planos!$A5<>""),"",IF(COUNTIFS(Programação!$B$4:$B$503,Planos!$A5,Programação!$I$4:$I$503,"Concluído",Programação!$G$4:$G$503,">="&DATE(ano_ref,6,1),Programação!$G$4:$G$503,"<="&EOMONTH(DATE(ano_ref,6,1),0))>0,"✔",IF(AND(ISNUMBER(Planos!$G5),IFERROR(INDEX(lst_frequencia_meses,MATCH(Planos!$E5,lst_frequencia,0)),0)>0,(ano_ref*12+6)-(YEAR(Planos!$G5)*12+MONTH(Planos!$G5))>0,MOD((ano_ref*12+6)-(YEAR(Planos!$G5)*12+MONTH(Planos!$G5)),MAX(1,IFERROR(INDEX(lst_frequencia_meses,MATCH(Planos!$E5,lst_frequencia,0)),0)))=0),"●",""))) | J6: =IF(NOT(Planos!$A5<>""),"",IF(COUNTIFS(Programação!$B$4:$B$503,Planos!$A5,Programação!$I$4:$I$503,"Concluído",Programação!$G$4:$G$503,">="&DATE(ano_ref,7,1),Programação!$G$4:$G$503,"<="&EOMONTH(DATE(ano_ref,7,1),0))>0,"✔",IF(AND(ISNUMBER(Planos!$G5),IFERROR(INDEX(lst_frequencia_meses,MATCH(Planos!$E5,lst_frequencia,0)),0)>0,(ano_ref*12+7)-(YEAR(Planos!$G5)*12+MONTH(Planos!$G5))>0,MOD((ano_ref*12+7)-(YEAR(Planos!$G5)*12+MONTH(Planos!$G5)),MAX(1,IFERROR(INDEX(lst_frequencia_meses,MATCH(Planos!$E5,lst_frequencia,0)),0)))=0),"●",""))) | K6: =IF(NOT(Planos!$A5<>""),"",IF(COUNTIFS(Programação!$B$4:$B$503,Planos!$A5,Programação!$I$4:$I$503,"Concluído",Programação!$G$4:$G$503,">="&DATE(ano_ref,8,1),Programação!$G$4:$G$503,"<="&EOMONTH(DATE(ano_ref,8,1),0))>0,"✔",IF(AND(ISNUMBER(Planos!$G5),IFERROR(INDEX(lst_frequencia_meses,MATCH(Planos!$E5,lst_frequencia,0)),0)>0,(ano_ref*12+8)-(YEAR(Planos!$G5)*12+MONTH(Planos!$G5))>0,MOD((ano_ref*12+8)-(YEAR(Planos!$G5)*12+MONTH(Planos!$G5)),MAX(1,IFERROR(INDEX(lst_frequencia_meses,MATCH(Planos!$E5,lst_frequencia,0)),0)))=0),"●",""))) | L6: =IF(NOT(Planos!$A5<>""),"",IF(COUNTIFS(Programação!$B$4:$B$503,Planos!$A5,Programação!$I$4:$I$503,"Concluído",Programação!$G$4:$G$503,">="&DATE(ano_ref,9,1),Programação!$G$4:$G$503,"<="&EOMONTH(DATE(ano_ref,9,1),0))>0,"✔",IF(AND(ISNUMBER(Planos!$G5),IFERROR(INDEX(lst_frequencia_meses,MATCH(Planos!$E5,lst_frequencia,0)),0)>0,(ano_ref*12+9)-(YEAR(Planos!$G5)*12+MONTH(Planos!$G5))>0,MOD((ano_ref*12+9)-(YEAR(Planos!$G5)*12+MONTH(Planos!$G5)),MAX(1,IFERROR(INDEX(lst_frequencia_meses,MATCH(Planos!$E5,lst_frequencia,0)),0)))=0),"●",""))) | M6: =IF(NOT(Planos!$A5<>""),"",IF(COUNTIFS(Programação!$B$4:$B$503,Planos!$A5,Programação!$I$4:$I$503,"Concluído",Programação!$G$4:$G$503,">="&DATE(ano_ref,10,1),Programação!$G$4:$G$503,"<="&EOMONTH(DATE(ano_ref,10,1),0))>0,"✔",IF(AND(ISNUMBER(Planos!$G5),IFERROR(INDEX(lst_frequencia_meses,MATCH(Planos!$E5,lst_frequencia,0)),0)>0,(ano_ref*12+10)-(YEAR(Planos!$G5)*12+MONTH(Planos!$G5))>0,MOD((ano_ref*12+10)-(YEAR(Planos!$G5)*12+MONTH(Planos!$G5)),MAX(1,IFERROR(INDEX(lst_frequencia_meses,MATCH(Planos!$E5,lst_frequencia,0)),0)))=0),"●",""))) | N6: =IF(NOT(Planos!$A5<>""),"",IF(COUNTIFS(Programação!$B$4:$B$503,Planos!$A5,Programação!$I$4:$I$503,"Concluído",Programação!$G$4:$G$503,">="&DATE(ano_ref,11,1),Programação!$G$4:$G$503,"<="&EOMONTH(DATE(ano_ref,11,1),0))>0,"✔",IF(AND(ISNUMBER(Planos!$G5),IFERROR(INDEX(lst_frequencia_meses,MATCH(Planos!$E5,lst_frequencia,0)),0)>0,(ano_ref*12+11)-(YEAR(Planos!$G5)*12+MONTH(Planos!$G5))>0,MOD((ano_ref*12+11)-(YEAR(Planos!$G5)*12+MONTH(Planos!$G5)),MAX(1,IFERROR(INDEX(lst_frequencia_meses,MATCH(Planos!$E5,lst_frequencia,0)),0)))=0),"●",""))) | O6: =IF(NOT(Planos!$A5<>""),"",IF(COUNTIFS(Programação!$B$4:$B$503,Planos!$A5,Programação!$I$4:$I$503,"Concluído",Programação!$G$4:$G$503,">="&DATE(ano_ref,12,1),Programação!$G$4:$G$503,"<="&EOMONTH(DATE(ano_ref,12,1),0))>0,"✔",IF(AND(ISNUMBER(Planos!$G5),IFERROR(INDEX(lst_frequencia_meses,MATCH(Planos!$E5,lst_frequencia,0)),0)>0,(ano_ref*12+12)-(YEAR(Planos!$G5)*12+MONTH(Planos!$G5))>0,MOD((ano_ref*12+12)-(YEAR(Planos!$G5)*12+MONTH(Planos!$G5)),MAX(1,IFERROR(INDEX(lst_frequencia_meses,MATCH(Planos!$E5,lst_frequencia,0)),0)))=0),"●",""))) | P6: =IF(COUNTIF(D6:O6,"✔")+COUNTIF(D6:O6,"●")=0,"",COUNTIF(D6:O6,"✔")/(COUNTIF(D6:O6,"✔")+COUNTIF(D6:O6,"●")))
A7: =IF(Planos!$A6<>"",Planos!A6&"","") | B7: =IF(Planos!$A6<>"",Planos!B6&"","") | C7: =IF(Planos!$A6<>"",Planos!C6&"","") | D7: =IF(NOT(Planos!$A6<>""),"",IF(COUNTIFS(Programação!$B$4:$B$503,Planos!$A6,Programação!$I$4:$I$503,"Concluído",Programação!$G$4:$G$503,">="&DATE(ano_ref,1,1),Programação!$G$4:$G$503,"<="&EOMONTH(DATE(ano_ref,1,1),0))>0,"✔",IF(AND(ISNUMBER(Planos!$G6),IFERROR(INDEX(lst_frequencia_meses,MATCH(Planos!$E6,lst_frequencia,0)),0)>0,(ano_ref*12+1)-(YEAR(Planos!$G6)*12+MONTH(Planos!$G6))>0,MOD((ano_ref*12+1)-(YEAR(Planos!$G6)*12+MONTH(Planos!$G6)),MAX(1,IFERROR(INDEX(lst_frequencia_meses,MATCH(Planos!$E6,lst_frequencia,0)),0)))=0),"●",""))) | E7: =IF(NOT(Planos!$A6<>""),"",IF(COUNTIFS(Programação!$B$4:$B$503,Planos!$A6,Programação!$I$4:$I$503,"Concluído",Programação!$G$4:$G$503,">="&DATE(ano_ref,2,1),Programação!$G$4:$G$503,"<="&EOMONTH(DATE(ano_ref,2,1),0))>0,"✔",IF(AND(ISNUMBER(Planos!$G6),IFERROR(INDEX(lst_frequencia_meses,MATCH(Planos!$E6,lst_frequencia,0)),0)>0,(ano_ref*12+2)-(YEAR(Planos!$G6)*12+MONTH(Planos!$G6))>0,MOD((ano_ref*12+2)-(YEAR(Planos!$G6)*12+MONTH(Planos!$G6)),MAX(1,IFERROR(INDEX(lst_frequencia_meses,MATCH(Planos!$E6,lst_frequencia,0)),0)))=0),"●",""))) | F7: =IF(NOT(Planos!$A6<>""),"",IF(COUNTIFS(Programação!$B$4:$B$503,Planos!$A6,Programação!$I$4:$I$503,"Concluído",Programação!$G$4:$G$503,">="&DATE(ano_ref,3,1),Programação!$G$4:$G$503,"<="&EOMONTH(DATE(ano_ref,3,1),0))>0,"✔",IF(AND(ISNUMBER(Planos!$G6),IFERROR(INDEX(lst_frequencia_meses,MATCH(Planos!$E6,lst_frequencia,0)),0)>0,(ano_ref*12+3)-(YEAR(Planos!$G6)*12+MONTH(Planos!$G6))>0,MOD((ano_ref*12+3)-(YEAR(Planos!$G6)*12+MONTH(Planos!$G6)),MAX(1,IFERROR(INDEX(lst_frequencia_meses,MATCH(Planos!$E6,lst_frequencia,0)),0)))=0),"●",""))) | G7: =IF(NOT(Planos!$A6<>""),"",IF(COUNTIFS(Programação!$B$4:$B$503,Planos!$A6,Programação!$I$4:$I$503,"Concluído",Programação!$G$4:$G$503,">="&DATE(ano_ref,4,1),Programação!$G$4:$G$503,"<="&EOMONTH(DATE(ano_ref,4,1),0))>0,"✔",IF(AND(ISNUMBER(Planos!$G6),IFERROR(INDEX(lst_frequencia_meses,MATCH(Planos!$E6,lst_frequencia,0)),0)>0,(ano_ref*12+4)-(YEAR(Planos!$G6)*12+MONTH(Planos!$G6))>0,MOD((ano_ref*12+4)-(YEAR(Planos!$G6)*12+MONTH(Planos!$G6)),MAX(1,IFERROR(INDEX(lst_frequencia_meses,MATCH(Planos!$E6,lst_frequencia,0)),0)))=0),"●",""))) | H7: =IF(NOT(Planos!$A6<>""),"",IF(COUNTIFS(Programação!$B$4:$B$503,Planos!$A6,Programação!$I$4:$I$503,"Concluído",Programação!$G$4:$G$503,">="&DATE(ano_ref,5,1),Programação!$G$4:$G$503,"<="&EOMONTH(DATE(ano_ref,5,1),0))>0,"✔",IF(AND(ISNUMBER(Planos!$G6),IFERROR(INDEX(lst_frequencia_meses,MATCH(Planos!$E6,lst_frequencia,0)),0)>0,(ano_ref*12+5)-(YEAR(Planos!$G6)*12+MONTH(Planos!$G6))>0,MOD((ano_ref*12+5)-(YEAR(Planos!$G6)*12+MONTH(Planos!$G6)),MAX(1,IFERROR(INDEX(lst_frequencia_meses,MATCH(Planos!$E6,lst_frequencia,0)),0)))=0),"●",""))) | I7: =IF(NOT(Planos!$A6<>""),"",IF(COUNTIFS(Programação!$B$4:$B$503,Planos!$A6,Programação!$I$4:$I$503,"Concluído",Programação!$G$4:$G$503,">="&DATE(ano_ref,6,1),Programação!$G$4:$G$503,"<="&EOMONTH(DATE(ano_ref,6,1),0))>0,"✔",IF(AND(ISNUMBER(Planos!$G6),IFERROR(INDEX(lst_frequencia_meses,MATCH(Planos!$E6,lst_frequencia,0)),0)>0,(ano_ref*12+6)-(YEAR(Planos!$G6)*12+MONTH(Planos!$G6))>0,MOD((ano_ref*12+6)-(YEAR(Planos!$G6)*12+MONTH(Planos!$G6)),MAX(1,IFERROR(INDEX(lst_frequencia_meses,MATCH(Planos!$E6,lst_frequencia,0)),0)))=0),"●",""))) | J7: =IF(NOT(Planos!$A6<>""),"",IF(COUNTIFS(Programação!$B$4:$B$503,Planos!$A6,Programação!$I$4:$I$503,"Concluído",Programação!$G$4:$G$503,">="&DATE(ano_ref,7,1),Programação!$G$4:$G$503,"<="&EOMONTH(DATE(ano_ref,7,1),0))>0,"✔",IF(AND(ISNUMBER(Planos!$G6),IFERROR(INDEX(lst_frequencia_meses,MATCH(Planos!$E6,lst_frequencia,0)),0)>0,(ano_ref*12+7)-(YEAR(Planos!$G6)*12+MONTH(Planos!$G6))>0,MOD((ano_ref*12+7)-(YEAR(Planos!$G6)*12+MONTH(Planos!$G6)),MAX(1,IFERROR(INDEX(lst_frequencia_meses,MATCH(Planos!$E6,lst_frequencia,0)),0)))=0),"●",""))) | K7: =IF(NOT(Planos!$A6<>""),"",IF(COUNTIFS(Programação!$B$4:$B$503,Planos!$A6,Programação!$I$4:$I$503,"Concluído",Programação!$G$4:$G$503,">="&DATE(ano_ref,8,1),Programação!$G$4:$G$503,"<="&EOMONTH(DATE(ano_ref,8,1),0))>0,"✔",IF(AND(ISNUMBER(Planos!$G6),IFERROR(INDEX(lst_frequencia_meses,MATCH(Planos!$E6,lst_frequencia,0)),0)>0,(ano_ref*12+8)-(YEAR(Planos!$G6)*12+MONTH(Planos!$G6))>0,MOD((ano_ref*12+8)-(YEAR(Planos!$G6)*12+MONTH(Planos!$G6)),MAX(1,IFERROR(INDEX(lst_frequencia_meses,MATCH(Planos!$E6,lst_frequencia,0)),0)))=0),"●",""))) | L7: =IF(NOT(Planos!$A6<>""),"",IF(COUNTIFS(Programação!$B$4:$B$503,Planos!$A6,Programação!$I$4:$I$503,"Concluído",Programação!$G$4:$G$503,">="&DATE(ano_ref,9,1),Programação!$G$4:$G$503,"<="&EOMONTH(DATE(ano_ref,9,1),0))>0,"✔",IF(AND(ISNUMBER(Planos!$G6),IFERROR(INDEX(lst_frequencia_meses,MATCH(Planos!$E6,lst_frequencia,0)),0)>0,(ano_ref*12+9)-(YEAR(Planos!$G6)*12+MONTH(Planos!$G6))>0,MOD((ano_ref*12+9)-(YEAR(Planos!$G6)*12+MONTH(Planos!$G6)),MAX(1,IFERROR(INDEX(lst_frequencia_meses,MATCH(Planos!$E6,lst_frequencia,0)),0)))=0),"●",""))) | M7: =IF(NOT(Planos!$A6<>""),"",IF(COUNTIFS(Programação!$B$4:$B$503,Planos!$A6,Programação!$I$4:$I$503,"Concluído",Programação!$G$4:$G$503,">="&DATE(ano_ref,10,1),Programação!$G$4:$G$503,"<="&EOMONTH(DATE(ano_ref,10,1),0))>0,"✔",IF(AND(ISNUMBER(Planos!$G6),IFERROR(INDEX(lst_frequencia_meses,MATCH(Planos!$E6,lst_frequencia,0)),0)>0,(ano_ref*12+10)-(YEAR(Planos!$G6)*12+MONTH(Planos!$G6))>0,MOD((ano_ref*12+10)-(YEAR(Planos!$G6)*12+MONTH(Planos!$G6)),MAX(1,IFERROR(INDEX(lst_frequencia_meses,MATCH(Planos!$E6,lst_frequencia,0)),0)))=0),"●",""))) | N7: =IF(NOT(Planos!$A6<>""),"",IF(COUNTIFS(Programação!$B$4:$B$503,Planos!$A6,Programação!$I$4:$I$503,"Concluído",Programação!$G$4:$G$503,">="&DATE(ano_ref,11,1),Programação!$G$4:$G$503,"<="&EOMONTH(DATE(ano_ref,11,1),0))>0,"✔",IF(AND(ISNUMBER(Planos!$G6),IFERROR(INDEX(lst_frequencia_meses,MATCH(Planos!$E6,lst_frequencia,0)),0)>0,(ano_ref*12+11)-(YEAR(Planos!$G6)*12+MONTH(Planos!$G6))>0,MOD((ano_ref*12+11)-(YEAR(Planos!$G6)*12+MONTH(Planos!$G6)),MAX(1,IFERROR(INDEX(lst_frequencia_meses,MATCH(Planos!$E6,lst_frequencia,0)),0)))=0),"●",""))) | O7: =IF(NOT(Planos!$A6<>""),"",IF(COUNTIFS(Programação!$B$4:$B$503,Planos!$A6,Programação!$I$4:$I$503,"Concluído",Programação!$G$4:$G$503,">="&DATE(ano_ref,12,1),Programação!$G$4:$G$503,"<="&EOMONTH(DATE(ano_ref,12,1),0))>0,"✔",IF(AND(ISNUMBER(Planos!$G6),IFERROR(INDEX(lst_frequencia_meses,MATCH(Planos!$E6,lst_frequencia,0)),0)>0,(ano_ref*12+12)-(YEAR(Planos!$G6)*12+MONTH(Planos!$G6))>0,MOD((ano_ref*12+12)-(YEAR(Planos!$G6)*12+MONTH(Planos!$G6)),MAX(1,IFERROR(INDEX(lst_frequencia_meses,MATCH(Planos!$E6,lst_frequencia,0)),0)))=0),"●",""))) | P7: =IF(COUNTIF(D7:O7,"✔")+COUNTIF(D7:O7,"●")=0,"",COUNTIF(D7:O7,"✔")/(COUNTIF(D7:O7,"✔")+COUNTIF(D7:O7,"●")))
A8: =IF(Planos!$A7<>"",Planos!A7&"","") | B8: =IF(Planos!$A7<>"",Planos!B7&"","") | C8: =IF(Planos!$A7<>"",Planos!C7&"","") | D8: =IF(NOT(Planos!$A7<>""),"",IF(COUNTIFS(Programação!$B$4:$B$503,Planos!$A7,Programação!$I$4:$I$503,"Concluído",Programação!$G$4:$G$503,">="&DATE(ano_ref,1,1),Programação!$G$4:$G$503,"<="&EOMONTH(DATE(ano_ref,1,1),0))>0,"✔",IF(AND(ISNUMBER(Planos!$G7),IFERROR(INDEX(lst_frequencia_meses,MATCH(Planos!$E7,lst_frequencia,0)),0)>0,(ano_ref*12+1)-(YEAR(Planos!$G7)*12+MONTH(Planos!$G7))>0,MOD((ano_ref*12+1)-(YEAR(Planos!$G7)*12+MONTH(Planos!$G7)),MAX(1,IFERROR(INDEX(lst_frequencia_meses,MATCH(Planos!$E7,lst_frequencia,0)),0)))=0),"●",""))) | E8: =IF(NOT(Planos!$A7<>""),"",IF(COUNTIFS(Programação!$B$4:$B$503,Planos!$A7,Programação!$I$4:$I$503,"Concluído",Programação!$G$4:$G$503,">="&DATE(ano_ref,2,1),Programação!$G$4:$G$503,"<="&EOMONTH(DATE(ano_ref,2,1),0))>0,"✔",IF(AND(ISNUMBER(Planos!$G7),IFERROR(INDEX(lst_frequencia_meses,MATCH(Planos!$E7,lst_frequencia,0)),0)>0,(ano_ref*12+2)-(YEAR(Planos!$G7)*12+MONTH(Planos!$G7))>0,MOD((ano_ref*12+2)-(YEAR(Planos!$G7)*12+MONTH(Planos!$G7)),MAX(1,IFERROR(INDEX(lst_frequencia_meses,MATCH(Planos!$E7,lst_frequencia,0)),0)))=0),"●",""))) | F8: =IF(NOT(Planos!$A7<>""),"",IF(COUNTIFS(Programação!$B$4:$B$503,Planos!$A7,Programação!$I$4:$I$503,"Concluído",Programação!$G$4:$G$503,">="&DATE(ano_ref,3,1),Programação!$G$4:$G$503,"<="&EOMONTH(DATE(ano_ref,3,1),0))>0,"✔",IF(AND(ISNUMBER(Planos!$G7),IFERROR(INDEX(lst_frequencia_meses,MATCH(Planos!$E7,lst_frequencia,0)),0)>0,(ano_ref*12+3)-(YEAR(Planos!$G7)*12+MONTH(Planos!$G7))>0,MOD((ano_ref*12+3)-(YEAR(Planos!$G7)*12+MONTH(Planos!$G7)),MAX(1,IFERROR(INDEX(lst_frequencia_meses,MATCH(Planos!$E7,lst_frequencia,0)),0)))=0),"●",""))) | G8: =IF(NOT(Planos!$A7<>""),"",IF(COUNTIFS(Programação!$B$4:$B$503,Planos!$A7,Programação!$I$4:$I$503,"Concluído",Programação!$G$4:$G$503,">="&DATE(ano_ref,4,1),Programação!$G$4:$G$503,"<="&EOMONTH(DATE(ano_ref,4,1),0))>0,"✔",IF(AND(ISNUMBER(Planos!$G7),IFERROR(INDEX(lst_frequencia_meses,MATCH(Planos!$E7,lst_frequencia,0)),0)>0,(ano_ref*12+4)-(YEAR(Planos!$G7)*12+MONTH(Planos!$G7))>0,MOD((ano_ref*12+4)-(YEAR(Planos!$G7)*12+MONTH(Planos!$G7)),MAX(1,IFERROR(INDEX(lst_frequencia_meses,MATCH(Planos!$E7,lst_frequencia,0)),0)))=0),"●",""))) | H8: =IF(NOT(Planos!$A7<>""),"",IF(COUNTIFS(Programação!$B$4:$B$503,Planos!$A7,Programação!$I$4:$I$503,"Concluído",Programação!$G$4:$G$503,">="&DATE(ano_ref,5,1),Programação!$G$4:$G$503,"<="&EOMONTH(DATE(ano_ref,5,1),0))>0,"✔",IF(AND(ISNUMBER(Planos!$G7),IFERROR(INDEX(lst_frequencia_meses,MATCH(Planos!$E7,lst_frequencia,0)),0)>0,(ano_ref*12+5)-(YEAR(Planos!$G7)*12+MONTH(Planos!$G7))>0,MOD((ano_ref*12+5)-(YEAR(Planos!$G7)*12+MONTH(Planos!$G7)),MAX(1,IFERROR(INDEX(lst_frequencia_meses,MATCH(Planos!$E7,lst_frequencia,0)),0)))=0),"●",""))) | I8: =IF(NOT(Planos!$A7<>""),"",IF(COUNTIFS(Programação!$B$4:$B$503,Planos!$A7,Programação!$I$4:$I$503,"Concluído",Programação!$G$4:$G$503,">="&DATE(ano_ref,6,1),Programação!$G$4:$G$503,"<="&EOMONTH(DATE(ano_ref,6,1),0))>0,"✔",IF(AND(ISNUMBER(Planos!$G7),IFERROR(INDEX(lst_frequencia_meses,MATCH(Planos!$E7,lst_frequencia,0)),0)>0,(ano_ref*12+6)-(YEAR(Planos!$G7)*12+MONTH(Planos!$G7))>0,MOD((ano_ref*12+6)-(YEAR(Planos!$G7)*12+MONTH(Planos!$G7)),MAX(1,IFERROR(INDEX(lst_frequencia_meses,MATCH(Planos!$E7,lst_frequencia,0)),0)))=0),"●",""))) | J8: =IF(NOT(Planos!$A7<>""),"",IF(COUNTIFS(Programação!$B$4:$B$503,Planos!$A7,Programação!$I$4:$I$503,"Concluído",Programação!$G$4:$G$503,">="&DATE(ano_ref,7,1),Programação!$G$4:$G$503,"<="&EOMONTH(DATE(ano_ref,7,1),0))>0,"✔",IF(AND(ISNUMBER(Planos!$G7),IFERROR(INDEX(lst_frequencia_meses,MATCH(Planos!$E7,lst_frequencia,0)),0)>0,(ano_ref*12+7)-(YEAR(Planos!$G7)*12+MONTH(Planos!$G7))>0,MOD((ano_ref*12+7)-(YEAR(Planos!$G7)*12+MONTH(Planos!$G7)),MAX(1,IFERROR(INDEX(lst_frequencia_meses,MATCH(Planos!$E7,lst_frequencia,0)),0)))=0),"●",""))) | K8: =IF(NOT(Planos!$A7<>""),"",IF(COUNTIFS(Programação!$B$4:$B$503,Planos!$A7,Programação!$I$4:$I$503,"Concluído",Programação!$G$4:$G$503,">="&DATE(ano_ref,8,1),Programação!$G$4:$G$503,"<="&EOMONTH(DATE(ano_ref,8,1),0))>0,"✔",IF(AND(ISNUMBER(Planos!$G7),IFERROR(INDEX(lst_frequencia_meses,MATCH(Planos!$E7,lst_frequencia,0)),0)>0,(ano_ref*12+8)-(YEAR(Planos!$G7)*12+MONTH(Planos!$G7))>0,MOD((ano_ref*12+8)-(YEAR(Planos!$G7)*12+MONTH(Planos!$G7)),MAX(1,IFERROR(INDEX(lst_frequencia_meses,MATCH(Planos!$E7,lst_frequencia,0)),0)))=0),"●",""))) | L8: =IF(NOT(Planos!$A7<>""),"",IF(COUNTIFS(Programação!$B$4:$B$503,Planos!$A7,Programação!$I$4:$I$503,"Concluído",Programação!$G$4:$G$503,">="&DATE(ano_ref,9,1),Programação!$G$4:$G$503,"<="&EOMONTH(DATE(ano_ref,9,1),0))>0,"✔",IF(AND(ISNUMBER(Planos!$G7),IFERROR(INDEX(lst_frequencia_meses,MATCH(Planos!$E7,lst_frequencia,0)),0)>0,(ano_ref*12+9)-(YEAR(Planos!$G7)*12+MONTH(Planos!$G7))>0,MOD((ano_ref*12+9)-(YEAR(Planos!$G7)*12+MONTH(Planos!$G7)),MAX(1,IFERROR(INDEX(lst_frequencia_meses,MATCH(Planos!$E7,lst_frequencia,0)),0)))=0),"●",""))) | M8: =IF(NOT(Planos!$A7<>""),"",IF(COUNTIFS(Programação!$B$4:$B$503,Planos!$A7,Programação!$I$4:$I$503,"Concluído",Programação!$G$4:$G$503,">="&DATE(ano_ref,10,1),Programação!$G$4:$G$503,"<="&EOMONTH(DATE(ano_ref,10,1),0))>0,"✔",IF(AND(ISNUMBER(Planos!$G7),IFERROR(INDEX(lst_frequencia_meses,MATCH(Planos!$E7,lst_frequencia,0)),0)>0,(ano_ref*12+10)-(YEAR(Planos!$G7)*12+MONTH(Planos!$G7))>0,MOD((ano_ref*12+10)-(YEAR(Planos!$G7)*12+MONTH(Planos!$G7)),MAX(1,IFERROR(INDEX(lst_frequencia_meses,MATCH(Planos!$E7,lst_frequencia,0)),0)))=0),"●",""))) | N8: =IF(NOT(Planos!$A7<>""),"",IF(COUNTIFS(Programação!$B$4:$B$503,Planos!$A7,Programação!$I$4:$I$503,"Concluído",Programação!$G$4:$G$503,">="&DATE(ano_ref,11,1),Programação!$G$4:$G$503,"<="&EOMONTH(DATE(ano_ref,11,1),0))>0,"✔",IF(AND(ISNUMBER(Planos!$G7),IFERROR(INDEX(lst_frequencia_meses,MATCH(Planos!$E7,lst_frequencia,0)),0)>0,(ano_ref*12+11)-(YEAR(Planos!$G7)*12+MONTH(Planos!$G7))>0,MOD((ano_ref*12+11)-(YEAR(Planos!$G7)*12+MONTH(Planos!$G7)),MAX(1,IFERROR(INDEX(lst_frequencia_meses,MATCH(Planos!$E7,lst_frequencia,0)),0)))=0),"●",""))) | O8: =IF(NOT(Planos!$A7<>""),"",IF(COUNTIFS(Programação!$B$4:$B$503,Planos!$A7,Programação!$I$4:$I$503,"Concluído",Programação!$G$4:$G$503,">="&DATE(ano_ref,12,1),Programação!$G$4:$G$503,"<="&EOMONTH(DATE(ano_ref,12,1),0))>0,"✔",IF(AND(ISNUMBER(Planos!$G7),IFERROR(INDEX(lst_frequencia_meses,MATCH(Planos!$E7,lst_frequencia,0)),0)>0,(ano_ref*12+12)-(YEAR(Planos!$G7)*12+MONTH(Planos!$G7))>0,MOD((ano_ref*12+12)-(YEAR(Planos!$G7)*12+MONTH(Planos!$G7)),MAX(1,IFERROR(INDEX(lst_frequencia_meses,MATCH(Planos!$E7,lst_frequencia,0)),0)))=0),"●",""))) | P8: =IF(COUNTIF(D8:O8,"✔")+COUNTIF(D8:O8,"●")=0,"",COUNTIF(D8:O8,"✔")/(COUNTIF(D8:O8,"✔")+COUNTIF(D8:O8,"●")))
A9: =IF(Planos!$A8<>"",Planos!A8&"","") | B9: =IF(Planos!$A8<>"",Planos!B8&"","") | C9: =IF(Planos!$A8<>"",Planos!C8&"","") | D9: =IF(NOT(Planos!$A8<>""),"",IF(COUNTIFS(Programação!$B$4:$B$503,Planos!$A8,Programação!$I$4:$I$503,"Concluído",Programação!$G$4:$G$503,">="&DATE(ano_ref,1,1),Programação!$G$4:$G$503,"<="&EOMONTH(DATE(ano_ref,1,1),0))>0,"✔",IF(AND(ISNUMBER(Planos!$G8),IFERROR(INDEX(lst_frequencia_meses,MATCH(Planos!$E8,lst_frequencia,0)),0)>0,(ano_ref*12+1)-(YEAR(Planos!$G8)*12+MONTH(Planos!$G8))>0,MOD((ano_ref*12+1)-(YEAR(Planos!$G8)*12+MONTH(Planos!$G8)),MAX(1,IFERROR(INDEX(lst_frequencia_meses,MATCH(Planos!$E8,lst_frequencia,0)),0)))=0),"●",""))) | E9: =IF(NOT(Planos!$A8<>""),"",IF(COUNTIFS(Programação!$B$4:$B$503,Planos!$A8,Programação!$I$4:$I$503,"Concluído",Programação!$G$4:$G$503,">="&DATE(ano_ref,2,1),Programação!$G$4:$G$503,"<="&EOMONTH(DATE(ano_ref,2,1),0))>0,"✔",IF(AND(ISNUMBER(Planos!$G8),IFERROR(INDEX(lst_frequencia_meses,MATCH(Planos!$E8,lst_frequencia,0)),0)>0,(ano_ref*12+2)-(YEAR(Planos!$G8)*12+MONTH(Planos!$G8))>0,MOD((ano_ref*12+2)-(YEAR(Planos!$G8)*12+MONTH(Planos!$G8)),MAX(1,IFERROR(INDEX(lst_frequencia_meses,MATCH(Planos!$E8,lst_frequencia,0)),0)))=0),"●",""))) | F9: =IF(NOT(Planos!$A8<>""),"",IF(COUNTIFS(Programação!$B$4:$B$503,Planos!$A8,Programação!$I$4:$I$503,"Concluído",Programação!$G$4:$G$503,">="&DATE(ano_ref,3,1),Programação!$G$4:$G$503,"<="&EOMONTH(DATE(ano_ref,3,1),0))>0,"✔",IF(AND(ISNUMBER(Planos!$G8),IFERROR(INDEX(lst_frequencia_meses,MATCH(Planos!$E8,lst_frequencia,0)),0)>0,(ano_ref*12+3)-(YEAR(Planos!$G8)*12+MONTH(Planos!$G8))>0,MOD((ano_ref*12+3)-(YEAR(Planos!$G8)*12+MONTH(Planos!$G8)),MAX(1,IFERROR(INDEX(lst_frequencia_meses,MATCH(Planos!$E8,lst_frequencia,0)),0)))=0),"●",""))) | G9: =IF(NOT(Planos!$A8<>""),"",IF(COUNTIFS(Programação!$B$4:$B$503,Planos!$A8,Programação!$I$4:$I$503,"Concluído",Programação!$G$4:$G$503,">="&DATE(ano_ref,4,1),Programação!$G$4:$G$503,"<="&EOMONTH(DATE(ano_ref,4,1),0))>0,"✔",IF(AND(ISNUMBER(Planos!$G8),IFERROR(INDEX(lst_frequencia_meses,MATCH(Planos!$E8,lst_frequencia,0)),0)>0,(ano_ref*12+4)-(YEAR(Planos!$G8)*12+MONTH(Planos!$G8))>0,MOD((ano_ref*12+4)-(YEAR(Planos!$G8)*12+MONTH(Planos!$G8)),MAX(1,IFERROR(INDEX(lst_frequencia_meses,MATCH(Planos!$E8,lst_frequencia,0)),0)))=0),"●",""))) | H9: =IF(NOT(Planos!$A8<>""),"",IF(COUNTIFS(Programação!$B$4:$B$503,Planos!$A8,Programação!$I$4:$I$503,"Concluído",Programação!$G$4:$G$503,">="&DATE(ano_ref,5,1),Programação!$G$4:$G$503,"<="&EOMONTH(DATE(ano_ref,5,1),0))>0,"✔",IF(AND(ISNUMBER(Planos!$G8),IFERROR(INDEX(lst_frequencia_meses,MATCH(Planos!$E8,lst_frequencia,0)),0)>0,(ano_ref*12+5)-(YEAR(Planos!$G8)*12+MONTH(Planos!$G8))>0,MOD((ano_ref*12+5)-(YEAR(Planos!$G8)*12+MONTH(Planos!$G8)),MAX(1,IFERROR(INDEX(lst_frequencia_meses,MATCH(Planos!$E8,lst_frequencia,0)),0)))=0),"●",""))) | I9: =IF(NOT(Planos!$A8<>""),"",IF(COUNTIFS(Programação!$B$4:$B$503,Planos!$A8,Programação!$I$4:$I$503,"Concluído",Programação!$G$4:$G$503,">="&DATE(ano_ref,6,1),Programação!$G$4:$G$503,"<="&EOMONTH(DATE(ano_ref,6,1),0))>0,"✔",IF(AND(ISNUMBER(Planos!$G8),IFERROR(INDEX(lst_frequencia_meses,MATCH(Planos!$E8,lst_frequencia,0)),0)>0,(ano_ref*12+6)-(YEAR(Planos!$G8)*12+MONTH(Planos!$G8))>0,MOD((ano_ref*12+6)-(YEAR(Planos!$G8)*12+MONTH(Planos!$G8)),MAX(1,IFERROR(INDEX(lst_frequencia_meses,MATCH(Planos!$E8,lst_frequencia,0)),0)))=0),"●",""))) | J9: =IF(NOT(Planos!$A8<>""),"",IF(COUNTIFS(Programação!$B$4:$B$503,Planos!$A8,Programação!$I$4:$I$503,"Concluído",Programação!$G$4:$G$503,">="&DATE(ano_ref,7,1),Programação!$G$4:$G$503,"<="&EOMONTH(DATE(ano_ref,7,1),0))>0,"✔",IF(AND(ISNUMBER(Planos!$G8),IFERROR(INDEX(lst_frequencia_meses,MATCH(Planos!$E8,lst_frequencia,0)),0)>0,(ano_ref*12+7)-(YEAR(Planos!$G8)*12+MONTH(Planos!$G8))>0,MOD((ano_ref*12+7)-(YEAR(Planos!$G8)*12+MONTH(Planos!$G8)),MAX(1,IFERROR(INDEX(lst_frequencia_meses,MATCH(Planos!$E8,lst_frequencia,0)),0)))=0),"●",""))) | K9: =IF(NOT(Planos!$A8<>""),"",IF(COUNTIFS(Programação!$B$4:$B$503,Planos!$A8,Programação!$I$4:$I$503,"Concluído",Programação!$G$4:$G$503,">="&DATE(ano_ref,8,1),Programação!$G$4:$G$503,"<="&EOMONTH(DATE(ano_ref,8,1),0))>0,"✔",IF(AND(ISNUMBER(Planos!$G8),IFERROR(INDEX(lst_frequencia_meses,MATCH(Planos!$E8,lst_frequencia,0)),0)>0,(ano_ref*12+8)-(YEAR(Planos!$G8)*12+MONTH(Planos!$G8))>0,MOD((ano_ref*12+8)-(YEAR(Planos!$G8)*12+MONTH(Planos!$G8)),MAX(1,IFERROR(INDEX(lst_frequencia_meses,MATCH(Planos!$E8,lst_frequencia,0)),0)))=0),"●",""))) | L9: =IF(NOT(Planos!$A8<>""),"",IF(COUNTIFS(Programação!$B$4:$B$503,Planos!$A8,Programação!$I$4:$I$503,"Concluído",Programação!$G$4:$G$503,">="&DATE(ano_ref,9,1),Programação!$G$4:$G$503,"<="&EOMONTH(DATE(ano_ref,9,1),0))>0,"✔",IF(AND(ISNUMBER(Planos!$G8),IFERROR(INDEX(lst_frequencia_meses,MATCH(Planos!$E8,lst_frequencia,0)),0)>0,(ano_ref*12+9)-(YEAR(Planos!$G8)*12+MONTH(Planos!$G8))>0,MOD((ano_ref*12+9)-(YEAR(Planos!$G8)*12+MONTH(Planos!$G8)),MAX(1,IFERROR(INDEX(lst_frequencia_meses,MATCH(Planos!$E8,lst_frequencia,0)),0)))=0),"●",""))) | M9: =IF(NOT(Planos!$A8<>""),"",IF(COUNTIFS(Programação!$B$4:$B$503,Planos!$A8,Programação!$I$4:$I$503,"Concluído",Programação!$G$4:$G$503,">="&DATE(ano_ref,10,1),Programação!$G$4:$G$503,"<="&EOMONTH(DATE(ano_ref,10,1),0))>0,"✔",IF(AND(ISNUMBER(Planos!$G8),IFERROR(INDEX(lst_frequencia_meses,MATCH(Planos!$E8,lst_frequencia,0)),0)>0,(ano_ref*12+10)-(YEAR(Planos!$G8)*12+MONTH(Planos!$G8))>0,MOD((ano_ref*12+10)-(YEAR(Planos!$G8)*12+MONTH(Planos!$G8)),MAX(1,IFERROR(INDEX(lst_frequencia_meses,MATCH(Planos!$E8,lst_frequencia,0)),0)))=0),"●",""))) | N9: =IF(NOT(Planos!$A8<>""),"",IF(COUNTIFS(Programação!$B$4:$B$503,Planos!$A8,Programação!$I$4:$I$503,"Concluído",Programação!$G$4:$G$503,">="&DATE(ano_ref,11,1),Programação!$G$4:$G$503,"<="&EOMONTH(DATE(ano_ref,11,1),0))>0,"✔",IF(AND(ISNUMBER(Planos!$G8),IFERROR(INDEX(lst_frequencia_meses,MATCH(Planos!$E8,lst_frequencia,0)),0)>0,(ano_ref*12+11)-(YEAR(Planos!$G8)*12+MONTH(Planos!$G8))>0,MOD((ano_ref*12+11)-(YEAR(Planos!$G8)*12+MONTH(Planos!$G8)),MAX(1,IFERROR(INDEX(lst_frequencia_meses,MATCH(Planos!$E8,lst_frequencia,0)),0)))=0),"●",""))) | O9: =IF(NOT(Planos!$A8<>""),"",IF(COUNTIFS(Programação!$B$4:$B$503,Planos!$A8,Programação!$I$4:$I$503,"Concluído",Programação!$G$4:$G$503,">="&DATE(ano_ref,12,1),Programação!$G$4:$G$503,"<="&EOMONTH(DATE(ano_ref,12,1),0))>0,"✔",IF(AND(ISNUMBER(Planos!$G8),IFERROR(INDEX(lst_frequencia_meses,MATCH(Planos!$E8,lst_frequencia,0)),0)>0,(ano_ref*12+12)-(YEAR(Planos!$G8)*12+MONTH(Planos!$G8))>0,MOD((ano_ref*12+12)-(YEAR(Planos!$G8)*12+MONTH(Planos!$G8)),MAX(1,IFERROR(INDEX(lst_frequencia_meses,MATCH(Planos!$E8,lst_frequencia,0)),0)))=0),"●",""))) | P9: =IF(COUNTIF(D9:O9,"✔")+COUNTIF(D9:O9,"●")=0,"",COUNTIF(D9:O9,"✔")/(COUNTIF(D9:O9,"✔")+COUNTIF(D9:O9,"●")))
A10: =IF(Planos!$A9<>"",Planos!A9&"","") | B10: =IF(Planos!$A9<>"",Planos!B9&"","") | C10: =IF(Planos!$A9<>"",Planos!C9&"","") | D10: =IF(NOT(Planos!$A9<>""),"",IF(COUNTIFS(Programação!$B$4:$B$503,Planos!$A9,Programação!$I$4:$I$503,"Concluído",Programação!$G$4:$G$503,">="&DATE(ano_ref,1,1),Programação!$G$4:$G$503,"<="&EOMONTH(DATE(ano_ref,1,1),0))>0,"✔",IF(AND(ISNUMBER(Planos!$G9),IFERROR(INDEX(lst_frequencia_meses,MATCH(Planos!$E9,lst_frequencia,0)),0)>0,(ano_ref*12+1)-(YEAR(Planos!$G9)*12+MONTH(Planos!$G9))>0,MOD((ano_ref*12+1)-(YEAR(Planos!$G9)*12+MONTH(Planos!$G9)),MAX(1,IFERROR(INDEX(lst_frequencia_meses,MATCH(Planos!$E9,lst_frequencia,0)),0)))=0),"●",""))) | E10: =IF(NOT(Planos!$A9<>""),"",IF(COUNTIFS(Programação!$B$4:$B$503,Planos!$A9,Programação!$I$4:$I$503,"Concluído",Programação!$G$4:$G$503,">="&DATE(ano_ref,2,1),Programação!$G$4:$G$503,"<="&EOMONTH(DATE(ano_ref,2,1),0))>0,"✔",IF(AND(ISNUMBER(Planos!$G9),IFERROR(INDEX(lst_frequencia_meses,MATCH(Planos!$E9,lst_frequencia,0)),0)>0,(ano_ref*12+2)-(YEAR(Planos!$G9)*12+MONTH(Planos!$G9))>0,MOD((ano_ref*12+2)-(YEAR(Planos!$G9)*12+MONTH(Planos!$G9)),MAX(1,IFERROR(INDEX(lst_frequencia_meses,MATCH(Planos!$E9,lst_frequencia,0)),0)))=0),"●",""))) | F10: =IF(NOT(Planos!$A9<>""),"",IF(COUNTIFS(Programação!$B$4:$B$503,Planos!$A9,Programação!$I$4:$I$503,"Concluído",Programação!$G$4:$G$503,">="&DATE(ano_ref,3,1),Programação!$G$4:$G$503,"<="&EOMONTH(DATE(ano_ref,3,1),0))>0,"✔",IF(AND(ISNUMBER(Planos!$G9),IFERROR(INDEX(lst_frequencia_meses,MATCH(Planos!$E9,lst_frequencia,0)),0)>0,(ano_ref*12+3)-(YEAR(Planos!$G9)*12+MONTH(Planos!$G9))>0,MOD((ano_ref*12+3)-(YEAR(Planos!$G9)*12+MONTH(Planos!$G9)),MAX(1,IFERROR(INDEX(lst_frequencia_meses,MATCH(Planos!$E9,lst_frequencia,0)),0)))=0),"●",""))) | G10: =IF(NOT(Planos!$A9<>""),"",IF(COUNTIFS(Programação!$B$4:$B$503,Planos!$A9,Programação!$I$4:$I$503,"Concluído",Programação!$G$4:$G$503,">="&DATE(ano_ref,4,1),Programação!$G$4:$G$503,"<="&EOMONTH(DATE(ano_ref,4,1),0))>0,"✔",IF(AND(ISNUMBER(Planos!$G9),IFERROR(INDEX(lst_frequencia_meses,MATCH(Planos!$E9,lst_frequencia,0)),0)>0,(ano_ref*12+4)-(YEAR(Planos!$G9)*12+MONTH(Planos!$G9))>0,MOD((ano_ref*12+4)-(YEAR(Planos!$G9)*12+MONTH(Planos!$G9)),MAX(1,IFERROR(INDEX(lst_frequencia_meses,MATCH(Planos!$E9,lst_frequencia,0)),0)))=0),"●",""))) | H10: =IF(NOT(Planos!$A9<>""),"",IF(COUNTIFS(Programação!$B$4:$B$503,Planos!$A9,Programação!$I$4:$I$503,"Concluído",Programação!$G$4:$G$503,">="&DATE(ano_ref,5,1),Programação!$G$4:$G$503,"<="&EOMONTH(DATE(ano_ref,5,1),0))>0,"✔",IF(AND(ISNUMBER(Planos!$G9),IFERROR(INDEX(lst_frequencia_meses,MATCH(Planos!$E9,lst_frequencia,0)),0)>0,(ano_ref*12+5)-(YEAR(Planos!$G9)*12+MONTH(Planos!$G9))>0,MOD((ano_ref*12+5)-(YEAR(Planos!$G9)*12+MONTH(Planos!$G9)),MAX(1,IFERROR(INDEX(lst_frequencia_meses,MATCH(Planos!$E9,lst_frequencia,0)),0)))=0),"●",""))) | I10: =IF(NOT(Planos!$A9<>""),"",IF(COUNTIFS(Programação!$B$4:$B$503,Planos!$A9,Programação!$I$4:$I$503,"Concluído",Programação!$G$4:$G$503,">="&DATE(ano_ref,6,1),Programação!$G$4:$G$503,"<="&EOMONTH(DATE(ano_ref,6,1),0))>0,"✔",IF(AND(ISNUMBER(Planos!$G9),IFERROR(INDEX(lst_frequencia_meses,MATCH(Planos!$E9,lst_frequencia,0)),0)>0,(ano_ref*12+6)-(YEAR(Planos!$G9)*12+MONTH(Planos!$G9))>0,MOD((ano_ref*12+6)-(YEAR(Planos!$G9)*12+MONTH(Planos!$G9)),MAX(1,IFERROR(INDEX(lst_frequencia_meses,MATCH(Planos!$E9,lst_frequencia,0)),0)))=0),"●",""))) | J10: =IF(NOT(Planos!$A9<>""),"",IF(COUNTIFS(Programação!$B$4:$B$503,Planos!$A9,Programação!$I$4:$I$503,"Concluído",Programação!$G$4:$G$503,">="&DATE(ano_ref,7,1),Programação!$G$4:$G$503,"<="&EOMONTH(DATE(ano_ref,7,1),0))>0,"✔",IF(AND(ISNUMBER(Planos!$G9),IFERROR(INDEX(lst_frequencia_meses,MATCH(Planos!$E9,lst_frequencia,0)),0)>0,(ano_ref*12+7)-(YEAR(Planos!$G9)*12+MONTH(Planos!$G9))>0,MOD((ano_ref*12+7)-(YEAR(Planos!$G9)*12+MONTH(Planos!$G9)),MAX(1,IFERROR(INDEX(lst_frequencia_meses,MATCH(Planos!$E9,lst_frequencia,0)),0)))=0),"●",""))) | K10: =IF(NOT(Planos!$A9<>""),"",IF(COUNTIFS(Programação!$B$4:$B$503,Planos!$A9,Programação!$I$4:$I$503,"Concluído",Programação!$G$4:$G$503,">="&DATE(ano_ref,8,1),Programação!$G$4:$G$503,"<="&EOMONTH(DATE(ano_ref,8,1),0))>0,"✔",IF(AND(ISNUMBER(Planos!$G9),IFERROR(INDEX(lst_frequencia_meses,MATCH(Planos!$E9,lst_frequencia,0)),0)>0,(ano_ref*12+8)-(YEAR(Planos!$G9)*12+MONTH(Planos!$G9))>0,MOD((ano_ref*12+8)-(YEAR(Planos!$G9)*12+MONTH(Planos!$G9)),MAX(1,IFERROR(INDEX(lst_frequencia_meses,MATCH(Planos!$E9,lst_frequencia,0)),0)))=0),"●",""))) | L10: =IF(NOT(Planos!$A9<>""),"",IF(COUNTIFS(Programação!$B$4:$B$503,Planos!$A9,Programação!$I$4:$I$503,"Concluído",Programação!$G$4:$G$503,">="&DATE(ano_ref,9,1),Programação!$G$4:$G$503,"<="&EOMONTH(DATE(ano_ref,9,1),0))>0,"✔",IF(AND(ISNUMBER(Planos!$G9),IFERROR(INDEX(lst_frequencia_meses,MATCH(Planos!$E9,lst_frequencia,0)),0)>0,(ano_ref*12+9)-(YEAR(Planos!$G9)*12+MONTH(Planos!$G9))>0,MOD((ano_ref*12+9)-(YEAR(Planos!$G9)*12+MONTH(Planos!$G9)),MAX(1,IFERROR(INDEX(lst_frequencia_meses,MATCH(Planos!$E9,lst_frequencia,0)),0)))=0),"●",""))) | M10: =IF(NOT(Planos!$A9<>""),"",IF(COUNTIFS(Programação!$B$4:$B$503,Planos!$A9,Programação!$I$4:$I$503,"Concluído",Programação!$G$4:$G$503,">="&DATE(ano_ref,10,1),Programação!$G$4:$G$503,"<="&EOMONTH(DATE(ano_ref,10,1),0))>0,"✔",IF(AND(ISNUMBER(Planos!$G9),IFERROR(INDEX(lst_frequencia_meses,MATCH(Planos!$E9,lst_frequencia,0)),0)>0,(ano_ref*12+10)-(YEAR(Planos!$G9)*12+MONTH(Planos!$G9))>0,MOD((ano_ref*12+10)-(YEAR(Planos!$G9)*12+MONTH(Planos!$G9)),MAX(1,IFERROR(INDEX(lst_frequencia_meses,MATCH(Planos!$E9,lst_frequencia,0)),0)))=0),"●",""))) | N10: =IF(NOT(Planos!$A9<>""),"",IF(COUNTIFS(Programação!$B$4:$B$503,Planos!$A9,Programação!$I$4:$I$503,"Concluído",Programação!$G$4:$G$503,">="&DATE(ano_ref,11,1),Programação!$G$4:$G$503,"<="&EOMONTH(DATE(ano_ref,11,1),0))>0,"✔",IF(AND(ISNUMBER(Planos!$G9),IFERROR(INDEX(lst_frequencia_meses,MATCH(Planos!$E9,lst_frequencia,0)),0)>0,(ano_ref*12+11)-(YEAR(Planos!$G9)*12+MONTH(Planos!$G9))>0,MOD((ano_ref*12+11)-(YEAR(Planos!$G9)*12+MONTH(Planos!$G9)),MAX(1,IFERROR(INDEX(lst_frequencia_meses,MATCH(Planos!$E9,lst_frequencia,0)),0)))=0),"●",""))) | O10: =IF(NOT(Planos!$A9<>""),"",IF(COUNTIFS(Programação!$B$4:$B$503,Planos!$A9,Programação!$I$4:$I$503,"Concluído",Programação!$G$4:$G$503,">="&DATE(ano_ref,12,1),Programação!$G$4:$G$503,"<="&EOMONTH(DATE(ano_ref,12,1),0))>0,"✔",IF(AND(ISNUMBER(Planos!$G9),IFERROR(INDEX(lst_frequencia_meses,MATCH(Planos!$E9,lst_frequencia,0)),0)>0,(ano_ref*12+12)-(YEAR(Planos!$G9)*12+MONTH(Planos!$G9))>0,MOD((ano_ref*12+12)-(YEAR(Planos!$G9)*12+MONTH(Planos!$G9)),MAX(1,IFERROR(INDEX(lst_frequencia_meses,MATCH(Planos!$E9,lst_frequencia,0)),0)))=0),"●",""))) | P10: =IF(COUNTIF(D10:O10,"✔")+COUNTIF(D10:O10,"●")=0,"",COUNTIF(D10:O10,"✔")/(COUNTIF(D10:O10,"✔")+COUNTIF(D10:O10,"●")))
A11: =IF(Planos!$A10<>"",Planos!A10&"","") | B11: =IF(Planos!$A10<>"",Planos!B10&"","") | C11: =IF(Planos!$A10<>"",Planos!C10&"","") | D11: =IF(NOT(Planos!$A10<>""),"",IF(COUNTIFS(Programação!$B$4:$B$503,Planos!$A10,Programação!$I$4:$I$503,"Concluído",Programação!$G$4:$G$503,">="&DATE(ano_ref,1,1),Programação!$G$4:$G$503,"<="&EOMONTH(DATE(ano_ref,1,1),0))>0,"✔",IF(AND(ISNUMBER(Planos!$G10),IFERROR(INDEX(lst_frequencia_meses,MATCH(Planos!$E10,lst_frequencia,0)),0)>0,(ano_ref*12+1)-(YEAR(Planos!$G10)*12+MONTH(Planos!$G10))>0,MOD((ano_ref*12+1)-(YEAR(Planos!$G10)*12+MONTH(Planos!$G10)),MAX(1,IFERROR(INDEX(lst_frequencia_meses,MATCH(Planos!$E10,lst_frequencia,0)),0)))=0),"●",""))) | E11: =IF(NOT(Planos!$A10<>""),"",IF(COUNTIFS(Programação!$B$4:$B$503,Planos!$A10,Programação!$I$4:$I$503,"Concluído",Programação!$G$4:$G$503,">="&DATE(ano_ref,2,1),Programação!$G$4:$G$503,"<="&EOMONTH(DATE(ano_ref,2,1),0))>0,"✔",IF(AND(ISNUMBER(Planos!$G10),IFERROR(INDEX(lst_frequencia_meses,MATCH(Planos!$E10,lst_frequencia,0)),0)>0,(ano_ref*12+2)-(YEAR(Planos!$G10)*12+MONTH(Planos!$G10))>0,MOD((ano_ref*12+2)-(YEAR(Planos!$G10)*12+MONTH(Planos!$G10)),MAX(1,IFERROR(INDEX(lst_frequencia_meses,MATCH(Planos!$E10,lst_frequencia,0)),0)))=0),"●",""))) | F11: =IF(NOT(Planos!$A10<>""),"",IF(COUNTIFS(Programação!$B$4:$B$503,Planos!$A10,Programação!$I$4:$I$503,"Concluído",Programação!$G$4:$G$503,">="&DATE(ano_ref,3,1),Programação!$G$4:$G$503,"<="&EOMONTH(DATE(ano_ref,3,1),0))>0,"✔",IF(AND(ISNUMBER(Planos!$G10),IFERROR(INDEX(lst_frequencia_meses,MATCH(Planos!$E10,lst_frequencia,0)),0)>0,(ano_ref*12+3)-(YEAR(Planos!$G10)*12+MONTH(Planos!$G10))>0,MOD((ano_ref*12+3)-(YEAR(Planos!$G10)*12+MONTH(Planos!$G10)),MAX(1,IFERROR(INDEX(lst_frequencia_meses,MATCH(Planos!$E10,lst_frequencia,0)),0)))=0),"●",""))) | G11: =IF(NOT(Planos!$A10<>""),"",IF(COUNTIFS(Programação!$B$4:$B$503,Planos!$A10,Programação!$I$4:$I$503,"Concluído",Programação!$G$4:$G$503,">="&DATE(ano_ref,4,1),Programação!$G$4:$G$503,"<="&EOMONTH(DATE(ano_ref,4,1),0))>0,"✔",IF(AND(ISNUMBER(Planos!$G10),IFERROR(INDEX(lst_frequencia_meses,MATCH(Planos!$E10,lst_frequencia,0)),0)>0,(ano_ref*12+4)-(YEAR(Planos!$G10)*12+MONTH(Planos!$G10))>0,MOD((ano_ref*12+4)-(YEAR(Planos!$G10)*12+MONTH(Planos!$G10)),MAX(1,IFERROR(INDEX(lst_frequencia_meses,MATCH(Planos!$E10,lst_frequencia,0)),0)))=0),"●",""))) | H11: =IF(NOT(Planos!$A10<>""),"",IF(COUNTIFS(Programação!$B$4:$B$503,Planos!$A10,Programação!$I$4:$I$503,"Concluído",Programação!$G$4:$G$503,">="&DATE(ano_ref,5,1),Programação!$G$4:$G$503,"<="&EOMONTH(DATE(ano_ref,5,1),0))>0,"✔",IF(AND(ISNUMBER(Planos!$G10),IFERROR(INDEX(lst_frequencia_meses,MATCH(Planos!$E10,lst_frequencia,0)),0)>0,(ano_ref*12+5)-(YEAR(Planos!$G10)*12+MONTH(Planos!$G10))>0,MOD((ano_ref*12+5)-(YEAR(Planos!$G10)*12+MONTH(Planos!$G10)),MAX(1,IFERROR(INDEX(lst_frequencia_meses,MATCH(Planos!$E10,lst_frequencia,0)),0)))=0),"●",""))) | I11: =IF(NOT(Planos!$A10<>""),"",IF(COUNTIFS(Programação!$B$4:$B$503,Planos!$A10,Programação!$I$4:$I$503,"Concluído",Programação!$G$4:$G$503,">="&DATE(ano_ref,6,1),Programação!$G$4:$G$503,"<="&EOMONTH(DATE(ano_ref,6,1),0))>0,"✔",IF(AND(ISNUMBER(Planos!$G10),IFERROR(INDEX(lst_frequencia_meses,MATCH(Planos!$E10,lst_frequencia,0)),0)>0,(ano_ref*12+6)-(YEAR(Planos!$G10)*12+MONTH(Planos!$G10))>0,MOD((ano_ref*12+6)-(YEAR(Planos!$G10)*12+MONTH(Planos!$G10)),MAX(1,IFERROR(INDEX(lst_frequencia_meses,MATCH(Planos!$E10,lst_frequencia,0)),0)))=0),"●",""))) | J11: =IF(NOT(Planos!$A10<>""),"",IF(COUNTIFS(Programação!$B$4:$B$503,Planos!$A10,Programação!$I$4:$I$503,"Concluído",Programação!$G$4:$G$503,">="&DATE(ano_ref,7,1),Programação!$G$4:$G$503,"<="&EOMONTH(DATE(ano_ref,7,1),0))>0,"✔",IF(AND(ISNUMBER(Planos!$G10),IFERROR(INDEX(lst_frequencia_meses,MATCH(Planos!$E10,lst_frequencia,0)),0)>0,(ano_ref*12+7)-(YEAR(Planos!$G10)*12+MONTH(Planos!$G10))>0,MOD((ano_ref*12+7)-(YEAR(Planos!$G10)*12+MONTH(Planos!$G10)),MAX(1,IFERROR(INDEX(lst_frequencia_meses,MATCH(Planos!$E10,lst_frequencia,0)),0)))=0),"●",""))) | K11: =IF(NOT(Planos!$A10<>""),"",IF(COUNTIFS(Programação!$B$4:$B$503,Planos!$A10,Programação!$I$4:$I$503,"Concluído",Programação!$G$4:$G$503,">="&DATE(ano_ref,8,1),Programação!$G$4:$G$503,"<="&EOMONTH(DATE(ano_ref,8,1),0))>0,"✔",IF(AND(ISNUMBER(Planos!$G10),IFERROR(INDEX(lst_frequencia_meses,MATCH(Planos!$E10,lst_frequencia,0)),0)>0,(ano_ref*12+8)-(YEAR(Planos!$G10)*12+MONTH(Planos!$G10))>0,MOD((ano_ref*12+8)-(YEAR(Planos!$G10)*12+MONTH(Planos!$G10)),MAX(1,IFERROR(INDEX(lst_frequencia_meses,MATCH(Planos!$E10,lst_frequencia,0)),0)))=0),"●",""))) | L11: =IF(NOT(Planos!$A10<>""),"",IF(COUNTIFS(Programação!$B$4:$B$503,Planos!$A10,Programação!$I$4:$I$503,"Concluído",Programação!$G$4:$G$503,">="&DATE(ano_ref,9,1),Programação!$G$4:$G$503,"<="&EOMONTH(DATE(ano_ref,9,1),0))>0,"✔",IF(AND(ISNUMBER(Planos!$G10),IFERROR(INDEX(lst_frequencia_meses,MATCH(Planos!$E10,lst_frequencia,0)),0)>0,(ano_ref*12+9)-(YEAR(Planos!$G10)*12+MONTH(Planos!$G10))>0,MOD((ano_ref*12+9)-(YEAR(Planos!$G10)*12+MONTH(Planos!$G10)),MAX(1,IFERROR(INDEX(lst_frequencia_meses,MATCH(Planos!$E10,lst_frequencia,0)),0)))=0),"●",""))) | M11: =IF(NOT(Planos!$A10<>""),"",IF(COUNTIFS(Programação!$B$4:$B$503,Planos!$A10,Programação!$I$4:$I$503,"Concluído",Programação!$G$4:$G$503,">="&DATE(ano_ref,10,1),Programação!$G$4:$G$503,"<="&EOMONTH(DATE(ano_ref,10,1),0))>0,"✔",IF(AND(ISNUMBER(Planos!$G10),IFERROR(INDEX(lst_frequencia_meses,MATCH(Planos!$E10,lst_frequencia,0)),0)>0,(ano_ref*12+10)-(YEAR(Planos!$G10)*12+MONTH(Planos!$G10))>0,MOD((ano_ref*12+10)-(YEAR(Planos!$G10)*12+MONTH(Planos!$G10)),MAX(1,IFERROR(INDEX(lst_frequencia_meses,MATCH(Planos!$E10,lst_frequencia,0)),0)))=0),"●",""))) | N11: =IF(NOT(Planos!$A10<>""),"",IF(COUNTIFS(Programação!$B$4:$B$503,Planos!$A10,Programação!$I$4:$I$503,"Concluído",Programação!$G$4:$G$503,">="&DATE(ano_ref,11,1),Programação!$G$4:$G$503,"<="&EOMONTH(DATE(ano_ref,11,1),0))>0,"✔",IF(AND(ISNUMBER(Planos!$G10),IFERROR(INDEX(lst_frequencia_meses,MATCH(Planos!$E10,lst_frequencia,0)),0)>0,(ano_ref*12+11)-(YEAR(Planos!$G10)*12+MONTH(Planos!$G10))>0,MOD((ano_ref*12+11)-(YEAR(Planos!$G10)*12+MONTH(Planos!$G10)),MAX(1,IFERROR(INDEX(lst_frequencia_meses,MATCH(Planos!$E10,lst_frequencia,0)),0)))=0),"●",""))) | O11: =IF(NOT(Planos!$A10<>""),"",IF(COUNTIFS(Programação!$B$4:$B$503,Planos!$A10,Programação!$I$4:$I$503,"Concluído",Programação!$G$4:$G$503,">="&DATE(ano_ref,12,1),Programação!$G$4:$G$503,"<="&EOMONTH(DATE(ano_ref,12,1),0))>0,"✔",IF(AND(ISNUMBER(Planos!$G10),IFERROR(INDEX(lst_frequencia_meses,MATCH(Planos!$E10,lst_frequencia,0)),0)>0,(ano_ref*12+12)-(YEAR(Planos!$G10)*12+MONTH(Planos!$G10))>0,MOD((ano_ref*12+12)-(YEAR(Planos!$G10)*12+MONTH(Planos!$G10)),MAX(1,IFERROR(INDEX(lst_frequencia_meses,MATCH(Planos!$E10,lst_frequencia,0)),0)))=0),"●",""))) | P11: =IF(COUNTIF(D11:O11,"✔")+COUNTIF(D11:O11,"●")=0,"",COUNTIF(D11:O11,"✔")/(COUNTIF(D11:O11,"✔")+COUNTIF(D11:O11,"●")))
A12: =IF(Planos!$A11<>"",Planos!A11&"","") | B12: =IF(Planos!$A11<>"",Planos!B11&"","") | C12: =IF(Planos!$A11<>"",Planos!C11&"","") | D12: =IF(NOT(Planos!$A11<>""),"",IF(COUNTIFS(Programação!$B$4:$B$503,Planos!$A11,Programação!$I$4:$I$503,"Concluído",Programação!$G$4:$G$503,">="&DATE(ano_ref,1,1),Programação!$G$4:$G$503,"<="&EOMONTH(DATE(ano_ref,1,1),0))>0,"✔",IF(AND(ISNUMBER(Planos!$G11),IFERROR(INDEX(lst_frequencia_meses,MATCH(Planos!$E11,lst_frequencia,0)),0)>0,(ano_ref*12+1)-(YEAR(Planos!$G11)*12+MONTH(Planos!$G11))>0,MOD((ano_ref*12+1)-(YEAR(Planos!$G11)*12+MONTH(Planos!$G11)),MAX(1,IFERROR(INDEX(lst_frequencia_meses,MATCH(Planos!$E11,lst_frequencia,0)),0)))=0),"●",""))) | E12: =IF(NOT(Planos!$A11<>""),"",IF(COUNTIFS(Programação!$B$4:$B$503,Planos!$A11,Programação!$I$4:$I$503,"Concluído",Programação!$G$4:$G$503,">="&DATE(ano_ref,2,1),Programação!$G$4:$G$503,"<="&EOMONTH(DATE(ano_ref,2,1),0))>0,"✔",IF(AND(ISNUMBER(Planos!$G11),IFERROR(INDEX(lst_frequencia_meses,MATCH(Planos!$E11,lst_frequencia,0)),0)>0,(ano_ref*12+2)-(YEAR(Planos!$G11)*12+MONTH(Planos!$G11))>0,MOD((ano_ref*12+2)-(YEAR(Planos!$G11)*12+MONTH(Planos!$G11)),MAX(1,IFERROR(INDEX(lst_frequencia_meses,MATCH(Planos!$E11,lst_frequencia,0)),0)))=0),"●",""))) | F12: =IF(NOT(Planos!$A11<>""),"",IF(COUNTIFS(Programação!$B$4:$B$503,Planos!$A11,Programação!$I$4:$I$503,"Concluído",Programação!$G$4:$G$503,">="&DATE(ano_ref,3,1),Programação!$G$4:$G$503,"<="&EOMONTH(DATE(ano_ref,3,1),0))>0,"✔",IF(AND(ISNUMBER(Planos!$G11),IFERROR(INDEX(lst_frequencia_meses,MATCH(Planos!$E11,lst_frequencia,0)),0)>0,(ano_ref*12+3)-(YEAR(Planos!$G11)*12+MONTH(Planos!$G11))>0,MOD((ano_ref*12+3)-(YEAR(Planos!$G11)*12+MONTH(Planos!$G11)),MAX(1,IFERROR(INDEX(lst_frequencia_meses,MATCH(Planos!$E11,lst_frequencia,0)),0)))=0),"●",""))) | G12: =IF(NOT(Planos!$A11<>""),"",IF(COUNTIFS(Programação!$B$4:$B$503,Planos!$A11,Programação!$I$4:$I$503,"Concluído",Programação!$G$4:$G$503,">="&DATE(ano_ref,4,1),Programação!$G$4:$G$503,"<="&EOMONTH(DATE(ano_ref,4,1),0))>0,"✔",IF(AND(ISNUMBER(Planos!$G11),IFERROR(INDEX(lst_frequencia_meses,MATCH(Planos!$E11,lst_frequencia,0)),0)>0,(ano_ref*12+4)-(YEAR(Planos!$G11)*12+MONTH(Planos!$G11))>0,MOD((ano_ref*12+4)-(YEAR(Planos!$G11)*12+MONTH(Planos!$G11)),MAX(1,IFERROR(INDEX(lst_frequencia_meses,MATCH(Planos!$E11,lst_frequencia,0)),0)))=0),"●",""))) | H12: =IF(NOT(Planos!$A11<>""),"",IF(COUNTIFS(Programação!$B$4:$B$503,Planos!$A11,Programação!$I$4:$I$503,"Concluído",Programação!$G$4:$G$503,">="&DATE(ano_ref,5,1),Programação!$G$4:$G$503,"<="&EOMONTH(DATE(ano_ref,5,1),0))>0,"✔",IF(AND(ISNUMBER(Planos!$G11),IFERROR(INDEX(lst_frequencia_meses,MATCH(Planos!$E11,lst_frequencia,0)),0)>0,(ano_ref*12+5)-(YEAR(Planos!$G11)*12+MONTH(Planos!$G11))>0,MOD((ano_ref*12+5)-(YEAR(Planos!$G11)*12+MONTH(Planos!$G11)),MAX(1,IFERROR(INDEX(lst_frequencia_meses,MATCH(Planos!$E11,lst_frequencia,0)),0)))=0),"●",""))) | I12: =IF(NOT(Planos!$A11<>""),"",IF(COUNTIFS(Programação!$B$4:$B$503,Planos!$A11,Programação!$I$4:$I$503,"Concluído",Programação!$G$4:$G$503,">="&DATE(ano_ref,6,1),Programação!$G$4:$G$503,"<="&EOMONTH(DATE(ano_ref,6,1),0))>0,"✔",IF(AND(ISNUMBER(Planos!$G11),IFERROR(INDEX(lst_frequencia_meses,MATCH(Planos!$E11,lst_frequencia,0)),0)>0,(ano_ref*12+6)-(YEAR(Planos!$G11)*12+MONTH(Planos!$G11))>0,MOD((ano_ref*12+6)-(YEAR(Planos!$G11)*12+MONTH(Planos!$G11)),MAX(1,IFERROR(INDEX(lst_frequencia_meses,MATCH(Planos!$E11,lst_frequencia,0)),0)))=0),"●",""))) | J12: =IF(NOT(Planos!$A11<>""),"",IF(COUNTIFS(Programação!$B$4:$B$503,Planos!$A11,Programação!$I$4:$I$503,"Concluído",Programação!$G$4:$G$503,">="&DATE(ano_ref,7,1),Programação!$G$4:$G$503,"<="&EOMONTH(DATE(ano_ref,7,1),0))>0,"✔",IF(AND(ISNUMBER(Planos!$G11),IFERROR(INDEX(lst_frequencia_meses,MATCH(Planos!$E11,lst_frequencia,0)),0)>0,(ano_ref*12+7)-(YEAR(Planos!$G11)*12+MONTH(Planos!$G11))>0,MOD((ano_ref*12+7)-(YEAR(Planos!$G11)*12+MONTH(Planos!$G11)),MAX(1,IFERROR(INDEX(lst_frequencia_meses,MATCH(Planos!$E11,lst_frequencia,0)),0)))=0),"●",""))) | K12: =IF(NOT(Planos!$A11<>""),"",IF(COUNTIFS(Programação!$B$4:$B$503,Planos!$A11,Programação!$I$4:$I$503,"Concluído",Programação!$G$4:$G$503,">="&DATE(ano_ref,8,1),Programação!$G$4:$G$503,"<="&EOMONTH(DATE(ano_ref,8,1),0))>0,"✔",IF(AND(ISNUMBER(Planos!$G11),IFERROR(INDEX(lst_frequencia_meses,MATCH(Planos!$E11,lst_frequencia,0)),0)>0,(ano_ref*12+8)-(YEAR(Planos!$G11)*12+MONTH(Planos!$G11))>0,MOD((ano_ref*12+8)-(YEAR(Planos!$G11)*12+MONTH(Planos!$G11)),MAX(1,IFERROR(INDEX(lst_frequencia_meses,MATCH(Planos!$E11,lst_frequencia,0)),0)))=0),"●",""))) | L12: =IF(NOT(Planos!$A11<>""),"",IF(COUNTIFS(Programação!$B$4:$B$503,Planos!$A11,Programação!$I$4:$I$503,"Concluído",Programação!$G$4:$G$503,">="&DATE(ano_ref,9,1),Programação!$G$4:$G$503,"<="&EOMONTH(DATE(ano_ref,9,1),0))>0,"✔",IF(AND(ISNUMBER(Planos!$G11),IFERROR(INDEX(lst_frequencia_meses,MATCH(Planos!$E11,lst_frequencia,0)),0)>0,(ano_ref*12+9)-(YEAR(Planos!$G11)*12+MONTH(Planos!$G11))>0,MOD((ano_ref*12+9)-(YEAR(Planos!$G11)*12+MONTH(Planos!$G11)),MAX(1,IFERROR(INDEX(lst_frequencia_meses,MATCH(Planos!$E11,lst_frequencia,0)),0)))=0),"●",""))) | M12: =IF(NOT(Planos!$A11<>""),"",IF(COUNTIFS(Programação!$B$4:$B$503,Planos!$A11,Programação!$I$4:$I$503,"Concluído",Programação!$G$4:$G$503,">="&DATE(ano_ref,10,1),Programação!$G$4:$G$503,"<="&EOMONTH(DATE(ano_ref,10,1),0))>0,"✔",IF(AND(ISNUMBER(Planos!$G11),IFERROR(INDEX(lst_frequencia_meses,MATCH(Planos!$E11,lst_frequencia,0)),0)>0,(ano_ref*12+10)-(YEAR(Planos!$G11)*12+MONTH(Planos!$G11))>0,MOD((ano_ref*12+10)-(YEAR(Planos!$G11)*12+MONTH(Planos!$G11)),MAX(1,IFERROR(INDEX(lst_frequencia_meses,MATCH(Planos!$E11,lst_frequencia,0)),0)))=0),"●",""))) | N12: =IF(NOT(Planos!$A11<>""),"",IF(COUNTIFS(Programação!$B$4:$B$503,Planos!$A11,Programação!$I$4:$I$503,"Concluído",Programação!$G$4:$G$503,">="&DATE(ano_ref,11,1),Programação!$G$4:$G$503,"<="&EOMONTH(DATE(ano_ref,11,1),0))>0,"✔",IF(AND(ISNUMBER(Planos!$G11),IFERROR(INDEX(lst_frequencia_meses,MATCH(Planos!$E11,lst_frequencia,0)),0)>0,(ano_ref*12+11)-(YEAR(Planos!$G11)*12+MONTH(Planos!$G11))>0,MOD((ano_ref*12+11)-(YEAR(Planos!$G11)*12+MONTH(Planos!$G11)),MAX(1,IFERROR(INDEX(lst_frequencia_meses,MATCH(Planos!$E11,lst_frequencia,0)),0)))=0),"●",""))) | O12: =IF(NOT(Planos!$A11<>""),"",IF(COUNTIFS(Programação!$B$4:$B$503,Planos!$A11,Programação!$I$4:$I$503,"Concluído",Programação!$G$4:$G$503,">="&DATE(ano_ref,12,1),Programação!$G$4:$G$503,"<="&EOMONTH(DATE(ano_ref,12,1),0))>0,"✔",IF(AND(ISNUMBER(Planos!$G11),IFERROR(INDEX(lst_frequencia_meses,MATCH(Planos!$E11,lst_frequencia,0)),0)>0,(ano_ref*12+12)-(YEAR(Planos!$G11)*12+MONTH(Planos!$G11))>0,MOD((ano_ref*12+12)-(YEAR(Planos!$G11)*12+MONTH(Planos!$G11)),MAX(1,IFERROR(INDEX(lst_frequencia_meses,MATCH(Planos!$E11,lst_frequencia,0)),0)))=0),"●",""))) | P12: =IF(COUNTIF(D12:O12,"✔")+COUNTIF(D12:O12,"●")=0,"",COUNTIF(D12:O12,"✔")/(COUNTIF(D12:O12,"✔")+COUNTIF(D12:O12,"●")))
A13: =IF(Planos!$A12<>"",Planos!A12&"","") | B13: =IF(Planos!$A12<>"",Planos!B12&"","") | C13: =IF(Planos!$A12<>"",Planos!C12&"","") | D13: =IF(NOT(Planos!$A12<>""),"",IF(COUNTIFS(Programação!$B$4:$B$503,Planos!$A12,Programação!$I$4:$I$503,"Concluído",Programação!$G$4:$G$503,">="&DATE(ano_ref,1,1),Programação!$G$4:$G$503,"<="&EOMONTH(DATE(ano_ref,1,1),0))>0,"✔",IF(AND(ISNUMBER(Planos!$G12),IFERROR(INDEX(lst_frequencia_meses,MATCH(Planos!$E12,lst_frequencia,0)),0)>0,(ano_ref*12+1)-(YEAR(Planos!$G12)*12+MONTH(Planos!$G12))>0,MOD((ano_ref*12+1)-(YEAR(Planos!$G12)*12+MONTH(Planos!$G12)),MAX(1,IFERROR(INDEX(lst_frequencia_meses,MATCH(Planos!$E12,lst_frequencia,0)),0)))=0),"●",""))) | E13: =IF(NOT(Planos!$A12<>""),"",IF(COUNTIFS(Programação!$B$4:$B$503,Planos!$A12,Programação!$I$4:$I$503,"Concluído",Programação!$G$4:$G$503,">="&DATE(ano_ref,2,1),Programação!$G$4:$G$503,"<="&EOMONTH(DATE(ano_ref,2,1),0))>0,"✔",IF(AND(ISNUMBER(Planos!$G12),IFERROR(INDEX(lst_frequencia_meses,MATCH(Planos!$E12,lst_frequencia,0)),0)>0,(ano_ref*12+2)-(YEAR(Planos!$G12)*12+MONTH(Planos!$G12))>0,MOD((ano_ref*12+2)-(YEAR(Planos!$G12)*12+MONTH(Planos!$G12)),MAX(1,IFERROR(INDEX(lst_frequencia_meses,MATCH(Planos!$E12,lst_frequencia,0)),0)))=0),"●",""))) | F13: =IF(NOT(Planos!$A12<>""),"",IF(COUNTIFS(Programação!$B$4:$B$503,Planos!$A12,Programação!$I$4:$I$503,"Concluído",Programação!$G$4:$G$503,">="&DATE(ano_ref,3,1),Programação!$G$4:$G$503,"<="&EOMONTH(DATE(ano_ref,3,1),0))>0,"✔",IF(AND(ISNUMBER(Planos!$G12),IFERROR(INDEX(lst_frequencia_meses,MATCH(Planos!$E12,lst_frequencia,0)),0)>0,(ano_ref*12+3)-(YEAR(Planos!$G12)*12+MONTH(Planos!$G12))>0,MOD((ano_ref*12+3)-(YEAR(Planos!$G12)*12+MONTH(Planos!$G12)),MAX(1,IFERROR(INDEX(lst_frequencia_meses,MATCH(Planos!$E12,lst_frequencia,0)),0)))=0),"●",""))) | G13: =IF(NOT(Planos!$A12<>""),"",IF(COUNTIFS(Programação!$B$4:$B$503,Planos!$A12,Programação!$I$4:$I$503,"Concluído",Programação!$G$4:$G$503,">="&DATE(ano_ref,4,1),Programação!$G$4:$G$503,"<="&EOMONTH(DATE(ano_ref,4,1),0))>0,"✔",IF(AND(ISNUMBER(Planos!$G12),IFERROR(INDEX(lst_frequencia_meses,MATCH(Planos!$E12,lst_frequencia,0)),0)>0,(ano_ref*12+4)-(YEAR(Planos!$G12)*12+MONTH(Planos!$G12))>0,MOD((ano_ref*12+4)-(YEAR(Planos!$G12)*12+MONTH(Planos!$G12)),MAX(1,IFERROR(INDEX(lst_frequencia_meses,MATCH(Planos!$E12,lst_frequencia,0)),0)))=0),"●",""))) | H13: =IF(NOT(Planos!$A12<>""),"",IF(COUNTIFS(Programação!$B$4:$B$503,Planos!$A12,Programação!$I$4:$I$503,"Concluído",Programação!$G$4:$G$503,">="&DATE(ano_ref,5,1),Programação!$G$4:$G$503,"<="&EOMONTH(DATE(ano_ref,5,1),0))>0,"✔",IF(AND(ISNUMBER(Planos!$G12),IFERROR(INDEX(lst_frequencia_meses,MATCH(Planos!$E12,lst_frequencia,0)),0)>0,(ano_ref*12+5)-(YEAR(Planos!$G12)*12+MONTH(Planos!$G12))>0,MOD((ano_ref*12+5)-(YEAR(Planos!$G12)*12+MONTH(Planos!$G12)),MAX(1,IFERROR(INDEX(lst_frequencia_meses,MATCH(Planos!$E12,lst_frequencia,0)),0)))=0),"●",""))) | I13: =IF(NOT(Planos!$A12<>""),"",IF(COUNTIFS(Programação!$B$4:$B$503,Planos!$A12,Programação!$I$4:$I$503,"Concluído",Programação!$G$4:$G$503,">="&DATE(ano_ref,6,1),Programação!$G$4:$G$503,"<="&EOMONTH(DATE(ano_ref,6,1),0))>0,"✔",IF(AND(ISNUMBER(Planos!$G12),IFERROR(INDEX(lst_frequencia_meses,MATCH(Planos!$E12,lst_frequencia,0)),0)>0,(ano_ref*12+6)-(YEAR(Planos!$G12)*12+MONTH(Planos!$G12))>0,MOD((ano_ref*12+6)-(YEAR(Planos!$G12)*12+MONTH(Planos!$G12)),MAX(1,IFERROR(INDEX(lst_frequencia_meses,MATCH(Planos!$E12,lst_frequencia,0)),0)))=0),"●",""))) | J13: =IF(NOT(Planos!$A12<>""),"",IF(COUNTIFS(Programação!$B$4:$B$503,Planos!$A12,Programação!$I$4:$I$503,"Concluído",Programação!$G$4:$G$503,">="&DATE(ano_ref,7,1),Programação!$G$4:$G$503,"<="&EOMONTH(DATE(ano_ref,7,1),0))>0,"✔",IF(AND(ISNUMBER(Planos!$G12),IFERROR(INDEX(lst_frequencia_meses,MATCH(Planos!$E12,lst_frequencia,0)),0)>0,(ano_ref*12+7)-(YEAR(Planos!$G12)*12+MONTH(Planos!$G12))>0,MOD((ano_ref*12+7)-(YEAR(Planos!$G12)*12+MONTH(Planos!$G12)),MAX(1,IFERROR(INDEX(lst_frequencia_meses,MATCH(Planos!$E12,lst_frequencia,0)),0)))=0),"●",""))) | K13: =IF(NOT(Planos!$A12<>""),"",IF(COUNTIFS(Programação!$B$4:$B$503,Planos!$A12,Programação!$I$4:$I$503,"Concluído",Programação!$G$4:$G$503,">="&DATE(ano_ref,8,1),Programação!$G$4:$G$503,"<="&EOMONTH(DATE(ano_ref,8,1),0))>0,"✔",IF(AND(ISNUMBER(Planos!$G12),IFERROR(INDEX(lst_frequencia_meses,MATCH(Planos!$E12,lst_frequencia,0)),0)>0,(ano_ref*12+8)-(YEAR(Planos!$G12)*12+MONTH(Planos!$G12))>0,MOD((ano_ref*12+8)-(YEAR(Planos!$G12)*12+MONTH(Planos!$G12)),MAX(1,IFERROR(INDEX(lst_frequencia_meses,MATCH(Planos!$E12,lst_frequencia,0)),0)))=0),"●",""))) | L13: =IF(NOT(Planos!$A12<>""),"",IF(COUNTIFS(Programação!$B$4:$B$503,Planos!$A12,Programação!$I$4:$I$503,"Concluído",Programação!$G$4:$G$503,">="&DATE(ano_ref,9,1),Programação!$G$4:$G$503,"<="&EOMONTH(DATE(ano_ref,9,1),0))>0,"✔",IF(AND(ISNUMBER(Planos!$G12),IFERROR(INDEX(lst_frequencia_meses,MATCH(Planos!$E12,lst_frequencia,0)),0)>0,(ano_ref*12+9)-(YEAR(Planos!$G12)*12+MONTH(Planos!$G12))>0,MOD((ano_ref*12+9)-(YEAR(Planos!$G12)*12+MONTH(Planos!$G12)),MAX(1,IFERROR(INDEX(lst_frequencia_meses,MATCH(Planos!$E12,lst_frequencia,0)),0)))=0),"●",""))) | M13: =IF(NOT(Planos!$A12<>""),"",IF(COUNTIFS(Programação!$B$4:$B$503,Planos!$A12,Programação!$I$4:$I$503,"Concluído",Programação!$G$4:$G$503,">="&DATE(ano_ref,10,1),Programação!$G$4:$G$503,"<="&EOMONTH(DATE(ano_ref,10,1),0))>0,"✔",IF(AND(ISNUMBER(Planos!$G12),IFERROR(INDEX(lst_frequencia_meses,MATCH(Planos!$E12,lst_frequencia,0)),0)>0,(ano_ref*12+10)-(YEAR(Planos!$G12)*12+MONTH(Planos!$G12))>0,MOD((ano_ref*12+10)-(YEAR(Planos!$G12)*12+MONTH(Planos!$G12)),MAX(1,IFERROR(INDEX(lst_frequencia_meses,MATCH(Planos!$E12,lst_frequencia,0)),0)))=0),"●",""))) | N13: =IF(NOT(Planos!$A12<>""),"",IF(COUNTIFS(Programação!$B$4:$B$503,Planos!$A12,Programação!$I$4:$I$503,"Concluído",Programação!$G$4:$G$503,">="&DATE(ano_ref,11,1),Programação!$G$4:$G$503,"<="&EOMONTH(DATE(ano_ref,11,1),0))>0,"✔",IF(AND(ISNUMBER(Planos!$G12),IFERROR(INDEX(lst_frequencia_meses,MATCH(Planos!$E12,lst_frequencia,0)),0)>0,(ano_ref*12+11)-(YEAR(Planos!$G12)*12+MONTH(Planos!$G12))>0,MOD((ano_ref*12+11)-(YEAR(Planos!$G12)*12+MONTH(Planos!$G12)),MAX(1,IFERROR(INDEX(lst_frequencia_meses,MATCH(Planos!$E12,lst_frequencia,0)),0)))=0),"●",""))) | O13: =IF(NOT(Planos!$A12<>""),"",IF(COUNTIFS(Programação!$B$4:$B$503,Planos!$A12,Programação!$I$4:$I$503,"Concluído",Programação!$G$4:$G$503,">="&DATE(ano_ref,12,1),Programação!$G$4:$G$503,"<="&EOMONTH(DATE(ano_ref,12,1),0))>0,"✔",IF(AND(ISNUMBER(Planos!$G12),IFERROR(INDEX(lst_frequencia_meses,MATCH(Planos!$E12,lst_frequencia,0)),0)>0,(ano_ref*12+12)-(YEAR(Planos!$G12)*12+MONTH(Planos!$G12))>0,MOD((ano_ref*12+12)-(YEAR(Planos!$G12)*12+MONTH(Planos!$G12)),MAX(1,IFERROR(INDEX(lst_frequencia_meses,MATCH(Planos!$E12,lst_frequencia,0)),0)))=0),"●",""))) | P13: =IF(COUNTIF(D13:O13,"✔")+COUNTIF(D13:O13,"●")=0,"",COUNTIF(D13:O13,"✔")/(COUNTIF(D13:O13,"✔")+COUNTIF(D13:O13,"●")))
A14: =IF(Planos!$A13<>"",Planos!A13&"","") | B14: =IF(Planos!$A13<>"",Planos!B13&"","") | C14: =IF(Planos!$A13<>"",Planos!C13&"","") | D14: =IF(NOT(Planos!$A13<>""),"",IF(COUNTIFS(Programação!$B$4:$B$503,Planos!$A13,Programação!$I$4:$I$503,"Concluído",Programação!$G$4:$G$503,">="&DATE(ano_ref,1,1),Programação!$G$4:$G$503,"<="&EOMONTH(DATE(ano_ref,1,1),0))>0,"✔",IF(AND(ISNUMBER(Planos!$G13),IFERROR(INDEX(lst_frequencia_meses,MATCH(Planos!$E13,lst_frequencia,0)),0)>0,(ano_ref*12+1)-(YEAR(Planos!$G13)*12+MONTH(Planos!$G13))>0,MOD((ano_ref*12+1)-(YEAR(Planos!$G13)*12+MONTH(Planos!$G13)),MAX(1,IFERROR(INDEX(lst_frequencia_meses,MATCH(Planos!$E13,lst_frequencia,0)),0)))=0),"●",""))) | E14: =IF(NOT(Planos!$A13<>""),"",IF(COUNTIFS(Programação!$B$4:$B$503,Planos!$A13,Programação!$I$4:$I$503,"Concluído",Programação!$G$4:$G$503,">="&DATE(ano_ref,2,1),Programação!$G$4:$G$503,"<="&EOMONTH(DATE(ano_ref,2,1),0))>0,"✔",IF(AND(ISNUMBER(Planos!$G13),IFERROR(INDEX(lst_frequencia_meses,MATCH(Planos!$E13,lst_frequencia,0)),0)>0,(ano_ref*12+2)-(YEAR(Planos!$G13)*12+MONTH(Planos!$G13))>0,MOD((ano_ref*12+2)-(YEAR(Planos!$G13)*12+MONTH(Planos!$G13)),MAX(1,IFERROR(INDEX(lst_frequencia_meses,MATCH(Planos!$E13,lst_frequencia,0)),0)))=0),"●",""))) | F14: =IF(NOT(Planos!$A13<>""),"",IF(COUNTIFS(Programação!$B$4:$B$503,Planos!$A13,Programação!$I$4:$I$503,"Concluído",Programação!$G$4:$G$503,">="&DATE(ano_ref,3,1),Programação!$G$4:$G$503,"<="&EOMONTH(DATE(ano_ref,3,1),0))>0,"✔",IF(AND(ISNUMBER(Planos!$G13),IFERROR(INDEX(lst_frequencia_meses,MATCH(Planos!$E13,lst_frequencia,0)),0)>0,(ano_ref*12+3)-(YEAR(Planos!$G13)*12+MONTH(Planos!$G13))>0,MOD((ano_ref*12+3)-(YEAR(Planos!$G13)*12+MONTH(Planos!$G13)),MAX(1,IFERROR(INDEX(lst_frequencia_meses,MATCH(Planos!$E13,lst_frequencia,0)),0)))=0),"●",""))) | G14: =IF(NOT(Planos!$A13<>""),"",IF(COUNTIFS(Programação!$B$4:$B$503,Planos!$A13,Programação!$I$4:$I$503,"Concluído",Programação!$G$4:$G$503,">="&DATE(ano_ref,4,1),Programação!$G$4:$G$503,"<="&EOMONTH(DATE(ano_ref,4,1),0))>0,"✔",IF(AND(ISNUMBER(Planos!$G13),IFERROR(INDEX(lst_frequencia_meses,MATCH(Planos!$E13,lst_frequencia,0)),0)>0,(ano_ref*12+4)-(YEAR(Planos!$G13)*12+MONTH(Planos!$G13))>0,MOD((ano_ref*12+4)-(YEAR(Planos!$G13)*12+MONTH(Planos!$G13)),MAX(1,IFERROR(INDEX(lst_frequencia_meses,MATCH(Planos!$E13,lst_frequencia,0)),0)))=0),"●",""))) | H14: =IF(NOT(Planos!$A13<>""),"",IF(COUNTIFS(Programação!$B$4:$B$503,Planos!$A13,Programação!$I$4:$I$503,"Concluído",Programação!$G$4:$G$503,">="&DATE(ano_ref,5,1),Programação!$G$4:$G$503,"<="&EOMONTH(DATE(ano_ref,5,1),0))>0,"✔",IF(AND(ISNUMBER(Planos!$G13),IFERROR(INDEX(lst_frequencia_meses,MATCH(Planos!$E13,lst_frequencia,0)),0)>0,(ano_ref*12+5)-(YEAR(Planos!$G13)*12+MONTH(Planos!$G13))>0,MOD((ano_ref*12+5)-(YEAR(Planos!$G13)*12+MONTH(Planos!$G13)),MAX(1,IFERROR(INDEX(lst_frequencia_meses,MATCH(Planos!$E13,lst_frequencia,0)),0)))=0),"●",""))) | I14: =IF(NOT(Planos!$A13<>""),"",IF(COUNTIFS(Programação!$B$4:$B$503,Planos!$A13,Programação!$I$4:$I$503,"Concluído",Programação!$G$4:$G$503,">="&DATE(ano_ref,6,1),Programação!$G$4:$G$503,"<="&EOMONTH(DATE(ano_ref,6,1),0))>0,"✔",IF(AND(ISNUMBER(Planos!$G13),IFERROR(INDEX(lst_frequencia_meses,MATCH(Planos!$E13,lst_frequencia,0)),0)>0,(ano_ref*12+6)-(YEAR(Planos!$G13)*12+MONTH(Planos!$G13))>0,MOD((ano_ref*12+6)-(YEAR(Planos!$G13)*12+MONTH(Planos!$G13)),MAX(1,IFERROR(INDEX(lst_frequencia_meses,MATCH(Planos!$E13,lst_frequencia,0)),0)))=0),"●",""))) | J14: =IF(NOT(Planos!$A13<>""),"",IF(COUNTIFS(Programação!$B$4:$B$503,Planos!$A13,Programação!$I$4:$I$503,"Concluído",Programação!$G$4:$G$503,">="&DATE(ano_ref,7,1),Programação!$G$4:$G$503,"<="&EOMONTH(DATE(ano_ref,7,1),0))>0,"✔",IF(AND(ISNUMBER(Planos!$G13),IFERROR(INDEX(lst_frequencia_meses,MATCH(Planos!$E13,lst_frequencia,0)),0)>0,(ano_ref*12+7)-(YEAR(Planos!$G13)*12+MONTH(Planos!$G13))>0,MOD((ano_ref*12+7)-(YEAR(Planos!$G13)*12+MONTH(Planos!$G13)),MAX(1,IFERROR(INDEX(lst_frequencia_meses,MATCH(Planos!$E13,lst_frequencia,0)),0)))=0),"●",""))) | K14: =IF(NOT(Planos!$A13<>""),"",IF(COUNTIFS(Programação!$B$4:$B$503,Planos!$A13,Programação!$I$4:$I$503,"Concluído",Programação!$G$4:$G$503,">="&DATE(ano_ref,8,1),Programação!$G$4:$G$503,"<="&EOMONTH(DATE(ano_ref,8,1),0))>0,"✔",IF(AND(ISNUMBER(Planos!$G13),IFERROR(INDEX(lst_frequencia_meses,MATCH(Planos!$E13,lst_frequencia,0)),0)>0,(ano_ref*12+8)-(YEAR(Planos!$G13)*12+MONTH(Planos!$G13))>0,MOD((ano_ref*12+8)-(YEAR(Planos!$G13)*12+MONTH(Planos!$G13)),MAX(1,IFERROR(INDEX(lst_frequencia_meses,MATCH(Planos!$E13,lst_frequencia,0)),0)))=0),"●",""))) | L14: =IF(NOT(Planos!$A13<>""),"",IF(COUNTIFS(Programação!$B$4:$B$503,Planos!$A13,Programação!$I$4:$I$503,"Concluído",Programação!$G$4:$G$503,">="&DATE(ano_ref,9,1),Programação!$G$4:$G$503,"<="&EOMONTH(DATE(ano_ref,9,1),0))>0,"✔",IF(AND(ISNUMBER(Planos!$G13),IFERROR(INDEX(lst_frequencia_meses,MATCH(Planos!$E13,lst_frequencia,0)),0)>0,(ano_ref*12+9)-(YEAR(Planos!$G13)*12+MONTH(Planos!$G13))>0,MOD((ano_ref*12+9)-(YEAR(Planos!$G13)*12+MONTH(Planos!$G13)),MAX(1,IFERROR(INDEX(lst_frequencia_meses,MATCH(Planos!$E13,lst_frequencia,0)),0)))=0),"●",""))) | M14: =IF(NOT(Planos!$A13<>""),"",IF(COUNTIFS(Programação!$B$4:$B$503,Planos!$A13,Programação!$I$4:$I$503,"Concluído",Programação!$G$4:$G$503,">="&DATE(ano_ref,10,1),Programação!$G$4:$G$503,"<="&EOMONTH(DATE(ano_ref,10,1),0))>0,"✔",IF(AND(ISNUMBER(Planos!$G13),IFERROR(INDEX(lst_frequencia_meses,MATCH(Planos!$E13,lst_frequencia,0)),0)>0,(ano_ref*12+10)-(YEAR(Planos!$G13)*12+MONTH(Planos!$G13))>0,MOD((ano_ref*12+10)-(YEAR(Planos!$G13)*12+MONTH(Planos!$G13)),MAX(1,IFERROR(INDEX(lst_frequencia_meses,MATCH(Planos!$E13,lst_frequencia,0)),0)))=0),"●",""))) | N14: =IF(NOT(Planos!$A13<>""),"",IF(COUNTIFS(Programação!$B$4:$B$503,Planos!$A13,Programação!$I$4:$I$503,"Concluído",Programação!$G$4:$G$503,">="&DATE(ano_ref,11,1),Programação!$G$4:$G$503,"<="&EOMONTH(DATE(ano_ref,11,1),0))>0,"✔",IF(AND(ISNUMBER(Planos!$G13),IFERROR(INDEX(lst_frequencia_meses,MATCH(Planos!$E13,lst_frequencia,0)),0)>0,(ano_ref*12+11)-(YEAR(Planos!$G13)*12+MONTH(Planos!$G13))>0,MOD((ano_ref*12+11)-(YEAR(Planos!$G13)*12+MONTH(Planos!$G13)),MAX(1,IFERROR(INDEX(lst_frequencia_meses,MATCH(Planos!$E13,lst_frequencia,0)),0)))=0),"●",""))) | O14: =IF(NOT(Planos!$A13<>""),"",IF(COUNTIFS(Programação!$B$4:$B$503,Planos!$A13,Programação!$I$4:$I$503,"Concluído",Programação!$G$4:$G$503,">="&DATE(ano_ref,12,1),Programação!$G$4:$G$503,"<="&EOMONTH(DATE(ano_ref,12,1),0))>0,"✔",IF(AND(ISNUMBER(Planos!$G13),IFERROR(INDEX(lst_frequencia_meses,MATCH(Planos!$E13,lst_frequencia,0)),0)>0,(ano_ref*12+12)-(YEAR(Planos!$G13)*12+MONTH(Planos!$G13))>0,MOD((ano_ref*12+12)-(YEAR(Planos!$G13)*12+MONTH(Planos!$G13)),MAX(1,IFERROR(INDEX(lst_frequencia_meses,MATCH(Planos!$E13,lst_frequencia,0)),0)))=0),"●",""))) | P14: =IF(COUNTIF(D14:O14,"✔")+COUNTIF(D14:O14,"●")=0,"",COUNTIF(D14:O14,"✔")/(COUNTIF(D14:O14,"✔")+COUNTIF(D14:O14,"●")))
A15: =IF(Planos!$A14<>"",Planos!A14&"","") | B15: =IF(Planos!$A14<>"",Planos!B14&"","") | C15: =IF(Planos!$A14<>"",Planos!C14&"","") | D15: =IF(NOT(Planos!$A14<>""),"",IF(COUNTIFS(Programação!$B$4:$B$503,Planos!$A14,Programação!$I$4:$I$503,"Concluído",Programação!$G$4:$G$503,">="&DATE(ano_ref,1,1),Programação!$G$4:$G$503,"<="&EOMONTH(DATE(ano_ref,1,1),0))>0,"✔",IF(AND(ISNUMBER(Planos!$G14),IFERROR(INDEX(lst_frequencia_meses,MATCH(Planos!$E14,lst_frequencia,0)),0)>0,(ano_ref*12+1)-(YEAR(Planos!$G14)*12+MONTH(Planos!$G14))>0,MOD((ano_ref*12+1)-(YEAR(Planos!$G14)*12+MONTH(Planos!$G14)),MAX(1,IFERROR(INDEX(lst_frequencia_meses,MATCH(Planos!$E14,lst_frequencia,0)),0)))=0),"●",""))) | E15: =IF(NOT(Planos!$A14<>""),"",IF(COUNTIFS(Programação!$B$4:$B$503,Planos!$A14,Programação!$I$4:$I$503,"Concluído",Programação!$G$4:$G$503,">="&DATE(ano_ref,2,1),Programação!$G$4:$G$503,"<="&EOMONTH(DATE(ano_ref,2,1),0))>0,"✔",IF(AND(ISNUMBER(Planos!$G14),IFERROR(INDEX(lst_frequencia_meses,MATCH(Planos!$E14,lst_frequencia,0)),0)>0,(ano_ref*12+2)-(YEAR(Planos!$G14)*12+MONTH(Planos!$G14))>0,MOD((ano_ref*12+2)-(YEAR(Planos!$G14)*12+MONTH(Planos!$G14)),MAX(1,IFERROR(INDEX(lst_frequencia_meses,MATCH(Planos!$E14,lst_frequencia,0)),0)))=0),"●",""))) | F15: =IF(NOT(Planos!$A14<>""),"",IF(COUNTIFS(Programação!$B$4:$B$503,Planos!$A14,Programação!$I$4:$I$503,"Concluído",Programação!$G$4:$G$503,">="&DATE(ano_ref,3,1),Programação!$G$4:$G$503,"<="&EOMONTH(DATE(ano_ref,3,1),0))>0,"✔",IF(AND(ISNUMBER(Planos!$G14),IFERROR(INDEX(lst_frequencia_meses,MATCH(Planos!$E14,lst_frequencia,0)),0)>0,(ano_ref*12+3)-(YEAR(Planos!$G14)*12+MONTH(Planos!$G14))>0,MOD((ano_ref*12+3)-(YEAR(Planos!$G14)*12+MONTH(Planos!$G14)),MAX(1,IFERROR(INDEX(lst_frequencia_meses,MATCH(Planos!$E14,lst_frequencia,0)),0)))=0),"●",""))) | G15: =IF(NOT(Planos!$A14<>""),"",IF(COUNTIFS(Programação!$B$4:$B$503,Planos!$A14,Programação!$I$4:$I$503,"Concluído",Programação!$G$4:$G$503,">="&DATE(ano_ref,4,1),Programação!$G$4:$G$503,"<="&EOMONTH(DATE(ano_ref,4,1),0))>0,"✔",IF(AND(ISNUMBER(Planos!$G14),IFERROR(INDEX(lst_frequencia_meses,MATCH(Planos!$E14,lst_frequencia,0)),0)>0,(ano_ref*12+4)-(YEAR(Planos!$G14)*12+MONTH(Planos!$G14))>0,MOD((ano_ref*12+4)-(YEAR(Planos!$G14)*12+MONTH(Planos!$G14)),MAX(1,IFERROR(INDEX(lst_frequencia_meses,MATCH(Planos!$E14,lst_frequencia,0)),0)))=0),"●",""))) | H15: =IF(NOT(Planos!$A14<>""),"",IF(COUNTIFS(Programação!$B$4:$B$503,Planos!$A14,Programação!$I$4:$I$503,"Concluído",Programação!$G$4:$G$503,">="&DATE(ano_ref,5,1),Programação!$G$4:$G$503,"<="&EOMONTH(DATE(ano_ref,5,1),0))>0,"✔",IF(AND(ISNUMBER(Planos!$G14),IFERROR(INDEX(lst_frequencia_meses,MATCH(Planos!$E14,lst_frequencia,0)),0)>0,(ano_ref*12+5)-(YEAR(Planos!$G14)*12+MONTH(Planos!$G14))>0,MOD((ano_ref*12+5)-(YEAR(Planos!$G14)*12+MONTH(Planos!$G14)),MAX(1,IFERROR(INDEX(lst_frequencia_meses,MATCH(Planos!$E14,lst_frequencia,0)),0)))=0),"●",""))) | I15: =IF(NOT(Planos!$A14<>""),"",IF(COUNTIFS(Programação!$B$4:$B$503,Planos!$A14,Programação!$I$4:$I$503,"Concluído",Programação!$G$4:$G$503,">="&DATE(ano_ref,6,1),Programação!$G$4:$G$503,"<="&EOMONTH(DATE(ano_ref,6,1),0))>0,"✔",IF(AND(ISNUMBER(Planos!$G14),IFERROR(INDEX(lst_frequencia_meses,MATCH(Planos!$E14,lst_frequencia,0)),0)>0,(ano_ref*12+6)-(YEAR(Planos!$G14)*12+MONTH(Planos!$G14))>0,MOD((ano_ref*12+6)-(YEAR(Planos!$G14)*12+MONTH(Planos!$G14)),MAX(1,IFERROR(INDEX(lst_frequencia_meses,MATCH(Planos!$E14,lst_frequencia,0)),0)))=0),"●",""))) | J15: =IF(NOT(Planos!$A14<>""),"",IF(COUNTIFS(Programação!$B$4:$B$503,Planos!$A14,Programação!$I$4:$I$503,"Concluído",Programação!$G$4:$G$503,">="&DATE(ano_ref,7,1),Programação!$G$4:$G$503,"<="&EOMONTH(DATE(ano_ref,7,1),0))>0,"✔",IF(AND(ISNUMBER(Planos!$G14),IFERROR(INDEX(lst_frequencia_meses,MATCH(Planos!$E14,lst_frequencia,0)),0)>0,(ano_ref*12+7)-(YEAR(Planos!$G14)*12+MONTH(Planos!$G14))>0,MOD((ano_ref*12+7)-(YEAR(Planos!$G14)*12+MONTH(Planos!$G14)),MAX(1,IFERROR(INDEX(lst_frequencia_meses,MATCH(Planos!$E14,lst_frequencia,0)),0)))=0),"●",""))) | K15: =IF(NOT(Planos!$A14<>""),"",IF(COUNTIFS(Programação!$B$4:$B$503,Planos!$A14,Programação!$I$4:$I$503,"Concluído",Programação!$G$4:$G$503,">="&DATE(ano_ref,8,1),Programação!$G$4:$G$503,"<="&EOMONTH(DATE(ano_ref,8,1),0))>0,"✔",IF(AND(ISNUMBER(Planos!$G14),IFERROR(INDEX(lst_frequencia_meses,MATCH(Planos!$E14,lst_frequencia,0)),0)>0,(ano_ref*12+8)-(YEAR(Planos!$G14)*12+MONTH(Planos!$G14))>0,MOD((ano_ref*12+8)-(YEAR(Planos!$G14)*12+MONTH(Planos!$G14)),MAX(1,IFERROR(INDEX(lst_frequencia_meses,MATCH(Planos!$E14,lst_frequencia,0)),0)))=0),"●",""))) | L15: =IF(NOT(Planos!$A14<>""),"",IF(COUNTIFS(Programação!$B$4:$B$503,Planos!$A14,Programação!$I$4:$I$503,"Concluído",Programação!$G$4:$G$503,">="&DATE(ano_ref,9,1),Programação!$G$4:$G$503,"<="&EOMONTH(DATE(ano_ref,9,1),0))>0,"✔",IF(AND(ISNUMBER(Planos!$G14),IFERROR(INDEX(lst_frequencia_meses,MATCH(Planos!$E14,lst_frequencia,0)),0)>0,(ano_ref*12+9)-(YEAR(Planos!$G14)*12+MONTH(Planos!$G14))>0,MOD((ano_ref*12+9)-(YEAR(Planos!$G14)*12+MONTH(Planos!$G14)),MAX(1,IFERROR(INDEX(lst_frequencia_meses,MATCH(Planos!$E14,lst_frequencia,0)),0)))=0),"●",""))) | M15: =IF(NOT(Planos!$A14<>""),"",IF(COUNTIFS(Programação!$B$4:$B$503,Planos!$A14,Programação!$I$4:$I$503,"Concluído",Programação!$G$4:$G$503,">="&DATE(ano_ref,10,1),Programação!$G$4:$G$503,"<="&EOMONTH(DATE(ano_ref,10,1),0))>0,"✔",IF(AND(ISNUMBER(Planos!$G14),IFERROR(INDEX(lst_frequencia_meses,MATCH(Planos!$E14,lst_frequencia,0)),0)>0,(ano_ref*12+10)-(YEAR(Planos!$G14)*12+MONTH(Planos!$G14))>0,MOD((ano_ref*12+10)-(YEAR(Planos!$G14)*12+MONTH(Planos!$G14)),MAX(1,IFERROR(INDEX(lst_frequencia_meses,MATCH(Planos!$E14,lst_frequencia,0)),0)))=0),"●",""))) | N15: =IF(NOT(Planos!$A14<>""),"",IF(COUNTIFS(Programação!$B$4:$B$503,Planos!$A14,Programação!$I$4:$I$503,"Concluído",Programação!$G$4:$G$503,">="&DATE(ano_ref,11,1),Programação!$G$4:$G$503,"<="&EOMONTH(DATE(ano_ref,11,1),0))>0,"✔",IF(AND(ISNUMBER(Planos!$G14),IFERROR(INDEX(lst_frequencia_meses,MATCH(Planos!$E14,lst_frequencia,0)),0)>0,(ano_ref*12+11)-(YEAR(Planos!$G14)*12+MONTH(Planos!$G14))>0,MOD((ano_ref*12+11)-(YEAR(Planos!$G14)*12+MONTH(Planos!$G14)),MAX(1,IFERROR(INDEX(lst_frequencia_meses,MATCH(Planos!$E14,lst_frequencia,0)),0)))=0),"●",""))) | O15: =IF(NOT(Planos!$A14<>""),"",IF(COUNTIFS(Programação!$B$4:$B$503,Planos!$A14,Programação!$I$4:$I$503,"Concluído",Programação!$G$4:$G$503,">="&DATE(ano_ref,12,1),Programação!$G$4:$G$503,"<="&EOMONTH(DATE(ano_ref,12,1),0))>0,"✔",IF(AND(ISNUMBER(Planos!$G14),IFERROR(INDEX(lst_frequencia_meses,MATCH(Planos!$E14,lst_frequencia,0)),0)>0,(ano_ref*12+12)-(YEAR(Planos!$G14)*12+MONTH(Planos!$G14))>0,MOD((ano_ref*12+12)-(YEAR(Planos!$G14)*12+MONTH(Planos!$G14)),MAX(1,IFERROR(INDEX(lst_frequencia_meses,MATCH(Planos!$E14,lst_frequencia,0)),0)))=0),"●",""))) | P15: =IF(COUNTIF(D15:O15,"✔")+COUNTIF(D15:O15,"●")=0,"",COUNTIF(D15:O15,"✔")/(COUNTIF(D15:O15,"✔")+COUNTIF(D15:O15,"●")))
A16: =IF(Planos!$A15<>"",Planos!A15&"","") | B16: =IF(Planos!$A15<>"",Planos!B15&"","") | C16: =IF(Planos!$A15<>"",Planos!C15&"","") | D16: =IF(NOT(Planos!$A15<>""),"",IF(COUNTIFS(Programação!$B$4:$B$503,Planos!$A15,Programação!$I$4:$I$503,"Concluído",Programação!$G$4:$G$503,">="&DATE(ano_ref,1,1),Programação!$G$4:$G$503,"<="&EOMONTH(DATE(ano_ref,1,1),0))>0,"✔",IF(AND(ISNUMBER(Planos!$G15),IFERROR(INDEX(lst_frequencia_meses,MATCH(Planos!$E15,lst_frequencia,0)),0)>0,(ano_ref*12+1)-(YEAR(Planos!$G15)*12+MONTH(Planos!$G15))>0,MOD((ano_ref*12+1)-(YEAR(Planos!$G15)*12+MONTH(Planos!$G15)),MAX(1,IFERROR(INDEX(lst_frequencia_meses,MATCH(Planos!$E15,lst_frequencia,0)),0)))=0),"●",""))) | E16: =IF(NOT(Planos!$A15<>""),"",IF(COUNTIFS(Programação!$B$4:$B$503,Planos!$A15,Programação!$I$4:$I$503,"Concluído",Programação!$G$4:$G$503,">="&DATE(ano_ref,2,1),Programação!$G$4:$G$503,"<="&EOMONTH(DATE(ano_ref,2,1),0))>0,"✔",IF(AND(ISNUMBER(Planos!$G15),IFERROR(INDEX(lst_frequencia_meses,MATCH(Planos!$E15,lst_frequencia,0)),0)>0,(ano_ref*12+2)-(YEAR(Planos!$G15)*12+MONTH(Planos!$G15))>0,MOD((ano_ref*12+2)-(YEAR(Planos!$G15)*12+MONTH(Planos!$G15)),MAX(1,IFERROR(INDEX(lst_frequencia_meses,MATCH(Planos!$E15,lst_frequencia,0)),0)))=0),"●",""))) | F16: =IF(NOT(Planos!$A15<>""),"",IF(COUNTIFS(Programação!$B$4:$B$503,Planos!$A15,Programação!$I$4:$I$503,"Concluído",Programação!$G$4:$G$503,">="&DATE(ano_ref,3,1),Programação!$G$4:$G$503,"<="&EOMONTH(DATE(ano_ref,3,1),0))>0,"✔",IF(AND(ISNUMBER(Planos!$G15),IFERROR(INDEX(lst_frequencia_meses,MATCH(Planos!$E15,lst_frequencia,0)),0)>0,(ano_ref*12+3)-(YEAR(Planos!$G15)*12+MONTH(Planos!$G15))>0,MOD((ano_ref*12+3)-(YEAR(Planos!$G15)*12+MONTH(Planos!$G15)),MAX(1,IFERROR(INDEX(lst_frequencia_meses,MATCH(Planos!$E15,lst_frequencia,0)),0)))=0),"●",""))) | G16: =IF(NOT(Planos!$A15<>""),"",IF(COUNTIFS(Programação!$B$4:$B$503,Planos!$A15,Programação!$I$4:$I$503,"Concluído",Programação!$G$4:$G$503,">="&DATE(ano_ref,4,1),Programação!$G$4:$G$503,"<="&EOMONTH(DATE(ano_ref,4,1),0))>0,"✔",IF(AND(ISNUMBER(Planos!$G15),IFERROR(INDEX(lst_frequencia_meses,MATCH(Planos!$E15,lst_frequencia,0)),0)>0,(ano_ref*12+4)-(YEAR(Planos!$G15)*12+MONTH(Planos!$G15))>0,MOD((ano_ref*12+4)-(YEAR(Planos!$G15)*12+MONTH(Planos!$G15)),MAX(1,IFERROR(INDEX(lst_frequencia_meses,MATCH(Planos!$E15,lst_frequencia,0)),0)))=0),"●",""))) | H16: =IF(NOT(Planos!$A15<>""),"",IF(COUNTIFS(Programação!$B$4:$B$503,Planos!$A15,Programação!$I$4:$I$503,"Concluído",Programação!$G$4:$G$503,">="&DATE(ano_ref,5,1),Programação!$G$4:$G$503,"<="&EOMONTH(DATE(ano_ref,5,1),0))>0,"✔",IF(AND(ISNUMBER(Planos!$G15),IFERROR(INDEX(lst_frequencia_meses,MATCH(Planos!$E15,lst_frequencia,0)),0)>0,(ano_ref*12+5)-(YEAR(Planos!$G15)*12+MONTH(Planos!$G15))>0,MOD((ano_ref*12+5)-(YEAR(Planos!$G15)*12+MONTH(Planos!$G15)),MAX(1,IFERROR(INDEX(lst_frequencia_meses,MATCH(Planos!$E15,lst_frequencia,0)),0)))=0),"●",""))) | I16: =IF(NOT(Planos!$A15<>""),"",IF(COUNTIFS(Programação!$B$4:$B$503,Planos!$A15,Programação!$I$4:$I$503,"Concluído",Programação!$G$4:$G$503,">="&DATE(ano_ref,6,1),Programação!$G$4:$G$503,"<="&EOMONTH(DATE(ano_ref,6,1),0))>0,"✔",IF(AND(ISNUMBER(Planos!$G15),IFERROR(INDEX(lst_frequencia_meses,MATCH(Planos!$E15,lst_frequencia,0)),0)>0,(ano_ref*12+6)-(YEAR(Planos!$G15)*12+MONTH(Planos!$G15))>0,MOD((ano_ref*12+6)-(YEAR(Planos!$G15)*12+MONTH(Planos!$G15)),MAX(1,IFERROR(INDEX(lst_frequencia_meses,MATCH(Planos!$E15,lst_frequencia,0)),0)))=0),"●",""))) | J16: =IF(NOT(Planos!$A15<>""),"",IF(COUNTIFS(Programação!$B$4:$B$503,Planos!$A15,Programação!$I$4:$I$503,"Concluído",Programação!$G$4:$G$503,">="&DATE(ano_ref,7,1),Programação!$G$4:$G$503,"<="&EOMONTH(DATE(ano_ref,7,1),0))>0,"✔",IF(AND(ISNUMBER(Planos!$G15),IFERROR(INDEX(lst_frequencia_meses,MATCH(Planos!$E15,lst_frequencia,0)),0)>0,(ano_ref*12+7)-(YEAR(Planos!$G15)*12+MONTH(Planos!$G15))>0,MOD((ano_ref*12+7)-(YEAR(Planos!$G15)*12+MONTH(Planos!$G15)),MAX(1,IFERROR(INDEX(lst_frequencia_meses,MATCH(Planos!$E15,lst_frequencia,0)),0)))=0),"●",""))) | K16: =IF(NOT(Planos!$A15<>""),"",IF(COUNTIFS(Programação!$B$4:$B$503,Planos!$A15,Programação!$I$4:$I$503,"Concluído",Programação!$G$4:$G$503,">="&DATE(ano_ref,8,1),Programação!$G$4:$G$503,"<="&EOMONTH(DATE(ano_ref,8,1),0))>0,"✔",IF(AND(ISNUMBER(Planos!$G15),IFERROR(INDEX(lst_frequencia_meses,MATCH(Planos!$E15,lst_frequencia,0)),0)>0,(ano_ref*12+8)-(YEAR(Planos!$G15)*12+MONTH(Planos!$G15))>0,MOD((ano_ref*12+8)-(YEAR(Planos!$G15)*12+MONTH(Planos!$G15)),MAX(1,IFERROR(INDEX(lst_frequencia_meses,MATCH(Planos!$E15,lst_frequencia,0)),0)))=0),"●",""))) | L16: =IF(NOT(Planos!$A15<>""),"",IF(COUNTIFS(Programação!$B$4:$B$503,Planos!$A15,Programação!$I$4:$I$503,"Concluído",Programação!$G$4:$G$503,">="&DATE(ano_ref,9,1),Programação!$G$4:$G$503,"<="&EOMONTH(DATE(ano_ref,9,1),0))>0,"✔",IF(AND(ISNUMBER(Planos!$G15),IFERROR(INDEX(lst_frequencia_meses,MATCH(Planos!$E15,lst_frequencia,0)),0)>0,(ano_ref*12+9)-(YEAR(Planos!$G15)*12+MONTH(Planos!$G15))>0,MOD((ano_ref*12+9)-(YEAR(Planos!$G15)*12+MONTH(Planos!$G15)),MAX(1,IFERROR(INDEX(lst_frequencia_meses,MATCH(Planos!$E15,lst_frequencia,0)),0)))=0),"●",""))) | M16: =IF(NOT(Planos!$A15<>""),"",IF(COUNTIFS(Programação!$B$4:$B$503,Planos!$A15,Programação!$I$4:$I$503,"Concluído",Programação!$G$4:$G$503,">="&DATE(ano_ref,10,1),Programação!$G$4:$G$503,"<="&EOMONTH(DATE(ano_ref,10,1),0))>0,"✔",IF(AND(ISNUMBER(Planos!$G15),IFERROR(INDEX(lst_frequencia_meses,MATCH(Planos!$E15,lst_frequencia,0)),0)>0,(ano_ref*12+10)-(YEAR(Planos!$G15)*12+MONTH(Planos!$G15))>0,MOD((ano_ref*12+10)-(YEAR(Planos!$G15)*12+MONTH(Planos!$G15)),MAX(1,IFERROR(INDEX(lst_frequencia_meses,MATCH(Planos!$E15,lst_frequencia,0)),0)))=0),"●",""))) | N16: =IF(NOT(Planos!$A15<>""),"",IF(COUNTIFS(Programação!$B$4:$B$503,Planos!$A15,Programação!$I$4:$I$503,"Concluído",Programação!$G$4:$G$503,">="&DATE(ano_ref,11,1),Programação!$G$4:$G$503,"<="&EOMONTH(DATE(ano_ref,11,1),0))>0,"✔",IF(AND(ISNUMBER(Planos!$G15),IFERROR(INDEX(lst_frequencia_meses,MATCH(Planos!$E15,lst_frequencia,0)),0)>0,(ano_ref*12+11)-(YEAR(Planos!$G15)*12+MONTH(Planos!$G15))>0,MOD((ano_ref*12+11)-(YEAR(Planos!$G15)*12+MONTH(Planos!$G15)),MAX(1,IFERROR(INDEX(lst_frequencia_meses,MATCH(Planos!$E15,lst_frequencia,0)),0)))=0),"●",""))) | O16: =IF(NOT(Planos!$A15<>""),"",IF(COUNTIFS(Programação!$B$4:$B$503,Planos!$A15,Programação!$I$4:$I$503,"Concluído",Programação!$G$4:$G$503,">="&DATE(ano_ref,12,1),Programação!$G$4:$G$503,"<="&EOMONTH(DATE(ano_ref,12,1),0))>0,"✔",IF(AND(ISNUMBER(Planos!$G15),IFERROR(INDEX(lst_frequencia_meses,MATCH(Planos!$E15,lst_frequencia,0)),0)>0,(ano_ref*12+12)-(YEAR(Planos!$G15)*12+MONTH(Planos!$G15))>0,MOD((ano_ref*12+12)-(YEAR(Planos!$G15)*12+MONTH(Planos!$G15)),MAX(1,IFERROR(INDEX(lst_frequencia_meses,MATCH(Planos!$E15,lst_frequencia,0)),0)))=0),"●",""))) | P16: =IF(COUNTIF(D16:O16,"✔")+COUNTIF(D16:O16,"●")=0,"",COUNTIF(D16:O16,"✔")/(COUNTIF(D16:O16,"✔")+COUNTIF(D16:O16,"●")))
... A204: =IF(Planos!$A203<>"",Planos!A203&"","") | B204: =IF(Planos!$A203<>"",Planos!B203&"","") | C204: =IF(Planos!$A203<>"",Planos!C203&"","") | D204: =IF(NOT(Planos!$A203<>""),"",IF(COUNTIFS(Programação!$B$4:$B$503,Planos!$A203,Programação!$I$4:$I$503,"Concluído",Programação!$G$4:$G$503,">="&DATE(ano_ref,1,1),Programação!$G$4:$G$503,"<="&EOMONTH(DATE(ano_ref,1,1),0))>0,"✔",IF(AND(ISNUMBER(Planos!$G203),IFERROR(INDEX(lst_frequencia_meses,MATCH(Planos!$E203,lst_frequencia,0)),0)>0,(ano_ref*12+1)-(YEAR(Planos!$G203)*12+MONTH(Planos!$G203))>0,MOD((ano_ref*12+1)-(YEAR(Planos!$G203)*12+MONTH(Planos!$G203)),MAX(1,IFERROR(INDEX(lst_frequencia_meses,MATCH(Planos!$E203,lst_frequencia,0)),0)))=0),"●",""))) | E204: =IF(NOT(Planos!$A203<>""),"",IF(COUNTIFS(Programação!$B$4:$B$503,Planos!$A203,Programação!$I$4:$I$503,"Concluído",Programação!$G$4:$G$503,">="&DATE(ano_ref,2,1),Programação!$G$4:$G$503,"<="&EOMONTH(DATE(ano_ref,2,1),0))>0,"✔",IF(AND(ISNUMBER(Planos!$G203),IFERROR(INDEX(lst_frequencia_meses,MATCH(Planos!$E203,lst_frequencia,0)),0)>0,(ano_ref*12+2)-(YEAR(Planos!$G203)*12+MONTH(Planos!$G203))>0,MOD((ano_ref*12+2)-(YEAR(Planos!$G203)*12+MONTH(Planos!$G203)),MAX(1,IFERROR(INDEX(lst_frequencia_meses,MATCH(Planos!$E203,lst_frequencia,0)),0)))=0),"●",""))) | F204: =IF(NOT(Planos!$A203<>""),"",IF(COUNTIFS(Programação!$B$4:$B$503,Planos!$A203,Programação!$I$4:$I$503,"Concluído",Programação!$G$4:$G$503,">="&DATE(ano_ref,3,1),Programação!$G$4:$G$503,"<="&EOMONTH(DATE(ano_ref,3,1),0))>0,"✔",IF(AND(ISNUMBER(Planos!$G203),IFERROR(INDEX(lst_frequencia_meses,MATCH(Planos!$E203,lst_frequencia,0)),0)>0,(ano_ref*12+3)-(YEAR(Planos!$G203)*12+MONTH(Planos!$G203))>0,MOD((ano_ref*12+3)-(YEAR(Planos!$G203)*12+MONTH(Planos!$G203)),MAX(1,IFERROR(INDEX(lst_frequencia_meses,MATCH(Planos!$E203,lst_frequencia,0)),0)))=0),"●",""))) | G204: =IF(NOT(Planos!$A203<>""),"",IF(COUNTIFS(Programação!$B$4:$B$503,Planos!$A203,Programação!$I$4:$I$503,"Concluído",Programação!$G$4:$G$503,">="&DATE(ano_ref,4,1),Programação!$G$4:$G$503,"<="&EOMONTH(DATE(ano_ref,4,1),0))>0,"✔",IF(AND(ISNUMBER(Planos!$G203),IFERROR(INDEX(lst_frequencia_meses,MATCH(Planos!$E203,lst_frequencia,0)),0)>0,(ano_ref*12+4)-(YEAR(Planos!$G203)*12+MONTH(Planos!$G203))>0,MOD((ano_ref*12+4)-(YEAR(Planos!$G203)*12+MONTH(Planos!$G203)),MAX(1,IFERROR(INDEX(lst_frequencia_meses,MATCH(Planos!$E203,lst_frequencia,0)),0)))=0),"●",""))) | H204: =IF(NOT(Planos!$A203<>""),"",IF(COUNTIFS(Programação!$B$4:$B$503,Planos!$A203,Programação!$I$4:$I$503,"Concluído",Programação!$G$4:$G$503,">="&DATE(ano_ref,5,1),Programação!$G$4:$G$503,"<="&EOMONTH(DATE(ano_ref,5,1),0))>0,"✔",IF(AND(ISNUMBER(Planos!$G203),IFERROR(INDEX(lst_frequencia_meses,MATCH(Planos!$E203,lst_frequencia,0)),0)>0,(ano_ref*12+5)-(YEAR(Planos!$G203)*12+MONTH(Planos!$G203))>0,MOD((ano_ref*12+5)-(YEAR(Planos!$G203)*12+MONTH(Planos!$G203)),MAX(1,IFERROR(INDEX(lst_frequencia_meses,MATCH(Planos!$E203,lst_frequencia,0)),0)))=0),"●",""))) | I204: =IF(NOT(Planos!$A203<>""),"",IF(COUNTIFS(Programação!$B$4:$B$503,Planos!$A203,Programação!$I$4:$I$503,"Concluído",Programação!$G$4:$G$503,">="&DATE(ano_ref,6,1),Programação!$G$4:$G$503,"<="&EOMONTH(DATE(ano_ref,6,1),0))>0,"✔",IF(AND(ISNUMBER(Planos!$G203),IFERROR(INDEX(lst_frequencia_meses,MATCH(Planos!$E203,lst_frequencia,0)),0)>0,(ano_ref*12+6)-(YEAR(Planos!$G203)*12+MONTH(Planos!$G203))>0,MOD((ano_ref*12+6)-(YEAR(Planos!$G203)*12+MONTH(Planos!$G203)),MAX(1,IFERROR(INDEX(lst_frequencia_meses,MATCH(Planos!$E203,lst_frequencia,0)),0)))=0),"●",""))) | J204: =IF(NOT(Planos!$A203<>""),"",IF(COUNTIFS(Programação!$B$4:$B$503,Planos!$A203,Programação!$I$4:$I$503,"Concluído",Programação!$G$4:$G$503,">="&DATE(ano_ref,7,1),Programação!$G$4:$G$503,"<="&EOMONTH(DATE(ano_ref,7,1),0))>0,"✔",IF(AND(ISNUMBER(Planos!$G203),IFERROR(INDEX(lst_frequencia_meses,MATCH(Planos!$E203,lst_frequencia,0)),0)>0,(ano_ref*12+7)-(YEAR(Planos!$G203)*12+MONTH(Planos!$G203))>0,MOD((ano_ref*12+7)-(YEAR(Planos!$G203)*12+MONTH(Planos!$G203)),MAX(1,IFERROR(INDEX(lst_frequencia_meses,MATCH(Planos!$E203,lst_frequencia,0)),0)))=0),"●",""))) | K204: =IF(NOT(Planos!$A203<>""),"",IF(COUNTIFS(Programação!$B$4:$B$503,Planos!$A203,Programação!$I$4:$I$503,"Concluído",Programação!$G$4:$G$503,">="&DATE(ano_ref,8,1),Programação!$G$4:$G$503,"<="&EOMONTH(DATE(ano_ref,8,1),0))>0,"✔",IF(AND(ISNUMBER(Planos!$G203),IFERROR(INDEX(lst_frequencia_meses,MATCH(Planos!$E203,lst_frequencia,0)),0)>0,(ano_ref*12+8)-(YEAR(Planos!$G203)*12+MONTH(Planos!$G203))>0,MOD((ano_ref*12+8)-(YEAR(Planos!$G203)*12+MONTH(Planos!$G203)),MAX(1,IFERROR(INDEX(lst_frequencia_meses,MATCH(Planos!$E203,lst_frequencia,0)),0)))=0),"●",""))) | L204: =IF(NOT(Planos!$A203<>""),"",IF(COUNTIFS(Programação!$B$4:$B$503,Planos!$A203,Programação!$I$4:$I$503,"Concluído",Programação!$G$4:$G$503,">="&DATE(ano_ref,9,1),Programação!$G$4:$G$503,"<="&EOMONTH(DATE(ano_ref,9,1),0))>0,"✔",IF(AND(ISNUMBER(Planos!$G203),IFERROR(INDEX(lst_frequencia_meses,MATCH(Planos!$E203,lst_frequencia,0)),0)>0,(ano_ref*12+9)-(YEAR(Planos!$G203)*12+MONTH(Planos!$G203))>0,MOD((ano_ref*12+9)-(YEAR(Planos!$G203)*12+MONTH(Planos!$G203)),MAX(1,IFERROR(INDEX(lst_frequencia_meses,MATCH(Planos!$E203,lst_frequencia,0)),0)))=0),"●",""))) | M204: =IF(NOT(Planos!$A203<>""),"",IF(COUNTIFS(Programação!$B$4:$B$503,Planos!$A203,Programação!$I$4:$I$503,"Concluído",Programação!$G$4:$G$503,">="&DATE(ano_ref,10,1),Programação!$G$4:$G$503,"<="&EOMONTH(DATE(ano_ref,10,1),0))>0,"✔",IF(AND(ISNUMBER(Planos!$G203),IFERROR(INDEX(lst_frequencia_meses,MATCH(Planos!$E203,lst_frequencia,0)),0)>0,(ano_ref*12+10)-(YEAR(Planos!$G203)*12+MONTH(Planos!$G203))>0,MOD((ano_ref*12+10)-(YEAR(Planos!$G203)*12+MONTH(Planos!$G203)),MAX(1,IFERROR(INDEX(lst_frequencia_meses,MATCH(Planos!$E203,lst_frequencia,0)),0)))=0),"●",""))) | N204: =IF(NOT(Planos!$A203<>""),"",IF(COUNTIFS(Programação!$B$4:$B$503,Planos!$A203,Programação!$I$4:$I$503,"Concluído",Programação!$G$4:$G$503,">="&DATE(ano_ref,11,1),Programação!$G$4:$G$503,"<="&EOMONTH(DATE(ano_ref,11,1),0))>0,"✔",IF(AND(ISNUMBER(Planos!$G203),IFERROR(INDEX(lst_frequencia_meses,MATCH(Planos!$E203,lst_frequencia,0)),0)>0,(ano_ref*12+11)-(YEAR(Planos!$G203)*12+MONTH(Planos!$G203))>0,MOD((ano_ref*12+11)-(YEAR(Planos!$G203)*12+MONTH(Planos!$G203)),MAX(1,IFERROR(INDEX(lst_frequencia_meses,MATCH(Planos!$E203,lst_frequencia,0)),0)))=0),"●",""))) | O204: =IF(NOT(Planos!$A203<>""),"",IF(COUNTIFS(Programação!$B$4:$B$503,Planos!$A203,Programação!$I$4:$I$503,"Concluído",Programação!$G$4:$G$503,">="&DATE(ano_ref,12,1),Programação!$G$4:$G$503,"<="&EOMONTH(DATE(ano_ref,12,1),0))>0,"✔",IF(AND(ISNUMBER(Planos!$G203),IFERROR(INDEX(lst_frequencia_meses,MATCH(Planos!$E203,lst_frequencia,0)),0)>0,(ano_ref*12+12)-(YEAR(Planos!$G203)*12+MONTH(Planos!$G203))>0,MOD((ano_ref*12+12)-(YEAR(Planos!$G203)*12+MONTH(Planos!$G203)),MAX(1,IFERROR(INDEX(lst_frequencia_meses,MATCH(Planos!$E203,lst_frequencia,0)),0)))=0),"●",""))) | P204: =IF(COUNTIF(D204:O204,"✔")+COUNTIF(D204:O204,"●")=0,"",COUNTIF(D204:O204,"✔")/(COUNTIF(D204:O204,"✔")+COUNTIF(D204:O204,"●")))

Sheet Programação
C1: Módulo 4 — Programação e execução de OS Tela do gestor: programe preventivas e registre corretivas. Alimenta Kanban, Calendário, KPIs e RCA. | Q1: ="Rev. "&IF(cfg_revisao="","—",cfg_revisao)&IF(ISNUMBER(cfg_data_revisao)," · "&RIGHT("0"&DAY(cfg_data_revisao),2)&"/"&RIGHT("0"&MONTH(cfg_data_revisao),2)&"/"&YEAR(cfg_data_revisao),"")
Q2: ="Elaborado: "&IF(cfg_elaborado="","A definir",cfg_elaborado)&CHAR(10)&"Aprovado: "&IF(cfg_aprovado="","A definir",cfg_aprovado)
A3: Nº OS | B3: Plano (preventiva) | C3: Ativo | D3: Tipo | E3: Descrição do serviço | F3: Data programada | G3: Data de execução | H3: Tempo parado (h) | I3: Status | J3: Técnico responsável | K3: Causa (para RCA) | L3: Observações | M3: Setor (auto) | N3: Situação (Kanban) | O3: Conferência | P3: k | Q3: r
M4: =IF(C4="","",IFERROR(INDEX(at_setor,MATCH(C4,at_codigo,0))&"","")) | N4: =IF(A4="","",IF(I4="Concluído","Concluído",IF(I4="Backlog","Backlog",IF(AND(ISNUMBER(F4),F4<TODAY()),"Atrasado",IF(I4="","Programado",I4))))) | O4: =IF(A4&C4&E4="","",IF(A4="","ERRO: falta o nº da OS",IF(COUNTIF(os_numero,A4)>1,"ERRO: OS repetida",IF(ISNA(MATCH(C4,at_codigo,0)),"ERRO: ativo não cadastrado",IF(AND(B4<>"",D4<>"Preventiva"),"Verificar: plano informado em OS que não é preventiva",IF(AND(I4="Concluído",NOT(ISNUMBER(G4))),"Pendente: data de execução",IF(AND(D4="Corretiva",I4="Concluído",NOT(ISNUMBER(H4))),"Pendente: tempo parado da corretiva",IF(OR(D4="",I4=""),"Pendente: tipo e status","OK")))))))) | P4: =IF(OR(N4="",AND(kanban_setor<>"Todos",kanban_setor<>"",M4<>kanban_setor)),"",N4&"|"&COUNTIFS($N$4:N4,N4,$M$4:M4,IF(OR(kanban_setor="Todos",kanban_setor=""),"*",kanban_setor))) | Q4: =IF(AND(D4="Corretiva",ISNUMBER(H4)),H4+ROW()/1000000,"")
M5: =IF(C5="","",IFERROR(INDEX(at_setor,MATCH(C5,at_codigo,0))&"","")) | N5: =IF(A5="","",IF(I5="Concluído","Concluído",IF(I5="Backlog","Backlog",IF(AND(ISNUMBER(F5),F5<TODAY()),"Atrasado",IF(I5="","Programado",I5))))) | O5: =IF(A5&C5&E5="","",IF(A5="","ERRO: falta o nº da OS",IF(COUNTIF(os_numero,A5)>1,"ERRO: OS repetida",IF(ISNA(MATCH(C5,at_codigo,0)),"ERRO: ativo não cadastrado",IF(AND(B5<>"",D5<>"Preventiva"),"Verificar: plano informado em OS que não é preventiva",IF(AND(I5="Concluído",NOT(ISNUMBER(G5))),"Pendente: data de execução",IF(AND(D5="Corretiva",I5="Concluído",NOT(ISNUMBER(H5))),"Pendente: tempo parado da corretiva",IF(OR(D5="",I5=""),"Pendente: tipo e status","OK")))))))) | P5: =IF(OR(N5="",AND(kanban_setor<>"Todos",kanban_setor<>"",M5<>kanban_setor)),"",N5&"|"&COUNTIFS($N$4:N5,N5,$M$4:M5,IF(OR(kanban_setor="Todos",kanban_setor=""),"*",kanban_setor))) | Q5: =IF(AND(D5="Corretiva",ISNUMBER(H5)),H5+ROW()/1000000,"")
M6: =IF(C6="","",IFERROR(INDEX(at_setor,MATCH(C6,at_codigo,0))&"","")) | N6: =IF(A6="","",IF(I6="Concluído","Concluído",IF(I6="Backlog","Backlog",IF(AND(ISNUMBER(F6),F6<TODAY()),"Atrasado",IF(I6="","Programado",I6))))) | O6: =IF(A6&C6&E6="","",IF(A6="","ERRO: falta o nº da OS",IF(COUNTIF(os_numero,A6)>1,"ERRO: OS repetida",IF(ISNA(MATCH(C6,at_codigo,0)),"ERRO: ativo não cadastrado",IF(AND(B6<>"",D6<>"Preventiva"),"Verificar: plano informado em OS que não é preventiva",IF(AND(I6="Concluído",NOT(ISNUMBER(G6))),"Pendente: data de execução",IF(AND(D6="Corretiva",I6="Concluído",NOT(ISNUMBER(H6))),"Pendente: tempo parado da corretiva",IF(OR(D6="",I6=""),"Pendente: tipo e status","OK")))))))) | P6: =IF(OR(N6="",AND(kanban_setor<>"Todos",kanban_setor<>"",M6<>kanban_setor)),"",N6&"|"&COUNTIFS($N$4:N6,N6,$M$4:M6,IF(OR(kanban_setor="Todos",kanban_setor=""),"*",kanban_setor))) | Q6: =IF(AND(D6="Corretiva",ISNUMBER(H6)),H6+ROW()/1000000,"")
M7: =IF(C7="","",IFERROR(INDEX(at_setor,MATCH(C7,at_codigo,0))&"","")) | N7: =IF(A7="","",IF(I7="Concluído","Concluído",IF(I7="Backlog","Backlog",IF(AND(ISNUMBER(F7),F7<TODAY()),"Atrasado",IF(I7="","Programado",I7))))) | O7: =IF(A7&C7&E7="","",IF(A7="","ERRO: falta o nº da OS",IF(COUNTIF(os_numero,A7)>1,"ERRO: OS repetida",IF(ISNA(MATCH(C7,at_codigo,0)),"ERRO: ativo não cadastrado",IF(AND(B7<>"",D7<>"Preventiva"),"Verificar: plano informado em OS que não é preventiva",IF(AND(I7="Concluído",NOT(ISNUMBER(G7))),"Pendente: data de execução",IF(AND(D7="Corretiva",I7="Concluído",NOT(ISNUMBER(H7))),"Pendente: tempo parado da corretiva",IF(OR(D7="",I7=""),"Pendente: tipo e status","OK")))))))) | P7: =IF(OR(N7="",AND(kanban_setor<>"Todos",kanban_setor<>"",M7<>kanban_setor)),"",N7&"|"&COUNTIFS($N$4:N7,N7,$M$4:M7,IF(OR(kanban_setor="Todos",kanban_setor=""),"*",kanban_setor))) | Q7: =IF(AND(D7="Corretiva",ISNUMBER(H7)),H7+ROW()/1000000,"")
M8: =IF(C8="","",IFERROR(INDEX(at_setor,MATCH(C8,at_codigo,0))&"","")) | N8: =IF(A8="","",IF(I8="Concluído","Concluído",IF(I8="Backlog","Backlog",IF(AND(ISNUMBER(F8),F8<TODAY()),"Atrasado",IF(I8="","Programado",I8))))) | O8: =IF(A8&C8&E8="","",IF(A8="","ERRO: falta o nº da OS",IF(COUNTIF(os_numero,A8)>1,"ERRO: OS repetida",IF(ISNA(MATCH(C8,at_codigo,0)),"ERRO: ativo não cadastrado",IF(AND(B8<>"",D8<>"Preventiva"),"Verificar: plano informado em OS que não é preventiva",IF(AND(I8="Concluído",NOT(ISNUMBER(G8))),"Pendente: data de execução",IF(AND(D8="Corretiva",I8="Concluído",NOT(ISNUMBER(H8))),"Pendente: tempo parado da corretiva",IF(OR(D8="",I8=""),"Pendente: tipo e status","OK")))))))) | P8: =IF(OR(N8="",AND(kanban_setor<>"Todos",kanban_setor<>"",M8<>kanban_setor)),"",N8&"|"&COUNTIFS($N$4:N8,N8,$M$4:M8,IF(OR(kanban_setor="Todos",kanban_setor=""),"*",kanban_setor))) | Q8: =IF(AND(D8="Corretiva",ISNUMBER(H8)),H8+ROW()/1000000,"")
M9: =IF(C9="","",IFERROR(INDEX(at_setor,MATCH(C9,at_codigo,0))&"","")) | N9: =IF(A9="","",IF(I9="Concluído","Concluído",IF(I9="Backlog","Backlog",IF(AND(ISNUMBER(F9),F9<TODAY()),"Atrasado",IF(I9="","Programado",I9))))) | O9: =IF(A9&C9&E9="","",IF(A9="","ERRO: falta o nº da OS",IF(COUNTIF(os_numero,A9)>1,"ERRO: OS repetida",IF(ISNA(MATCH(C9,at_codigo,0)),"ERRO: ativo não cadastrado",IF(AND(B9<>"",D9<>"Preventiva"),"Verificar: plano informado em OS que não é preventiva",IF(AND(I9="Concluído",NOT(ISNUMBER(G9))),"Pendente: data de execução",IF(AND(D9="Corretiva",I9="Concluído",NOT(ISNUMBER(H9))),"Pendente: tempo parado da corretiva",IF(OR(D9="",I9=""),"Pendente: tipo e status","OK")))))))) | P9: =IF(OR(N9="",AND(kanban_setor<>"Todos",kanban_setor<>"",M9<>kanban_setor)),"",N9&"|"&COUNTIFS($N$4:N9,N9,$M$4:M9,IF(OR(kanban_setor="Todos",kanban_setor=""),"*",kanban_setor))) | Q9: =IF(AND(D9="Corretiva",ISNUMBER(H9)),H9+ROW()/1000000,"")
M10: =IF(C10="","",IFERROR(INDEX(at_setor,MATCH(C10,at_codigo,0))&"","")) | N10: =IF(A10="","",IF(I10="Concluído","Concluído",IF(I10="Backlog","Backlog",IF(AND(ISNUMBER(F10),F10<TODAY()),"Atrasado",IF(I10="","Programado",I10))))) | O10: =IF(A10&C10&E10="","",IF(A10="","ERRO: falta o nº da OS",IF(COUNTIF(os_numero,A10)>1,"ERRO: OS repetida",IF(ISNA(MATCH(C10,at_codigo,0)),"ERRO: ativo não cadastrado",IF(AND(B10<>"",D10<>"Preventiva"),"Verificar: plano informado em OS que não é preventiva",IF(AND(I10="Concluído",NOT(ISNUMBER(G10))),"Pendente: data de execução",IF(AND(D10="Corretiva",I10="Concluído",NOT(ISNUMBER(H10))),"Pendente: tempo parado da corretiva",IF(OR(D10="",I10=""),"Pendente: tipo e status","OK")))))))) | P10: =IF(OR(N10="",AND(kanban_setor<>"Todos",kanban_setor<>"",M10<>kanban_setor)),"",N10&"|"&COUNTIFS($N$4:N10,N10,$M$4:M10,IF(OR(kanban_setor="Todos",kanban_setor=""),"*",kanban_setor))) | Q10: =IF(AND(D10="Corretiva",ISNUMBER(H10)),H10+ROW()/1000000,"")
M11: =IF(C11="","",IFERROR(INDEX(at_setor,MATCH(C11,at_codigo,0))&"","")) | N11: =IF(A11="","",IF(I11="Concluído","Concluído",IF(I11="Backlog","Backlog",IF(AND(ISNUMBER(F11),F11<TODAY()),"Atrasado",IF(I11="","Programado",I11))))) | O11: =IF(A11&C11&E11="","",IF(A11="","ERRO: falta o nº da OS",IF(COUNTIF(os_numero,A11)>1,"ERRO: OS repetida",IF(ISNA(MATCH(C11,at_codigo,0)),"ERRO: ativo não cadastrado",IF(AND(B11<>"",D11<>"Preventiva"),"Verificar: plano informado em OS que não é preventiva",IF(AND(I11="Concluído",NOT(ISNUMBER(G11))),"Pendente: data de execução",IF(AND(D11="Corretiva",I11="Concluído",NOT(ISNUMBER(H11))),"Pendente: tempo parado da corretiva",IF(OR(D11="",I11=""),"Pendente: tipo e status","OK")))))))) | P11: =IF(OR(N11="",AND(kanban_setor<>"Todos",kanban_setor<>"",M11<>kanban_setor)),"",N11&"|"&COUNTIFS($N$4:N11,N11,$M$4:M11,IF(OR(kanban_setor="Todos",kanban_setor=""),"*",kanban_setor))) | Q11: =IF(AND(D11="Corretiva",ISNUMBER(H11)),H11+ROW()/1000000,"")
M12: =IF(C12="","",IFERROR(INDEX(at_setor,MATCH(C12,at_codigo,0))&"","")) | N12: =IF(A12="","",IF(I12="Concluído","Concluído",IF(I12="Backlog","Backlog",IF(AND(ISNUMBER(F12),F12<TODAY()),"Atrasado",IF(I12="","Programado",I12))))) | O12: =IF(A12&C12&E12="","",IF(A12="","ERRO: falta o nº da OS",IF(COUNTIF(os_numero,A12)>1,"ERRO: OS repetida",IF(ISNA(MATCH(C12,at_codigo,0)),"ERRO: ativo não cadastrado",IF(AND(B12<>"",D12<>"Preventiva"),"Verificar: plano informado em OS que não é preventiva",IF(AND(I12="Concluído",NOT(ISNUMBER(G12))),"Pendente: data de execução",IF(AND(D12="Corretiva",I12="Concluído",NOT(ISNUMBER(H12))),"Pendente: tempo parado da corretiva",IF(OR(D12="",I12=""),"Pendente: tipo e status","OK")))))))) | P12: =IF(OR(N12="",AND(kanban_setor<>"Todos",kanban_setor<>"",M12<>kanban_setor)),"",N12&"|"&COUNTIFS($N$4:N12,N12,$M$4:M12,IF(OR(kanban_setor="Todos",kanban_setor=""),"*",kanban_setor))) | Q12: =IF(AND(D12="Corretiva",ISNUMBER(H12)),H12+ROW()/1000000,"")
M13: =IF(C13="","",IFERROR(INDEX(at_setor,MATCH(C13,at_codigo,0))&"","")) | N13: =IF(A13="","",IF(I13="Concluído","Concluído",IF(I13="Backlog","Backlog",IF(AND(ISNUMBER(F13),F13<TODAY()),"Atrasado",IF(I13="","Programado",I13))))) | O13: =IF(A13&C13&E13="","",IF(A13="","ERRO: falta o nº da OS",IF(COUNTIF(os_numero,A13)>1,"ERRO: OS repetida",IF(ISNA(MATCH(C13,at_codigo,0)),"ERRO: ativo não cadastrado",IF(AND(B13<>"",D13<>"Preventiva"),"Verificar: plano informado em OS que não é preventiva",IF(AND(I13="Concluído",NOT(ISNUMBER(G13))),"Pendente: data de execução",IF(AND(D13="Corretiva",I13="Concluído",NOT(ISNUMBER(H13))),"Pendente: tempo parado da corretiva",IF(OR(D13="",I13=""),"Pendente: tipo e status","OK")))))))) | P13: =IF(OR(N13="",AND(kanban_setor<>"Todos",kanban_setor<>"",M13<>kanban_setor)),"",N13&"|"&COUNTIFS($N$4:N13,N13,$M$4:M13,IF(OR(kanban_setor="Todos",kanban_setor=""),"*",kanban_setor))) | Q13: =IF(AND(D13="Corretiva",ISNUMBER(H13)),H13+ROW()/1000000,"")
M14: =IF(C14="","",IFERROR(INDEX(at_setor,MATCH(C14,at_codigo,0))&"","")) | N14: =IF(A14="","",IF(I14="Concluído","Concluído",IF(I14="Backlog","Backlog",IF(AND(ISNUMBER(F14),F14<TODAY()),"Atrasado",IF(I14="","Programado",I14))))) | O14: =IF(A14&C14&E14="","",IF(A14="","ERRO: falta o nº da OS",IF(COUNTIF(os_numero,A14)>1,"ERRO: OS repetida",IF(ISNA(MATCH(C14,at_codigo,0)),"ERRO: ativo não cadastrado",IF(AND(B14<>"",D14<>"Preventiva"),"Verificar: plano informado em OS que não é preventiva",IF(AND(I14="Concluído",NOT(ISNUMBER(G14))),"Pendente: data de execução",IF(AND(D14="Corretiva",I14="Concluído",NOT(ISNUMBER(H14))),"Pendente: tempo parado da corretiva",IF(OR(D14="",I14=""),"Pendente: tipo e status","OK")))))))) | P14: =IF(OR(N14="",AND(kanban_setor<>"Todos",kanban_setor<>"",M14<>kanban_setor)),"",N14&"|"&COUNTIFS($N$4:N14,N14,$M$4:M14,IF(OR(kanban_setor="Todos",kanban_setor=""),"*",kanban_setor))) | Q14: =IF(AND(D14="Corretiva",ISNUMBER(H14)),H14+ROW()/1000000,"")
M15: =IF(C15="","",IFERROR(INDEX(at_setor,MATCH(C15,at_codigo,0))&"","")) | N15: =IF(A15="","",IF(I15="Concluído","Concluído",IF(I15="Backlog","Backlog",IF(AND(ISNUMBER(F15),F15<TODAY()),"Atrasado",IF(I15="","Programado",I15))))) | O15: =IF(A15&C15&E15="","",IF(A15="","ERRO: falta o nº da OS",IF(COUNTIF(os_numero,A15)>1,"ERRO: OS repetida",IF(ISNA(MATCH(C15,at_codigo,0)),"ERRO: ativo não cadastrado",IF(AND(B15<>"",D15<>"Preventiva"),"Verificar: plano informado em OS que não é preventiva",IF(AND(I15="Concluído",NOT(ISNUMBER(G15))),"Pendente: data de execução",IF(AND(D15="Corretiva",I15="Concluído",NOT(ISNUMBER(H15))),"Pendente: tempo parado da corretiva",IF(OR(D15="",I15=""),"Pendente: tipo e status","OK")))))))) | P15: =IF(OR(N15="",AND(kanban_setor<>"Todos",kanban_setor<>"",M15<>kanban_setor)),"",N15&"|"&COUNTIFS($N$4:N15,N15,$M$4:M15,IF(OR(kanban_setor="Todos",kanban_setor=""),"*",kanban_setor))) | Q15: =IF(AND(D15="Corretiva",ISNUMBER(H15)),H15+ROW()/1000000,"")
... M503: =IF(C503="","",IFERROR(INDEX(at_setor,MATCH(C503,at_codigo,0))&"","")) | N503: =IF(A503="","",IF(I503="Concluído","Concluído",IF(I503="Backlog","Backlog",IF(AND(ISNUMBER(F503),F503<TODAY()),"Atrasado",IF(I503="","Programado",I503))))) | O503: =IF(A503&C503&E503="","",IF(A503="","ERRO: falta o nº da OS",IF(COUNTIF(os_numero,A503)>1,"ERRO: OS repetida",IF(ISNA(MATCH(C503,at_codigo,0)),"ERRO: ativo não cadastrado",IF(AND(B503<>"",D503<>"Preventiva"),"Verificar: plano informado em OS que não é preventiva",IF(AND(I503="Concluído",NOT(ISNUMBER(G503))),"Pendente: data de execução",IF(AND(D503="Corretiva",I503="Concluído",NOT(ISNUMBER(H503))),"Pendente: tempo parado da corretiva",IF(OR(D503="",I503=""),"Pendente: tipo e status","OK")))))))) | P503: =IF(OR(N503="",AND(kanban_setor<>"Todos",kanban_setor<>"",M503<>kanban_setor)),"",N503&"|"&COUNTIFS($N$4:N503,N503,$M$4:M503,IF(OR(kanban_setor="Todos",kanban_setor=""),"*",kanban_setor))) | Q503: =IF(AND(D503="Corretiva",ISNUMBER(H503)),H503+ROW()/1000000,"")

Sheet Kanban
C1: Kanban de OS Lê a aba Programação. Filtre por setor em Instruções › Setor do Kanban. | F1: ="Rev. "&IF(cfg_revisao="","—",cfg_revisao)&IF(ISNUMBER(cfg_data_revisao)," · "&RIGHT("0"&DAY(cfg_data_revisao),2)&"/"&RIGHT("0"&MONTH(cfg_data_revisao),2)&"/"&YEAR(cfg_data_revisao),"")
F2: ="Elaborado: "&IF(cfg_elaborado="","A definir",cfg_elaborado)&CHAR(10)&"Aprovado: "&IF(cfg_aprovado="","A definir",cfg_aprovado)
A3: # | B3: ="Programado ("&COUNTIF(os_chave,"Programado|*")&")" | C3: ="Em andamento ("&COUNTIF(os_chave,"Em andamento|*")&")" | D3: ="Atrasado ("&COUNTIF(os_chave,"Atrasado|*")&")" | E3: ="Concluído ("&COUNTIF(os_chave,"Concluído|*")&")" | F3: ="Backlog ("&COUNTIF(os_chave,"Backlog|*")&")"
A4: ="Setor: "&IF(OR(kanban_setor="",kanban_setor="Todos"),"Todos",kanban_setor)
A5: 1 | B5: =IFERROR(INDEX(Programação!$A$4:$A$503,MATCH("Programado|1",os_chave,0))&" — "&INDEX(Programação!$C$4:$C$503,MATCH("Programado|1",os_chave,0))&CHAR(10)&LEFT(INDEX(Programação!$E$4:$E$503,MATCH("Programado|1",os_chave,0)),60)&CHAR(10)&"Prazo: "&IF(ISNUMBER(INDEX(Programação!$F$4:$F$503,MATCH("Programado|1",os_chave,0))),RIGHT("0"&DAY(INDEX(Programação!$F$4:$F$503,MATCH("Programado|1",os_chave,0))),2)&"/"&RIGHT("0"&MONTH(INDEX(Programação!$F$4:$F$503,MATCH("Programado|1",os_chave,0))),2)&"/"&YEAR(INDEX(Programação!$F$4:$F$503,MATCH("Programado|1",os_chave,0))),"—")&" | "&INDEX(Programação!$J$4:$J$503,MATCH("Programado|1",os_chave,0)),"") | C5: =IFERROR(INDEX(Programação!$A$4:$A$503,MATCH("Em andamento|1",os_chave,0))&" — "&INDEX(Programação!$C$4:$C$503,MATCH("Em andamento|1",os_chave,0))&CHAR(10)&LEFT(INDEX(Programação!$E$4:$E$503,MATCH("Em andamento|1",os_chave,0)),60)&CHAR(10)&"Prazo: "&IF(ISNUMBER(INDEX(Programação!$F$4:$F$503,MATCH("Em andamento|1",os_chave,0))),RIGHT("0"&DAY(INDEX(Programação!$F$4:$F$503,MATCH("Em andamento|1",os_chave,0))),2)&"/"&RIGHT("0"&MONTH(INDEX(Programação!$F$4:$F$503,MATCH("Em andamento|1",os_chave,0))),2)&"/"&YEAR(INDEX(Programação!$F$4:$F$503,MATCH("Em andamento|1",os_chave,0))),"—")&" | "&INDEX(Programação!$J$4:$J$503,MATCH("Em andamento|1",os_chave,0)),"") | D5: =IFERROR(INDEX(Programação!$A$4:$A$503,MATCH("Atrasado|1",os_chave,0))&" — "&INDEX(Programação!$C$4:$C$503,MATCH("Atrasado|1",os_chave,0))&CHAR(10)&LEFT(INDEX(Programação!$E$4:$E$503,MATCH("Atrasado|1",os_chave,0)),60)&CHAR(10)&"Prazo: "&IF(ISNUMBER(INDEX(Programação!$F$4:$F$503,MATCH("Atrasado|1",os_chave,0))),RIGHT("0"&DAY(INDEX(Programação!$F$4:$F$503,MATCH("Atrasado|1",os_chave,0))),2)&"/"&RIGHT("0"&MONTH(INDEX(Programação!$F$4:$F$503,MATCH("Atrasado|1",os_chave,0))),2)&"/"&YEAR(INDEX(Programação!$F$4:$F$503,MATCH("Atrasado|1",os_chave,0))),"—")&" | "&INDEX(Programação!$J$4:$J$503,MATCH("Atrasado|1",os_chave,0)),"") | E5: =IFERROR(INDEX(Programação!$A$4:$A$503,MATCH("Concluído|1",os_chave,0))&" — "&INDEX(Programação!$C$4:$C$503,MATCH("Concluído|1",os_chave,0))&CHAR(10)&LEFT(INDEX(Programação!$E$4:$E$503,MATCH("Concluído|1",os_chave,0)),60)&CHAR(10)&"Prazo: "&IF(ISNUMBER(INDEX(Programação!$F$4:$F$503,MATCH("Concluído|1",os_chave,0))),RIGHT("0"&DAY(INDEX(Programação!$F$4:$F$503,MATCH("Concluído|1",os_chave,0))),2)&"/"&RIGHT("0"&MONTH(INDEX(Programação!$F$4:$F$503,MATCH("Concluído|1",os_chave,0))),2)&"/"&YEAR(INDEX(Programação!$F$4:$F$503,MATCH("Concluído|1",os_chave,0))),"—")&" | "&INDEX(Programação!$J$4:$J$503,MATCH("Concluído|1",os_chave,0)),"") | F5: =IFERROR(INDEX(Programação!$A$4:$A$503,MATCH("Backlog|1",os_chave,0))&" — "&INDEX(Programação!$C$4:$C$503,MATCH("Backlog|1",os_chave,0))&CHAR(10)&LEFT(INDEX(Programação!$E$4:$E$503,MATCH("Backlog|1",os_chave,0)),60)&CHAR(10)&"Prazo: "&IF(ISNUMBER(INDEX(Programação!$F$4:$F$503,MATCH("Backlog|1",os_chave,0))),RIGHT("0"&DAY(INDEX(Programação!$F$4:$F$503,MATCH("Backlog|1",os_chave,0))),2)&"/"&RIGHT("0"&MONTH(INDEX(Programação!$F$4:$F$503,MATCH("Backlog|1",os_chave,0))),2)&"/"&YEAR(INDEX(Programação!$F$4:$F$503,MATCH("Backlog|1",os_chave,0))),"—")&" | "&INDEX(Programação!$J$4:$J$503,MATCH("Backlog|1",os_chave,0)),"")
A6: 2 | B6: =IFERROR(INDEX(Programação!$A$4:$A$503,MATCH("Programado|2",os_chave,0))&" — "&INDEX(Programação!$C$4:$C$503,MATCH("Programado|2",os_chave,0))&CHAR(10)&LEFT(INDEX(Programação!$E$4:$E$503,MATCH("Programado|2",os_chave,0)),60)&CHAR(10)&"Prazo: "&IF(ISNUMBER(INDEX(Programação!$F$4:$F$503,MATCH("Programado|2",os_chave,0))),RIGHT("0"&DAY(INDEX(Programação!$F$4:$F$503,MATCH("Programado|2",os_chave,0))),2)&"/"&RIGHT("0"&MONTH(INDEX(Programação!$F$4:$F$503,MATCH("Programado|2",os_chave,0))),2)&"/"&YEAR(INDEX(Programação!$F$4:$F$503,MATCH("Programado|2",os_chave,0))),"—")&" | "&INDEX(Programação!$J$4:$J$503,MATCH("Programado|2",os_chave,0)),"") | C6: =IFERROR(INDEX(Programação!$A$4:$A$503,MATCH("Em andamento|2",os_chave,0))&" — "&INDEX(Programação!$C$4:$C$503,MATCH("Em andamento|2",os_chave,0))&CHAR(10)&LEFT(INDEX(Programação!$E$4:$E$503,MATCH("Em andamento|2",os_chave,0)),60)&CHAR(10)&"Prazo: "&IF(ISNUMBER(INDEX(Programação!$F$4:$F$503,MATCH("Em andamento|2",os_chave,0))),RIGHT("0"&DAY(INDEX(Programação!$F$4:$F$503,MATCH("Em andamento|2",os_chave,0))),2)&"/"&RIGHT("0"&MONTH(INDEX(Programação!$F$4:$F$503,MATCH("Em andamento|2",os_chave,0))),2)&"/"&YEAR(INDEX(Programação!$F$4:$F$503,MATCH("Em andamento|2",os_chave,0))),"—")&" | "&INDEX(Programação!$J$4:$J$503,MATCH("Em andamento|2",os_chave,0)),"") | D6: =IFERROR(INDEX(Programação!$A$4:$A$503,MATCH("Atrasado|2",os_chave,0))&" — "&INDEX(Programação!$C$4:$C$503,MATCH("Atrasado|2",os_chave,0))&CHAR(10)&LEFT(INDEX(Programação!$E$4:$E$503,MATCH("Atrasado|2",os_chave,0)),60)&CHAR(10)&"Prazo: "&IF(ISNUMBER(INDEX(Programação!$F$4:$F$503,MATCH("Atrasado|2",os_chave,0))),RIGHT("0"&DAY(INDEX(Programação!$F$4:$F$503,MATCH("Atrasado|2",os_chave,0))),2)&"/"&RIGHT("0"&MONTH(INDEX(Programação!$F$4:$F$503,MATCH("Atrasado|2",os_chave,0))),2)&"/"&YEAR(INDEX(Programação!$F$4:$F$503,MATCH("Atrasado|2",os_chave,0))),"—")&" | "&INDEX(Programação!$J$4:$J$503,MATCH("Atrasado|2",os_chave,0)),"") | E6: =IFERROR(INDEX(Programação!$A$4:$A$503,MATCH("Concluído|2",os_chave,0))&" — "&INDEX(Programação!$C$4:$C$503,MATCH("Concluído|2",os_chave,0))&CHAR(10)&LEFT(INDEX(Programação!$E$4:$E$503,MATCH("Concluído|2",os_chave,0)),60)&CHAR(10)&"Prazo: "&IF(ISNUMBER(INDEX(Programação!$F$4:$F$503,MATCH("Concluído|2",os_chave,0))),RIGHT("0"&DAY(INDEX(Programação!$F$4:$F$503,MATCH("Concluído|2",os_chave,0))),2)&"/"&RIGHT("0"&MONTH(INDEX(Programação!$F$4:$F$503,MATCH("Concluído|2",os_chave,0))),2)&"/"&YEAR(INDEX(Programação!$F$4:$F$503,MATCH("Concluído|2",os_chave,0))),"—")&" | "&INDEX(Programação!$J$4:$J$503,MATCH("Concluído|2",os_chave,0)),"") | F6: =IFERROR(INDEX(Programação!$A$4:$A$503,MATCH("Backlog|2",os_chave,0))&" — "&INDEX(Programação!$C$4:$C$503,MATCH("Backlog|2",os_chave,0))&CHAR(10)&LEFT(INDEX(Programação!$E$4:$E$503,MATCH("Backlog|2",os_chave,0)),60)&CHAR(10)&"Prazo: "&IF(ISNUMBER(INDEX(Programação!$F$4:$F$503,MATCH("Backlog|2",os_chave,0))),RIGHT("0"&DAY(INDEX(Programação!$F$4:$F$503,MATCH("Backlog|2",os_chave,0))),2)&"/"&RIGHT("0"&MONTH(INDEX(Programação!$F$4:$F$503,MATCH("Backlog|2",os_chave,0))),2)&"/"&YEAR(INDEX(Programação!$F$4:$F$503,MATCH("Backlog|2",os_chave,0))),"—")&" | "&INDEX(Programação!$J$4:$J$503,MATCH("Backlog|2",os_chave,0)),"")
A7: 3 | B7: =IFERROR(INDEX(Programação!$A$4:$A$503,MATCH("Programado|3",os_chave,0))&" — "&INDEX(Programação!$C$4:$C$503,MATCH("Programado|3",os_chave,0))&CHAR(10)&LEFT(INDEX(Programação!$E$4:$E$503,MATCH("Programado|3",os_chave,0)),60)&CHAR(10)&"Prazo: "&IF(ISNUMBER(INDEX(Programação!$F$4:$F$503,MATCH("Programado|3",os_chave,0))),RIGHT("0"&DAY(INDEX(Programação!$F$4:$F$503,MATCH("Programado|3",os_chave,0))),2)&"/"&RIGHT("0"&MONTH(INDEX(Programação!$F$4:$F$503,MATCH("Programado|3",os_chave,0))),2)&"/"&YEAR(INDEX(Programação!$F$4:$F$503,MATCH("Programado|3",os_chave,0))),"—")&" | "&INDEX(Programação!$J$4:$J$503,MATCH("Programado|3",os_chave,0)),"") | C7: =IFERROR(INDEX(Programação!$A$4:$A$503,MATCH("Em andamento|3",os_chave,0))&" — "&INDEX(Programação!$C$4:$C$503,MATCH("Em andamento|3",os_chave,0))&CHAR(10)&LEFT(INDEX(Programação!$E$4:$E$503,MATCH("Em andamento|3",os_chave,0)),60)&CHAR(10)&"Prazo: "&IF(ISNUMBER(INDEX(Programação!$F$4:$F$503,MATCH("Em andamento|3",os_chave,0))),RIGHT("0"&DAY(INDEX(Programação!$F$4:$F$503,MATCH("Em andamento|3",os_chave,0))),2)&"/"&RIGHT("0"&MONTH(INDEX(Programação!$F$4:$F$503,MATCH("Em andamento|3",os_chave,0))),2)&"/"&YEAR(INDEX(Programação!$F$4:$F$503,MATCH("Em andamento|3",os_chave,0))),"—")&" | "&INDEX(Programação!$J$4:$J$503,MATCH("Em andamento|3",os_chave,0)),"") | D7: =IFERROR(INDEX(Programação!$A$4:$A$503,MATCH("Atrasado|3",os_chave,0))&" — "&INDEX(Programação!$C$4:$C$503,MATCH("Atrasado|3",os_chave,0))&CHAR(10)&LEFT(INDEX(Programação!$E$4:$E$503,MATCH("Atrasado|3",os_chave,0)),60)&CHAR(10)&"Prazo: "&IF(ISNUMBER(INDEX(Programação!$F$4:$F$503,MATCH("Atrasado|3",os_chave,0))),RIGHT("0"&DAY(INDEX(Programação!$F$4:$F$503,MATCH("Atrasado|3",os_chave,0))),2)&"/"&RIGHT("0"&MONTH(INDEX(Programação!$F$4:$F$503,MATCH("Atrasado|3",os_chave,0))),2)&"/"&YEAR(INDEX(Programação!$F$4:$F$503,MATCH("Atrasado|3",os_chave,0))),"—")&" | "&INDEX(Programação!$J$4:$J$503,MATCH("Atrasado|3",os_chave,0)),"") | E7: =IFERROR(INDEX(Programação!$A$4:$A$503,MATCH("Concluído|3",os_chave,0))&" — "&INDEX(Programação!$C$4:$C$503,MATCH("Concluído|3",os_chave,0))&CHAR(10)&LEFT(INDEX(Programação!$E$4:$E$503,MATCH("Concluído|3",os_chave,0)),60)&CHAR(10)&"Prazo: "&IF(ISNUMBER(INDEX(Programação!$F$4:$F$503,MATCH("Concluído|3",os_chave,0))),RIGHT("0"&DAY(INDEX(Programação!$F$4:$F$503,MATCH("Concluído|3",os_chave,0))),2)&"/"&RIGHT("0"&MONTH(INDEX(Programação!$F$4:$F$503,MATCH("Concluído|3",os_chave,0))),2)&"/"&YEAR(INDEX(Programação!$F$4:$F$503,MATCH("Concluído|3",os_chave,0))),"—")&" | "&INDEX(Programação!$J$4:$J$503,MATCH("Concluído|3",os_chave,0)),"") | F7: =IFERROR(INDEX(Programação!$A$4:$A$503,MATCH("Backlog|3",os_chave,0))&" — "&INDEX(Programação!$C$4:$C$503,MATCH("Backlog|3",os_chave,0))&CHAR(10)&LEFT(INDEX(Programação!$E$4:$E$503,MATCH("Backlog|3",os_chave,0)),60)&CHAR(10)&"Prazo: "&IF(ISNUMBER(INDEX(Programação!$F$4:$F$503,MATCH("Backlog|3",os_chave,0))),RIGHT("0"&DAY(INDEX(Programação!$F$4:$F$503,MATCH("Backlog|3",os_chave,0))),2)&"/"&RIGHT("0"&MONTH(INDEX(Programação!$F$4:$F$503,MATCH("Backlog|3",os_chave,0))),2)&"/"&YEAR(INDEX(Programação!$F$4:$F$503,MATCH("Backlog|3",os_chave,0))),"—")&" | "&INDEX(Programação!$J$4:$J$503,MATCH("Backlog|3",os_chave,0)),"")
A8: 4 | B8: =IFERROR(INDEX(Programação!$A$4:$A$503,MATCH("Programado|4",os_chave,0))&" — "&INDEX(Programação!$C$4:$C$503,MATCH("Programado|4",os_chave,0))&CHAR(10)&LEFT(INDEX(Programação!$E$4:$E$503,MATCH("Programado|4",os_chave,0)),60)&CHAR(10)&"Prazo: "&IF(ISNUMBER(INDEX(Programação!$F$4:$F$503,MATCH("Programado|4",os_chave,0))),RIGHT("0"&DAY(INDEX(Programação!$F$4:$F$503,MATCH("Programado|4",os_chave,0))),2)&"/"&RIGHT("0"&MONTH(INDEX(Programação!$F$4:$F$503,MATCH("Programado|4",os_chave,0))),2)&"/"&YEAR(INDEX(Programação!$F$4:$F$503,MATCH("Programado|4",os_chave,0))),"—")&" | "&INDEX(Programação!$J$4:$J$503,MATCH("Programado|4",os_chave,0)),"") | C8: =IFERROR(INDEX(Programação!$A$4:$A$503,MATCH("Em andamento|4",os_chave,0))&" — "&INDEX(Programação!$C$4:$C$503,MATCH("Em andamento|4",os_chave,0))&CHAR(10)&LEFT(INDEX(Programação!$E$4:$E$503,MATCH("Em andamento|4",os_chave,0)),60)&CHAR(10)&"Prazo: "&IF(ISNUMBER(INDEX(Programação!$F$4:$F$503,MATCH("Em andamento|4",os_chave,0))),RIGHT("0"&DAY(INDEX(Programação!$F$4:$F$503,MATCH("Em andamento|4",os_chave,0))),2)&"/"&RIGHT("0"&MONTH(INDEX(Programação!$F$4:$F$503,MATCH("Em andamento|4",os_chave,0))),2)&"/"&YEAR(INDEX(Programação!$F$4:$F$503,MATCH("Em andamento|4",os_chave,0))),"—")&" | "&INDEX(Programação!$J$4:$J$503,MATCH("Em andamento|4",os_chave,0)),"") | D8: =IFERROR(INDEX(Programação!$A$4:$A$503,MATCH("Atrasado|4",os_chave,0))&" — "&INDEX(Programação!$C$4:$C$503,MATCH("Atrasado|4",os_chave,0))&CHAR(10)&LEFT(INDEX(Programação!$E$4:$E$503,MATCH("Atrasado|4",os_chave,0)),60)&CHAR(10)&"Prazo: "&IF(ISNUMBER(INDEX(Programação!$F$4:$F$503,MATCH("Atrasado|4",os_chave,0))),RIGHT("0"&DAY(INDEX(Programação!$F$4:$F$503,MATCH("Atrasado|4",os_chave,0))),2)&"/"&RIGHT("0"&MONTH(INDEX(Programação!$F$4:$F$503,MATCH("Atrasado|4",os_chave,0))),2)&"/"&YEAR(INDEX(Programação!$F$4:$F$503,MATCH("Atrasado|4",os_chave,0))),"—")&" | "&INDEX(Programação!$J$4:$J$503,MATCH("Atrasado|4",os_chave,0)),"") | E8: =IFERROR(INDEX(Programação!$A$4:$A$503,MATCH("Concluído|4",os_chave,0))&" — "&INDEX(Programação!$C$4:$C$503,MATCH("Concluído|4",os_chave,0))&CHAR(10)&LEFT(INDEX(Programação!$E$4:$E$503,MATCH("Concluído|4",os_chave,0)),60)&CHAR(10)&"Prazo: "&IF(ISNUMBER(INDEX(Programação!$F$4:$F$503,MATCH("Concluído|4",os_chave,0))),RIGHT("0"&DAY(INDEX(Programação!$F$4:$F$503,MATCH("Concluído|4",os_chave,0))),2)&"/"&RIGHT("0"&MONTH(INDEX(Programação!$F$4:$F$503,MATCH("Concluído|4",os_chave,0))),2)&"/"&YEAR(INDEX(Programação!$F$4:$F$503,MATCH("Concluído|4",os_chave,0))),"—")&" | "&INDEX(Programação!$J$4:$J$503,MATCH("Concluído|4",os_chave,0)),"") | F8: =IFERROR(INDEX(Programação!$A$4:$A$503,MATCH("Backlog|4",os_chave,0))&" — "&INDEX(Programação!$C$4:$C$503,MATCH("Backlog|4",os_chave,0))&CHAR(10)&LEFT(INDEX(Programação!$E$4:$E$503,MATCH("Backlog|4",os_chave,0)),60)&CHAR(10)&"Prazo: "&IF(ISNUMBER(INDEX(Programação!$F$4:$F$503,MATCH("Backlog|4",os_chave,0))),RIGHT("0"&DAY(INDEX(Programação!$F$4:$F$503,MATCH("Backlog|4",os_chave,0))),2)&"/"&RIGHT("0"&MONTH(INDEX(Programação!$F$4:$F$503,MATCH("Backlog|4",os_chave,0))),2)&"/"&YEAR(INDEX(Programação!$F$4:$F$503,MATCH("Backlog|4",os_chave,0))),"—")&" | "&INDEX(Programação!$J$4:$J$503,MATCH("Backlog|4",os_chave,0)),"")
A9: 5 | B9: =IFERROR(INDEX(Programação!$A$4:$A$503,MATCH("Programado|5",os_chave,0))&" — "&INDEX(Programação!$C$4:$C$503,MATCH("Programado|5",os_chave,0))&CHAR(10)&LEFT(INDEX(Programação!$E$4:$E$503,MATCH("Programado|5",os_chave,0)),60)&CHAR(10)&"Prazo: "&IF(ISNUMBER(INDEX(Programação!$F$4:$F$503,MATCH("Programado|5",os_chave,0))),RIGHT("0"&DAY(INDEX(Programação!$F$4:$F$503,MATCH("Programado|5",os_chave,0))),2)&"/"&RIGHT("0"&MONTH(INDEX(Programação!$F$4:$F$503,MATCH("Programado|5",os_chave,0))),2)&"/"&YEAR(INDEX(Programação!$F$4:$F$503,MATCH("Programado|5",os_chave,0))),"—")&" | "&INDEX(Programação!$J$4:$J$503,MATCH("Programado|5",os_chave,0)),"") | C9: =IFERROR(INDEX(Programação!$A$4:$A$503,MATCH("Em andamento|5",os_chave,0))&" — "&INDEX(Programação!$C$4:$C$503,MATCH("Em andamento|5",os_chave,0))&CHAR(10)&LEFT(INDEX(Programação!$E$4:$E$503,MATCH("Em andamento|5",os_chave,0)),60)&CHAR(10)&"Prazo: "&IF(ISNUMBER(INDEX(Programação!$F$4:$F$503,MATCH("Em andamento|5",os_chave,0))),RIGHT("0"&DAY(INDEX(Programação!$F$4:$F$503,MATCH("Em andamento|5",os_chave,0))),2)&"/"&RIGHT("0"&MONTH(INDEX(Programação!$F$4:$F$503,MATCH("Em andamento|5",os_chave,0))),2)&"/"&YEAR(INDEX(Programação!$F$4:$F$503,MATCH("Em andamento|5",os_chave,0))),"—")&" | "&INDEX(Programação!$J$4:$J$503,MATCH("Em andamento|5",os_chave,0)),"") | D9: =IFERROR(INDEX(Programação!$A$4:$A$503,MATCH("Atrasado|5",os_chave,0))&" — "&INDEX(Programação!$C$4:$C$503,MATCH("Atrasado|5",os_chave,0))&CHAR(10)&LEFT(INDEX(Programação!$E$4:$E$503,MATCH("Atrasado|5",os_chave,0)),60)&CHAR(10)&"Prazo: "&IF(ISNUMBER(INDEX(Programação!$F$4:$F$503,MATCH("Atrasado|5",os_chave,0))),RIGHT("0"&DAY(INDEX(Programação!$F$4:$F$503,MATCH("Atrasado|5",os_chave,0))),2)&"/"&RIGHT("0"&MONTH(INDEX(Programação!$F$4:$F$503,MATCH("Atrasado|5",os_chave,0))),2)&"/"&YEAR(INDEX(Programação!$F$4:$F$503,MATCH("Atrasado|5",os_chave,0))),"—")&" | "&INDEX(Programação!$J$4:$J$503,MATCH("Atrasado|5",os_chave,0)),"") | E9: =IFERROR(INDEX(Programação!$A$4:$A$503,MATCH("Concluído|5",os_chave,0))&" — "&INDEX(Programação!$C$4:$C$503,MATCH("Concluído|5",os_chave,0))&CHAR(10)&LEFT(INDEX(Programação!$E$4:$E$503,MATCH("Concluído|5",os_chave,0)),60)&CHAR(10)&"Prazo: "&IF(ISNUMBER(INDEX(Programação!$F$4:$F$503,MATCH("Concluído|5",os_chave,0))),RIGHT("0"&DAY(INDEX(Programação!$F$4:$F$503,MATCH("Concluído|5",os_chave,0))),2)&"/"&RIGHT("0"&MONTH(INDEX(Programação!$F$4:$F$503,MATCH("Concluído|5",os_chave,0))),2)&"/"&YEAR(INDEX(Programação!$F$4:$F$503,MATCH("Concluído|5",os_chave,0))),"—")&" | "&INDEX(Programação!$J$4:$J$503,MATCH("Concluído|5",os_chave,0)),"") | F9: =IFERROR(INDEX(Programação!$A$4:$A$503,MATCH("Backlog|5",os_chave,0))&" — "&INDEX(Programação!$C$4:$C$503,MATCH("Backlog|5",os_chave,0))&CHAR(10)&LEFT(INDEX(Programação!$E$4:$E$503,MATCH("Backlog|5",os_chave,0)),60)&CHAR(10)&"Prazo: "&IF(ISNUMBER(INDEX(Programação!$F$4:$F$503,MATCH("Backlog|5",os_chave,0))),RIGHT("0"&DAY(INDEX(Programação!$F$4:$F$503,MATCH("Backlog|5",os_chave,0))),2)&"/"&RIGHT("0"&MONTH(INDEX(Programação!$F$4:$F$503,MATCH("Backlog|5",os_chave,0))),2)&"/"&YEAR(INDEX(Programação!$F$4:$F$503,MATCH("Backlog|5",os_chave,0))),"—")&" | "&INDEX(Programação!$J$4:$J$503,MATCH("Backlog|5",os_chave,0)),"")
A10: 6 | B10: =IFERROR(INDEX(Programação!$A$4:$A$503,MATCH("Programado|6",os_chave,0))&" — "&INDEX(Programação!$C$4:$C$503,MATCH("Programado|6",os_chave,0))&CHAR(10)&LEFT(INDEX(Programação!$E$4:$E$503,MATCH("Programado|6",os_chave,0)),60)&CHAR(10)&"Prazo: "&IF(ISNUMBER(INDEX(Programação!$F$4:$F$503,MATCH("Programado|6",os_chave,0))),RIGHT("0"&DAY(INDEX(Programação!$F$4:$F$503,MATCH("Programado|6",os_chave,0))),2)&"/"&RIGHT("0"&MONTH(INDEX(Programação!$F$4:$F$503,MATCH("Programado|6",os_chave,0))),2)&"/"&YEAR(INDEX(Programação!$F$4:$F$503,MATCH("Programado|6",os_chave,0))),"—")&" | "&INDEX(Programação!$J$4:$J$503,MATCH("Programado|6",os_chave,0)),"") | C10: =IFERROR(INDEX(Programação!$A$4:$A$503,MATCH("Em andamento|6",os_chave,0))&" — "&INDEX(Programação!$C$4:$C$503,MATCH("Em andamento|6",os_chave,0))&CHAR(10)&LEFT(INDEX(Programação!$E$4:$E$503,MATCH("Em andamento|6",os_chave,0)),60)&CHAR(10)&"Prazo: "&IF(ISNUMBER(INDEX(Programação!$F$4:$F$503,MATCH("Em andamento|6",os_chave,0))),RIGHT("0"&DAY(INDEX(Programação!$F$4:$F$503,MATCH("Em andamento|6",os_chave,0))),2)&"/"&RIGHT("0"&MONTH(INDEX(Programação!$F$4:$F$503,MATCH("Em andamento|6",os_chave,0))),2)&"/"&YEAR(INDEX(Programação!$F$4:$F$503,MATCH("Em andamento|6",os_chave,0))),"—")&" | "&INDEX(Programação!$J$4:$J$503,MATCH("Em andamento|6",os_chave,0)),"") | D10: =IFERROR(INDEX(Programação!$A$4:$A$503,MATCH("Atrasado|6",os_chave,0))&" — "&INDEX(Programação!$C$4:$C$503,MATCH("Atrasado|6",os_chave,0))&CHAR(10)&LEFT(INDEX(Programação!$E$4:$E$503,MATCH("Atrasado|6",os_chave,0)),60)&CHAR(10)&"Prazo: "&IF(ISNUMBER(INDEX(Programação!$F$4:$F$503,MATCH("Atrasado|6",os_chave,0))),RIGHT("0"&DAY(INDEX(Programação!$F$4:$F$503,MATCH("Atrasado|6",os_chave,0))),2)&"/"&RIGHT("0"&MONTH(INDEX(Programação!$F$4:$F$503,MATCH("Atrasado|6",os_chave,0))),2)&"/"&YEAR(INDEX(Programação!$F$4:$F$503,MATCH("Atrasado|6",os_chave,0))),"—")&" | "&INDEX(Programação!$J$4:$J$503,MATCH("Atrasado|6",os_chave,0)),"") | E10: =IFERROR(INDEX(Programação!$A$4:$A$503,MATCH("Concluído|6",os_chave,0))&" — "&INDEX(Programação!$C$4:$C$503,MATCH("Concluído|6",os_chave,0))&CHAR(10)&LEFT(INDEX(Programação!$E$4:$E$503,MATCH("Concluído|6",os_chave,0)),60)&CHAR(10)&"Prazo: "&IF(ISNUMBER(INDEX(Programação!$F$4:$F$503,MATCH("Concluído|6",os_chave,0))),RIGHT("0"&DAY(INDEX(Programação!$F$4:$F$503,MATCH("Concluído|6",os_chave,0))),2)&"/"&RIGHT("0"&MONTH(INDEX(Programação!$F$4:$F$503,MATCH("Concluído|6",os_chave,0))),2)&"/"&YEAR(INDEX(Programação!$F$4:$F$503,MATCH("Concluído|6",os_chave,0))),"—")&" | "&INDEX(Programação!$J$4:$J$503,MATCH("Concluído|6",os_chave,0)),"") | F10: =IFERROR(INDEX(Programação!$A$4:$A$503,MATCH("Backlog|6",os_chave,0))&" — "&INDEX(Programação!$C$4:$C$503,MATCH("Backlog|6",os_chave,0))&CHAR(10)&LEFT(INDEX(Programação!$E$4:$E$503,MATCH("Backlog|6",os_chave,0)),60)&CHAR(10)&"Prazo: "&IF(ISNUMBER(INDEX(Programação!$F$4:$F$503,MATCH("Backlog|6",os_chave,0))),RIGHT("0"&DAY(INDEX(Programação!$F$4:$F$503,MATCH("Backlog|6",os_chave,0))),2)&"/"&RIGHT("0"&MONTH(INDEX(Programação!$F$4:$F$503,MATCH("Backlog|6",os_chave,0))),2)&"/"&YEAR(INDEX(Programação!$F$4:$F$503,MATCH("Backlog|6",os_chave,0))),"—")&" | "&INDEX(Programação!$J$4:$J$503,MATCH("Backlog|6",os_chave,0)),"")
A11: 7 | B11: =IFERROR(INDEX(Programação!$A$4:$A$503,MATCH("Programado|7",os_chave,0))&" — "&INDEX(Programação!$C$4:$C$503,MATCH("Programado|7",os_chave,0))&CHAR(10)&LEFT(INDEX(Programação!$E$4:$E$503,MATCH("Programado|7",os_chave,0)),60)&CHAR(10)&"Prazo: "&IF(ISNUMBER(INDEX(Programação!$F$4:$F$503,MATCH("Programado|7",os_chave,0))),RIGHT("0"&DAY(INDEX(Programação!$F$4:$F$503,MATCH("Programado|7",os_chave,0))),2)&"/"&RIGHT("0"&MONTH(INDEX(Programação!$F$4:$F$503,MATCH("Programado|7",os_chave,0))),2)&"/"&YEAR(INDEX(Programação!$F$4:$F$503,MATCH("Programado|7",os_chave,0))),"—")&" | "&INDEX(Programação!$J$4:$J$503,MATCH("Programado|7",os_chave,0)),"") | C11: =IFERROR(INDEX(Programação!$A$4:$A$503,MATCH("Em andamento|7",os_chave,0))&" — "&INDEX(Programação!$C$4:$C$503,MATCH("Em andamento|7",os_chave,0))&CHAR(10)&LEFT(INDEX(Programação!$E$4:$E$503,MATCH("Em andamento|7",os_chave,0)),60)&CHAR(10)&"Prazo: "&IF(ISNUMBER(INDEX(Programação!$F$4:$F$503,MATCH("Em andamento|7",os_chave,0))),RIGHT("0"&DAY(INDEX(Programação!$F$4:$F$503,MATCH("Em andamento|7",os_chave,0))),2)&"/"&RIGHT("0"&MONTH(INDEX(Programação!$F$4:$F$503,MATCH("Em andamento|7",os_chave,0))),2)&"/"&YEAR(INDEX(Programação!$F$4:$F$503,MATCH("Em andamento|7",os_chave,0))),"—")&" | "&INDEX(Programação!$J$4:$J$503,MATCH("Em andamento|7",os_chave,0)),"") | D11: =IFERROR(INDEX(Programação!$A$4:$A$503,MATCH("Atrasado|7",os_chave,0))&" — "&INDEX(Programação!$C$4:$C$503,MATCH("Atrasado|7",os_chave,0))&CHAR(10)&LEFT(INDEX(Programação!$E$4:$E$503,MATCH("Atrasado|7",os_chave,0)),60)&CHAR(10)&"Prazo: "&IF(ISNUMBER(INDEX(Programação!$F$4:$F$503,MATCH("Atrasado|7",os_chave,0))),RIGHT("0"&DAY(INDEX(Programação!$F$4:$F$503,MATCH("Atrasado|7",os_chave,0))),2)&"/"&RIGHT("0"&MONTH(INDEX(Programação!$F$4:$F$503,MATCH("Atrasado|7",os_chave,0))),2)&"/"&YEAR(INDEX(Programação!$F$4:$F$503,MATCH("Atrasado|7",os_chave,0))),"—")&" | "&INDEX(Programação!$J$4:$J$503,MATCH("Atrasado|7",os_chave,0)),"") | E11: =IFERROR(INDEX(Programação!$A$4:$A$503,MATCH("Concluído|7",os_chave,0))&" — "&INDEX(Programação!$C$4:$C$503,MATCH("Concluído|7",os_chave,0))&CHAR(10)&LEFT(INDEX(Programação!$E$4:$E$503,MATCH("Concluído|7",os_chave,0)),60)&CHAR(10)&"Prazo: "&IF(ISNUMBER(INDEX(Programação!$F$4:$F$503,MATCH("Concluído|7",os_chave,0))),RIGHT("0"&DAY(INDEX(Programação!$F$4:$F$503,MATCH("Concluído|7",os_chave,0))),2)&"/"&RIGHT("0"&MONTH(INDEX(Programação!$F$4:$F$503,MATCH("Concluído|7",os_chave,0))),2)&"/"&YEAR(INDEX(Programação!$F$4:$F$503,MATCH("Concluído|7",os_chave,0))),"—")&" | "&INDEX(Programação!$J$4:$J$503,MATCH("Concluído|7",os_chave,0)),"") | F11: =IFERROR(INDEX(Programação!$A$4:$A$503,MATCH("Backlog|7",os_chave,0))&" — "&INDEX(Programação!$C$4:$C$503,MATCH("Backlog|7",os_chave,0))&CHAR(10)&LEFT(INDEX(Programação!$E$4:$E$503,MATCH("Backlog|7",os_chave,0)),60)&CHAR(10)&"Prazo: "&IF(ISNUMBER(INDEX(Programação!$F$4:$F$503,MATCH("Backlog|7",os_chave,0))),RIGHT("0"&DAY(INDEX(Programação!$F$4:$F$503,MATCH("Backlog|7",os_chave,0))),2)&"/"&RIGHT("0"&MONTH(INDEX(Programação!$F$4:$F$503,MATCH("Backlog|7",os_chave,0))),2)&"/"&YEAR(INDEX(Programação!$F$4:$F$503,MATCH("Backlog|7",os_chave,0))),"—")&" | "&INDEX(Programação!$J$4:$J$503,MATCH("Backlog|7",os_chave,0)),"")
A12: 8 | B12: =IFERROR(INDEX(Programação!$A$4:$A$503,MATCH("Programado|8",os_chave,0))&" — "&INDEX(Programação!$C$4:$C$503,MATCH("Programado|8",os_chave,0))&CHAR(10)&LEFT(INDEX(Programação!$E$4:$E$503,MATCH("Programado|8",os_chave,0)),60)&CHAR(10)&"Prazo: "&IF(ISNUMBER(INDEX(Programação!$F$4:$F$503,MATCH("Programado|8",os_chave,0))),RIGHT("0"&DAY(INDEX(Programação!$F$4:$F$503,MATCH("Programado|8",os_chave,0))),2)&"/"&RIGHT("0"&MONTH(INDEX(Programação!$F$4:$F$503,MATCH("Programado|8",os_chave,0))),2)&"/"&YEAR(INDEX(Programação!$F$4:$F$503,MATCH("Programado|8",os_chave,0))),"—")&" | "&INDEX(Programação!$J$4:$J$503,MATCH("Programado|8",os_chave,0)),"") | C12: =IFERROR(INDEX(Programação!$A$4:$A$503,MATCH("Em andamento|8",os_chave,0))&" — "&INDEX(Programação!$C$4:$C$503,MATCH("Em andamento|8",os_chave,0))&CHAR(10)&LEFT(INDEX(Programação!$E$4:$E$503,MATCH("Em andamento|8",os_chave,0)),60)&CHAR(10)&"Prazo: "&IF(ISNUMBER(INDEX(Programação!$F$4:$F$503,MATCH("Em andamento|8",os_chave,0))),RIGHT("0"&DAY(INDEX(Programação!$F$4:$F$503,MATCH("Em andamento|8",os_chave,0))),2)&"/"&RIGHT("0"&MONTH(INDEX(Programação!$F$4:$F$503,MATCH("Em andamento|8",os_chave,0))),2)&"/"&YEAR(INDEX(Programação!$F$4:$F$503,MATCH("Em andamento|8",os_chave,0))),"—")&" | "&INDEX(Programação!$J$4:$J$503,MATCH("Em andamento|8",os_chave,0)),"") | D12: =IFERROR(INDEX(Programação!$A$4:$A$503,MATCH("Atrasado|8",os_chave,0))&" — "&INDEX(Programação!$C$4:$C$503,MATCH("Atrasado|8",os_chave,0))&CHAR(10)&LEFT(INDEX(Programação!$E$4:$E$503,MATCH("Atrasado|8",os_chave,0)),60)&CHAR(10)&"Prazo: "&IF(ISNUMBER(INDEX(Programação!$F$4:$F$503,MATCH("Atrasado|8",os_chave,0))),RIGHT("0"&DAY(INDEX(Programação!$F$4:$F$503,MATCH("Atrasado|8",os_chave,0))),2)&"/"&RIGHT("0"&MONTH(INDEX(Programação!$F$4:$F$503,MATCH("Atrasado|8",os_chave,0))),2)&"/"&YEAR(INDEX(Programação!$F$4:$F$503,MATCH("Atrasado|8",os_chave,0))),"—")&" | "&INDEX(Programação!$J$4:$J$503,MATCH("Atrasado|8",os_chave,0)),"") | E12: =IFERROR(INDEX(Programação!$A$4:$A$503,MATCH("Concluído|8",os_chave,0))&" — "&INDEX(Programação!$C$4:$C$503,MATCH("Concluído|8",os_chave,0))&CHAR(10)&LEFT(INDEX(Programação!$E$4:$E$503,MATCH("Concluído|8",os_chave,0)),60)&CHAR(10)&"Prazo: "&IF(ISNUMBER(INDEX(Programação!$F$4:$F$503,MATCH("Concluído|8",os_chave,0))),RIGHT("0"&DAY(INDEX(Programação!$F$4:$F$503,MATCH("Concluído|8",os_chave,0))),2)&"/"&RIGHT("0"&MONTH(INDEX(Programação!$F$4:$F$503,MATCH("Concluído|8",os_chave,0))),2)&"/"&YEAR(INDEX(Programação!$F$4:$F$503,MATCH("Concluído|8",os_chave,0))),"—")&" | "&INDEX(Programação!$J$4:$J$503,MATCH("Concluído|8",os_chave,0)),"") | F12: =IFERROR(INDEX(Programação!$A$4:$A$503,MATCH("Backlog|8",os_chave,0))&" — "&INDEX(Programação!$C$4:$C$503,MATCH("Backlog|8",os_chave,0))&CHAR(10)&LEFT(INDEX(Programação!$E$4:$E$503,MATCH("Backlog|8",os_chave,0)),60)&CHAR(10)&"Prazo: "&IF(ISNUMBER(INDEX(Programação!$F$4:$F$503,MATCH("Backlog|8",os_chave,0))),RIGHT("0"&DAY(INDEX(Programação!$F$4:$F$503,MATCH("Backlog|8",os_chave,0))),2)&"/"&RIGHT("0"&MONTH(INDEX(Programação!$F$4:$F$503,MATCH("Backlog|8",os_chave,0))),2)&"/"&YEAR(INDEX(Programação!$F$4:$F$503,MATCH("Backlog|8",os_chave,0))),"—")&" | "&INDEX(Programação!$J$4:$J$503,MATCH("Backlog|8",os_chave,0)),"")
A13: 9 | B13: =IFERROR(INDEX(Programação!$A$4:$A$503,MATCH("Programado|9",os_chave,0))&" — "&INDEX(Programação!$C$4:$C$503,MATCH("Programado|9",os_chave,0))&CHAR(10)&LEFT(INDEX(Programação!$E$4:$E$503,MATCH("Programado|9",os_chave,0)),60)&CHAR(10)&"Prazo: "&IF(ISNUMBER(INDEX(Programação!$F$4:$F$503,MATCH("Programado|9",os_chave,0))),RIGHT("0"&DAY(INDEX(Programação!$F$4:$F$503,MATCH("Programado|9",os_chave,0))),2)&"/"&RIGHT("0"&MONTH(INDEX(Programação!$F$4:$F$503,MATCH("Programado|9",os_chave,0))),2)&"/"&YEAR(INDEX(Programação!$F$4:$F$503,MATCH("Programado|9",os_chave,0))),"—")&" | "&INDEX(Programação!$J$4:$J$503,MATCH("Programado|9",os_chave,0)),"") | C13: =IFERROR(INDEX(Programação!$A$4:$A$503,MATCH("Em andamento|9",os_chave,0))&" — "&INDEX(Programação!$C$4:$C$503,MATCH("Em andamento|9",os_chave,0))&CHAR(10)&LEFT(INDEX(Programação!$E$4:$E$503,MATCH("Em andamento|9",os_chave,0)),60)&CHAR(10)&"Prazo: "&IF(ISNUMBER(INDEX(Programação!$F$4:$F$503,MATCH("Em andamento|9",os_chave,0))),RIGHT("0"&DAY(INDEX(Programação!$F$4:$F$503,MATCH("Em andamento|9",os_chave,0))),2)&"/"&RIGHT("0"&MONTH(INDEX(Programação!$F$4:$F$503,MATCH("Em andamento|9",os_chave,0))),2)&"/"&YEAR(INDEX(Programação!$F$4:$F$503,MATCH("Em andamento|9",os_chave,0))),"—")&" | "&INDEX(Programação!$J$4:$J$503,MATCH("Em andamento|9",os_chave,0)),"") | D13: =IFERROR(INDEX(Programação!$A$4:$A$503,MATCH("Atrasado|9",os_chave,0))&" — "&INDEX(Programação!$C$4:$C$503,MATCH("Atrasado|9",os_chave,0))&CHAR(10)&LEFT(INDEX(Programação!$E$4:$E$503,MATCH("Atrasado|9",os_chave,0)),60)&CHAR(10)&"Prazo: "&IF(ISNUMBER(INDEX(Programação!$F$4:$F$503,MATCH("Atrasado|9",os_chave,0))),RIGHT("0"&DAY(INDEX(Programação!$F$4:$F$503,MATCH("Atrasado|9",os_chave,0))),2)&"/"&RIGHT("0"&MONTH(INDEX(Programação!$F$4:$F$503,MATCH("Atrasado|9",os_chave,0))),2)&"/"&YEAR(INDEX(Programação!$F$4:$F$503,MATCH("Atrasado|9",os_chave,0))),"—")&" | "&INDEX(Programação!$J$4:$J$503,MATCH("Atrasado|9",os_chave,0)),"") | E13: =IFERROR(INDEX(Programação!$A$4:$A$503,MATCH("Concluído|9",os_chave,0))&" — "&INDEX(Programação!$C$4:$C$503,MATCH("Concluído|9",os_chave,0))&CHAR(10)&LEFT(INDEX(Programação!$E$4:$E$503,MATCH("Concluído|9",os_chave,0)),60)&CHAR(10)&"Prazo: "&IF(ISNUMBER(INDEX(Programação!$F$4:$F$503,MATCH("Concluído|9",os_chave,0))),RIGHT("0"&DAY(INDEX(Programação!$F$4:$F$503,MATCH("Concluído|9",os_chave,0))),2)&"/"&RIGHT("0"&MONTH(INDEX(Programação!$F$4:$F$503,MATCH("Concluído|9",os_chave,0))),2)&"/"&YEAR(INDEX(Programação!$F$4:$F$503,MATCH("Concluído|9",os_chave,0))),"—")&" | "&INDEX(Programação!$J$4:$J$503,MATCH("Concluído|9",os_chave,0)),"") | F13: =IFERROR(INDEX(Programação!$A$4:$A$503,MATCH("Backlog|9",os_chave,0))&" — "&INDEX(Programação!$C$4:$C$503,MATCH("Backlog|9",os_chave,0))&CHAR(10)&LEFT(INDEX(Programação!$E$4:$E$503,MATCH("Backlog|9",os_chave,0)),60)&CHAR(10)&"Prazo: "&IF(ISNUMBER(INDEX(Programação!$F$4:$F$503,MATCH("Backlog|9",os_chave,0))),RIGHT("0"&DAY(INDEX(Programação!$F$4:$F$503,MATCH("Backlog|9",os_chave,0))),2)&"/"&RIGHT("0"&MONTH(INDEX(Programação!$F$4:$F$503,MATCH("Backlog|9",os_chave,0))),2)&"/"&YEAR(INDEX(Programação!$F$4:$F$503,MATCH("Backlog|9",os_chave,0))),"—")&" | "&INDEX(Programação!$J$4:$J$503,MATCH("Backlog|9",os_chave,0)),"")
A14: 10 | B14: =IFERROR(INDEX(Programação!$A$4:$A$503,MATCH("Programado|10",os_chave,0))&" — "&INDEX(Programação!$C$4:$C$503,MATCH("Programado|10",os_chave,0))&CHAR(10)&LEFT(INDEX(Programação!$E$4:$E$503,MATCH("Programado|10",os_chave,0)),60)&CHAR(10)&"Prazo: "&IF(ISNUMBER(INDEX(Programação!$F$4:$F$503,MATCH("Programado|10",os_chave,0))),RIGHT("0"&DAY(INDEX(Programação!$F$4:$F$503,MATCH("Programado|10",os_chave,0))),2)&"/"&RIGHT("0"&MONTH(INDEX(Programação!$F$4:$F$503,MATCH("Programado|10",os_chave,0))),2)&"/"&YEAR(INDEX(Programação!$F$4:$F$503,MATCH("Programado|10",os_chave,0))),"—")&" | "&INDEX(Programação!$J$4:$J$503,MATCH("Programado|10",os_chave,0)),"") | C14: =IFERROR(INDEX(Programação!$A$4:$A$503,MATCH("Em andamento|10",os_chave,0))&" — "&INDEX(Programação!$C$4:$C$503,MATCH("Em andamento|10",os_chave,0))&CHAR(10)&LEFT(INDEX(Programação!$E$4:$E$503,MATCH("Em andamento|10",os_chave,0)),60)&CHAR(10)&"Prazo: "&IF(ISNUMBER(INDEX(Programação!$F$4:$F$503,MATCH("Em andamento|10",os_chave,0))),RIGHT("0"&DAY(INDEX(Programação!$F$4:$F$503,MATCH("Em andamento|10",os_chave,0))),2)&"/"&RIGHT("0"&MONTH(INDEX(Programação!$F$4:$F$503,MATCH("Em andamento|10",os_chave,0))),2)&"/"&YEAR(INDEX(Programação!$F$4:$F$503,MATCH("Em andamento|10",os_chave,0))),"—")&" | "&INDEX(Programação!$J$4:$J$503,MATCH("Em andamento|10",os_chave,0)),"") | D14: =IFERROR(INDEX(Programação!$A$4:$A$503,MATCH("Atrasado|10",os_chave,0))&" — "&INDEX(Programação!$C$4:$C$503,MATCH("Atrasado|10",os_chave,0))&CHAR(10)&LEFT(INDEX(Programação!$E$4:$E$503,MATCH("Atrasado|10",os_chave,0)),60)&CHAR(10)&"Prazo: "&IF(ISNUMBER(INDEX(Programação!$F$4:$F$503,MATCH("Atrasado|10",os_chave,0))),RIGHT("0"&DAY(INDEX(Programação!$F$4:$F$503,MATCH("Atrasado|10",os_chave,0))),2)&"/"&RIGHT("0"&MONTH(INDEX(Programação!$F$4:$F$503,MATCH("Atrasado|10",os_chave,0))),2)&"/"&YEAR(INDEX(Programação!$F$4:$F$503,MATCH("Atrasado|10",os_chave,0))),"—")&" | "&INDEX(Programação!$J$4:$J$503,MATCH("Atrasado|10",os_chave,0)),"") | E14: =IFERROR(INDEX(Programação!$A$4:$A$503,MATCH("Concluído|10",os_chave,0))&" — "&INDEX(Programação!$C$4:$C$503,MATCH("Concluído|10",os_chave,0))&CHAR(10)&LEFT(INDEX(Programação!$E$4:$E$503,MATCH("Concluído|10",os_chave,0)),60)&CHAR(10)&"Prazo: "&IF(ISNUMBER(INDEX(Programação!$F$4:$F$503,MATCH("Concluído|10",os_chave,0))),RIGHT("0"&DAY(INDEX(Programação!$F$4:$F$503,MATCH("Concluído|10",os_chave,0))),2)&"/"&RIGHT("0"&MONTH(INDEX(Programação!$F$4:$F$503,MATCH("Concluído|10",os_chave,0))),2)&"/"&YEAR(INDEX(Programação!$F$4:$F$503,MATCH("Concluído|10",os_chave,0))),"—")&" | "&INDEX(Programação!$J$4:$J$503,MATCH("Concluído|10",os_chave,0)),"") | F14: =IFERROR(INDEX(Programação!$A$4:$A$503,MATCH("Backlog|10",os_chave,0))&" — "&INDEX(Programação!$C$4:$C$503,MATCH("Backlog|10",os_chave,0))&CHAR(10)&LEFT(INDEX(Programação!$E$4:$E$503,MATCH("Backlog|10",os_chave,0)),60)&CHAR(10)&"Prazo: "&IF(ISNUMBER(INDEX(Programação!$F$4:$F$503,MATCH("Backlog|10",os_chave,0))),RIGHT("0"&DAY(INDEX(Programação!$F$4:$F$503,MATCH("Backlog|10",os_chave,0))),2)&"/"&RIGHT("0"&MONTH(INDEX(Programação!$F$4:$F$503,MATCH("Backlog|10",os_chave,0))),2)&"/"&YEAR(INDEX(Programação!$F$4:$F$503,MATCH("Backlog|10",os_chave,0))),"—")&" | "&INDEX(Programação!$J$4:$J$503,MATCH("Backlog|10",os_chave,0)),"")
A15: 11 | B15: =IFERROR(INDEX(Programação!$A$4:$A$503,MATCH("Programado|11",os_chave,0))&" — "&INDEX(Programação!$C$4:$C$503,MATCH("Programado|11",os_chave,0))&CHAR(10)&LEFT(INDEX(Programação!$E$4:$E$503,MATCH("Programado|11",os_chave,0)),60)&CHAR(10)&"Prazo: "&IF(ISNUMBER(INDEX(Programação!$F$4:$F$503,MATCH("Programado|11",os_chave,0))),RIGHT("0"&DAY(INDEX(Programação!$F$4:$F$503,MATCH("Programado|11",os_chave,0))),2)&"/"&RIGHT("0"&MONTH(INDEX(Programação!$F$4:$F$503,MATCH("Programado|11",os_chave,0))),2)&"/"&YEAR(INDEX(Programação!$F$4:$F$503,MATCH("Programado|11",os_chave,0))),"—")&" | "&INDEX(Programação!$J$4:$J$503,MATCH("Programado|11",os_chave,0)),"") | C15: =IFERROR(INDEX(Programação!$A$4:$A$503,MATCH("Em andamento|11",os_chave,0))&" — "&INDEX(Programação!$C$4:$C$503,MATCH("Em andamento|11",os_chave,0))&CHAR(10)&LEFT(INDEX(Programação!$E$4:$E$503,MATCH("Em andamento|11",os_chave,0)),60)&CHAR(10)&"Prazo: "&IF(ISNUMBER(INDEX(Programação!$F$4:$F$503,MATCH("Em andamento|11",os_chave,0))),RIGHT("0"&DAY(INDEX(Programação!$F$4:$F$503,MATCH("Em andamento|11",os_chave,0))),2)&"/"&RIGHT("0"&MONTH(INDEX(Programação!$F$4:$F$503,MATCH("Em andamento|11",os_chave,0))),2)&"/"&YEAR(INDEX(Programação!$F$4:$F$503,MATCH("Em andamento|11",os_chave,0))),"—")&" | "&INDEX(Programação!$J$4:$J$503,MATCH("Em andamento|11",os_chave,0)),"") | D15: =IFERROR(INDEX(Programação!$A$4:$A$503,MATCH("Atrasado|11",os_chave,0))&" — "&INDEX(Programação!$C$4:$C$503,MATCH("Atrasado|11",os_chave,0))&CHAR(10)&LEFT(INDEX(Programação!$E$4:$E$503,MATCH("Atrasado|11",os_chave,0)),60)&CHAR(10)&"Prazo: "&IF(ISNUMBER(INDEX(Programação!$F$4:$F$503,MATCH("Atrasado|11",os_chave,0))),RIGHT("0"&DAY(INDEX(Programação!$F$4:$F$503,MATCH("Atrasado|11",os_chave,0))),2)&"/"&RIGHT("0"&MONTH(INDEX(Programação!$F$4:$F$503,MATCH("Atrasado|11",os_chave,0))),2)&"/"&YEAR(INDEX(Programação!$F$4:$F$503,MATCH("Atrasado|11",os_chave,0))),"—")&" | "&INDEX(Programação!$J$4:$J$503,MATCH("Atrasado|11",os_chave,0)),"") | E15: =IFERROR(INDEX(Programação!$A$4:$A$503,MATCH("Concluído|11",os_chave,0))&" — "&INDEX(Programação!$C$4:$C$503,MATCH("Concluído|11",os_chave,0))&CHAR(10)&LEFT(INDEX(Programação!$E$4:$E$503,MATCH("Concluído|11",os_chave,0)),60)&CHAR(10)&"Prazo: "&IF(ISNUMBER(INDEX(Programação!$F$4:$F$503,MATCH("Concluído|11",os_chave,0))),RIGHT("0"&DAY(INDEX(Programação!$F$4:$F$503,MATCH("Concluído|11",os_chave,0))),2)&"/"&RIGHT("0"&MONTH(INDEX(Programação!$F$4:$F$503,MATCH("Concluído|11",os_chave,0))),2)&"/"&YEAR(INDEX(Programação!$F$4:$F$503,MATCH("Concluído|11",os_chave,0))),"—")&" | "&INDEX(Programação!$J$4:$J$503,MATCH("Concluído|11",os_chave,0)),"") | F15: =IFERROR(INDEX(Programação!$A$4:$A$503,MATCH("Backlog|11",os_chave,0))&" — "&INDEX(Programação!$C$4:$C$503,MATCH("Backlog|11",os_chave,0))&CHAR(10)&LEFT(INDEX(Programação!$E$4:$E$503,MATCH("Backlog|11",os_chave,0)),60)&CHAR(10)&"Prazo: "&IF(ISNUMBER(INDEX(Programação!$F$4:$F$503,MATCH("Backlog|11",os_chave,0))),RIGHT("0"&DAY(INDEX(Programação!$F$4:$F$503,MATCH("Backlog|11",os_chave,0))),2)&"/"&RIGHT("0"&MONTH(INDEX(Programação!$F$4:$F$503,MATCH("Backlog|11",os_chave,0))),2)&"/"&YEAR(INDEX(Programação!$F$4:$F$503,MATCH("Backlog|11",os_chave,0))),"—")&" | "&INDEX(Programação!$J$4:$J$503,MATCH("Backlog|11",os_chave,0)),"")
A16: 12 | B16: =IFERROR(INDEX(Programação!$A$4:$A$503,MATCH("Programado|12",os_chave,0))&" — "&INDEX(Programação!$C$4:$C$503,MATCH("Programado|12",os_chave,0))&CHAR(10)&LEFT(INDEX(Programação!$E$4:$E$503,MATCH("Programado|12",os_chave,0)),60)&CHAR(10)&"Prazo: "&IF(ISNUMBER(INDEX(Programação!$F$4:$F$503,MATCH("Programado|12",os_chave,0))),RIGHT("0"&DAY(INDEX(Programação!$F$4:$F$503,MATCH("Programado|12",os_chave,0))),2)&"/"&RIGHT("0"&MONTH(INDEX(Programação!$F$4:$F$503,MATCH("Programado|12",os_chave,0))),2)&"/"&YEAR(INDEX(Programação!$F$4:$F$503,MATCH("Programado|12",os_chave,0))),"—")&" | "&INDEX(Programação!$J$4:$J$503,MATCH("Programado|12",os_chave,0)),"") | C16: =IFERROR(INDEX(Programação!$A$4:$A$503,MATCH("Em andamento|12",os_chave,0))&" — "&INDEX(Programação!$C$4:$C$503,MATCH("Em andamento|12",os_chave,0))&CHAR(10)&LEFT(INDEX(Programação!$E$4:$E$503,MATCH("Em andamento|12",os_chave,0)),60)&CHAR(10)&"Prazo: "&IF(ISNUMBER(INDEX(Programação!$F$4:$F$503,MATCH("Em andamento|12",os_chave,0))),RIGHT("0"&DAY(INDEX(Programação!$F$4:$F$503,MATCH("Em andamento|12",os_chave,0))),2)&"/"&RIGHT("0"&MONTH(INDEX(Programação!$F$4:$F$503,MATCH("Em andamento|12",os_chave,0))),2)&"/"&YEAR(INDEX(Programação!$F$4:$F$503,MATCH("Em andamento|12",os_chave,0))),"—")&" | "&INDEX(Programação!$J$4:$J$503,MATCH("Em andamento|12",os_chave,0)),"") | D16: =IFERROR(INDEX(Programação!$A$4:$A$503,MATCH("Atrasado|12",os_chave,0))&" — "&INDEX(Programação!$C$4:$C$503,MATCH("Atrasado|12",os_chave,0))&CHAR(10)&LEFT(INDEX(Programação!$E$4:$E$503,MATCH("Atrasado|12",os_chave,0)),60)&CHAR(10)&"Prazo: "&IF(ISNUMBER(INDEX(Programação!$F$4:$F$503,MATCH("Atrasado|12",os_chave,0))),RIGHT("0"&DAY(INDEX(Programação!$F$4:$F$503,MATCH("Atrasado|12",os_chave,0))),2)&"/"&RIGHT("0"&MONTH(INDEX(Programação!$F$4:$F$503,MATCH("Atrasado|12",os_chave,0))),2)&"/"&YEAR(INDEX(Programação!$F$4:$F$503,MATCH("Atrasado|12",os_chave,0))),"—")&" | "&INDEX(Programação!$J$4:$J$503,MATCH("Atrasado|12",os_chave,0)),"") | E16: =IFERROR(INDEX(Programação!$A$4:$A$503,MATCH("Concluído|12",os_chave,0))&" — "&INDEX(Programação!$C$4:$C$503,MATCH("Concluído|12",os_chave,0))&CHAR(10)&LEFT(INDEX(Programação!$E$4:$E$503,MATCH("Concluído|12",os_chave,0)),60)&CHAR(10)&"Prazo: "&IF(ISNUMBER(INDEX(Programação!$F$4:$F$503,MATCH("Concluído|12",os_chave,0))),RIGHT("0"&DAY(INDEX(Programação!$F$4:$F$503,MATCH("Concluído|12",os_chave,0))),2)&"/"&RIGHT("0"&MONTH(INDEX(Programação!$F$4:$F$503,MATCH("Concluído|12",os_chave,0))),2)&"/"&YEAR(INDEX(Programação!$F$4:$F$503,MATCH("Concluído|12",os_chave,0))),"—")&" | "&INDEX(Programação!$J$4:$J$503,MATCH("Concluído|12",os_chave,0)),"") | F16: =IFERROR(INDEX(Programação!$A$4:$A$503,MATCH("Backlog|12",os_chave,0))&" — "&INDEX(Programação!$C$4:$C$503,MATCH("Backlog|12",os_chave,0))&CHAR(10)&LEFT(INDEX(Programação!$E$4:$E$503,MATCH("Backlog|12",os_chave,0)),60)&CHAR(10)&"Prazo: "&IF(ISNUMBER(INDEX(Programação!$F$4:$F$503,MATCH("Backlog|12",os_chave,0))),RIGHT("0"&DAY(INDEX(Programação!$F$4:$F$503,MATCH("Backlog|12",os_chave,0))),2)&"/"&RIGHT("0"&MONTH(INDEX(Programação!$F$4:$F$503,MATCH("Backlog|12",os_chave,0))),2)&"/"&YEAR(INDEX(Programação!$F$4:$F$503,MATCH("Backlog|12",os_chave,0))),"—")&" | "&INDEX(Programação!$J$4:$J$503,MATCH("Backlog|12",os_chave,0)),"")
A17: 13 | B17: =IFERROR(INDEX(Programação!$A$4:$A$503,MATCH("Programado|13",os_chave,0))&" — "&INDEX(Programação!$C$4:$C$503,MATCH("Programado|13",os_chave,0))&CHAR(10)&LEFT(INDEX(Programação!$E$4:$E$503,MATCH("Programado|13",os_chave,0)),60)&CHAR(10)&"Prazo: "&IF(ISNUMBER(INDEX(Programação!$F$4:$F$503,MATCH("Programado|13",os_chave,0))),RIGHT("0"&DAY(INDEX(Programação!$F$4:$F$503,MATCH("Programado|13",os_chave,0))),2)&"/"&RIGHT("0"&MONTH(INDEX(Programação!$F$4:$F$503,MATCH("Programado|13",os_chave,0))),2)&"/"&YEAR(INDEX(Programação!$F$4:$F$503,MATCH("Programado|13",os_chave,0))),"—")&" | "&INDEX(Programação!$J$4:$J$503,MATCH("Programado|13",os_chave,0)),"") | C17: =IFERROR(INDEX(Programação!$A$4:$A$503,MATCH("Em andamento|13",os_chave,0))&" — "&INDEX(Programação!$C$4:$C$503,MATCH("Em andamento|13",os_chave,0))&CHAR(10)&LEFT(INDEX(Programação!$E$4:$E$503,MATCH("Em andamento|13",os_chave,0)),60)&CHAR(10)&"Prazo: "&IF(ISNUMBER(INDEX(Programação!$F$4:$F$503,MATCH("Em andamento|13",os_chave,0))),RIGHT("0"&DAY(INDEX(Programação!$F$4:$F$503,MATCH("Em andamento|13",os_chave,0))),2)&"/"&RIGHT("0"&MONTH(INDEX(Programação!$F$4:$F$503,MATCH("Em andamento|13",os_chave,0))),2)&"/"&YEAR(INDEX(Programação!$F$4:$F$503,MATCH("Em andamento|13",os_chave,0))),"—")&" | "&INDEX(Programação!$J$4:$J$503,MATCH("Em andamento|13",os_chave,0)),"") | D17: =IFERROR(INDEX(Programação!$A$4:$A$503,MATCH("Atrasado|13",os_chave,0))&" — "&INDEX(Programação!$C$4:$C$503,MATCH("Atrasado|13",os_chave,0))&CHAR(10)&LEFT(INDEX(Programação!$E$4:$E$503,MATCH("Atrasado|13",os_chave,0)),60)&CHAR(10)&"Prazo: "&IF(ISNUMBER(INDEX(Programação!$F$4:$F$503,MATCH("Atrasado|13",os_chave,0))),RIGHT("0"&DAY(INDEX(Programação!$F$4:$F$503,MATCH("Atrasado|13",os_chave,0))),2)&"/"&RIGHT("0"&MONTH(INDEX(Programação!$F$4:$F$503,MATCH("Atrasado|13",os_chave,0))),2)&"/"&YEAR(INDEX(Programação!$F$4:$F$503,MATCH("Atrasado|13",os_chave,0))),"—")&" | "&INDEX(Programação!$J$4:$J$503,MATCH("Atrasado|13",os_chave,0)),"") | E17: =IFERROR(INDEX(Programação!$A$4:$A$503,MATCH("Concluído|13",os_chave,0))&" — "&INDEX(Programação!$C$4:$C$503,MATCH("Concluído|13",os_chave,0))&CHAR(10)&LEFT(INDEX(Programação!$E$4:$E$503,MATCH("Concluído|13",os_chave,0)),60)&CHAR(10)&"Prazo: "&IF(ISNUMBER(INDEX(Programação!$F$4:$F$503,MATCH("Concluído|13",os_chave,0))),RIGHT("0"&DAY(INDEX(Programação!$F$4:$F$503,MATCH("Concluído|13",os_chave,0))),2)&"/"&RIGHT("0"&MONTH(INDEX(Programação!$F$4:$F$503,MATCH("Concluído|13",os_chave,0))),2)&"/"&YEAR(INDEX(Programação!$F$4:$F$503,MATCH("Concluído|13",os_chave,0))),"—")&" | "&INDEX(Programação!$J$4:$J$503,MATCH("Concluído|13",os_chave,0)),"") | F17: =IFERROR(INDEX(Programação!$A$4:$A$503,MATCH("Backlog|13",os_chave,0))&" — "&INDEX(Programação!$C$4:$C$503,MATCH("Backlog|13",os_chave,0))&CHAR(10)&LEFT(INDEX(Programação!$E$4:$E$503,MATCH("Backlog|13",os_chave,0)),60)&CHAR(10)&"Prazo: "&IF(ISNUMBER(INDEX(Programação!$F$4:$F$503,MATCH("Backlog|13",os_chave,0))),RIGHT("0"&DAY(INDEX(Programação!$F$4:$F$503,MATCH("Backlog|13",os_chave,0))),2)&"/"&RIGHT("0"&MONTH(INDEX(Programação!$F$4:$F$503,MATCH("Backlog|13",os_chave,0))),2)&"/"&YEAR(INDEX(Programação!$F$4:$F$503,MATCH("Backlog|13",os_chave,0))),"—")&" | "&INDEX(Programação!$J$4:$J$503,MATCH("Backlog|13",os_chave,0)),"")
A18: 14 | B18: =IFERROR(INDEX(Programação!$A$4:$A$503,MATCH("Programado|14",os_chave,0))&" — "&INDEX(Programação!$C$4:$C$503,MATCH("Programado|14",os_chave,0))&CHAR(10)&LEFT(INDEX(Programação!$E$4:$E$503,MATCH("Programado|14",os_chave,0)),60)&CHAR(10)&"Prazo: "&IF(ISNUMBER(INDEX(Programação!$F$4:$F$503,MATCH("Programado|14",os_chave,0))),RIGHT("0"&DAY(INDEX(Programação!$F$4:$F$503,MATCH("Programado|14",os_chave,0))),2)&"/"&RIGHT("0"&MONTH(INDEX(Programação!$F$4:$F$503,MATCH("Programado|14",os_chave,0))),2)&"/"&YEAR(INDEX(Programação!$F$4:$F$503,MATCH("Programado|14",os_chave,0))),"—")&" | "&INDEX(Programação!$J$4:$J$503,MATCH("Programado|14",os_chave,0)),"") | C18: =IFERROR(INDEX(Programação!$A$4:$A$503,MATCH("Em andamento|14",os_chave,0))&" — "&INDEX(Programação!$C$4:$C$503,MATCH("Em andamento|14",os_chave,0))&CHAR(10)&LEFT(INDEX(Programação!$E$4:$E$503,MATCH("Em andamento|14",os_chave,0)),60)&CHAR(10)&"Prazo: "&IF(ISNUMBER(INDEX(Programação!$F$4:$F$503,MATCH("Em andamento|14",os_chave,0))),RIGHT("0"&DAY(INDEX(Programação!$F$4:$F$503,MATCH("Em andamento|14",os_chave,0))),2)&"/"&RIGHT("0"&MONTH(INDEX(Programação!$F$4:$F$503,MATCH("Em andamento|14",os_chave,0))),2)&"/"&YEAR(INDEX(Programação!$F$4:$F$503,MATCH("Em andamento|14",os_chave,0))),"—")&" | "&INDEX(Programação!$J$4:$J$503,MATCH("Em andamento|14",os_chave,0)),"") | D18: =IFERROR(INDEX(Programação!$A$4:$A$503,MATCH("Atrasado|14",os_chave,0))&" — "&INDEX(Programação!$C$4:$C$503,MATCH("Atrasado|14",os_chave,0))&CHAR(10)&LEFT(INDEX(Programação!$E$4:$E$503,MATCH("Atrasado|14",os_chave,0)),60)&CHAR(10)&"Prazo: "&IF(ISNUMBER(INDEX(Programação!$F$4:$F$503,MATCH("Atrasado|14",os_chave,0))),RIGHT("0"&DAY(INDEX(Programação!$F$4:$F$503,MATCH("Atrasado|14",os_chave,0))),2)&"/"&RIGHT("0"&MONTH(INDEX(Programação!$F$4:$F$503,MATCH("Atrasado|14",os_chave,0))),2)&"/"&YEAR(INDEX(Programação!$F$4:$F$503,MATCH("Atrasado|14",os_chave,0))),"—")&" | "&INDEX(Programação!$J$4:$J$503,MATCH("Atrasado|14",os_chave,0)),"") | E18: =IFERROR(INDEX(Programação!$A$4:$A$503,MATCH("Concluído|14",os_chave,0))&" — "&INDEX(Programação!$C$4:$C$503,MATCH("Concluído|14",os_chave,0))&CHAR(10)&LEFT(INDEX(Programação!$E$4:$E$503,MATCH("Concluído|14",os_chave,0)),60)&CHAR(10)&"Prazo: "&IF(ISNUMBER(INDEX(Programação!$F$4:$F$503,MATCH("Concluído|14",os_chave,0))),RIGHT("0"&DAY(INDEX(Programação!$F$4:$F$503,MATCH("Concluído|14",os_chave,0))),2)&"/"&RIGHT("0"&MONTH(INDEX(Programação!$F$4:$F$503,MATCH("Concluído|14",os_chave,0))),2)&"/"&YEAR(INDEX(Programação!$F$4:$F$503,MATCH("Concluído|14",os_chave,0))),"—")&" | "&INDEX(Programação!$J$4:$J$503,MATCH("Concluído|14",os_chave,0)),"") | F18: =IFERROR(INDEX(Programação!$A$4:$A$503,MATCH("Backlog|14",os_chave,0))&" — "&INDEX(Programação!$C$4:$C$503,MATCH("Backlog|14",os_chave,0))&CHAR(10)&LEFT(INDEX(Programação!$E$4:$E$503,MATCH("Backlog|14",os_chave,0)),60)&CHAR(10)&"Prazo: "&IF(ISNUMBER(INDEX(Programação!$F$4:$F$503,MATCH("Backlog|14",os_chave,0))),RIGHT("0"&DAY(INDEX(Programação!$F$4:$F$503,MATCH("Backlog|14",os_chave,0))),2)&"/"&RIGHT("0"&MONTH(INDEX(Programação!$F$4:$F$503,MATCH("Backlog|14",os_chave,0))),2)&"/"&YEAR(INDEX(Programação!$F$4:$F$503,MATCH("Backlog|14",os_chave,0))),"—")&" | "&INDEX(Programação!$J$4:$J$503,MATCH("Backlog|14",os_chave,0)),"")
A19: 15 | B19: =IFERROR(INDEX(Programação!$A$4:$A$503,MATCH("Programado|15",os_chave,0))&" — "&INDEX(Programação!$C$4:$C$503,MATCH("Programado|15",os_chave,0))&CHAR(10)&LEFT(INDEX(Programação!$E$4:$E$503,MATCH("Programado|15",os_chave,0)),60)&CHAR(10)&"Prazo: "&IF(ISNUMBER(INDEX(Programação!$F$4:$F$503,MATCH("Programado|15",os_chave,0))),RIGHT("0"&DAY(INDEX(Programação!$F$4:$F$503,MATCH("Programado|15",os_chave,0))),2)&"/"&RIGHT("0"&MONTH(INDEX(Programação!$F$4:$F$503,MATCH("Programado|15",os_chave,0))),2)&"/"&YEAR(INDEX(Programação!$F$4:$F$503,MATCH("Programado|15",os_chave,0))),"—")&" | "&INDEX(Programação!$J$4:$J$503,MATCH("Programado|15",os_chave,0)),"") | C19: =IFERROR(INDEX(Programação!$A$4:$A$503,MATCH("Em andamento|15",os_chave,0))&" — "&INDEX(Programação!$C$4:$C$503,MATCH("Em andamento|15",os_chave,0))&CHAR(10)&LEFT(INDEX(Programação!$E$4:$E$503,MATCH("Em andamento|15",os_chave,0)),60)&CHAR(10)&"Prazo: "&IF(ISNUMBER(INDEX(Programação!$F$4:$F$503,MATCH("Em andamento|15",os_chave,0))),RIGHT("0"&DAY(INDEX(Programação!$F$4:$F$503,MATCH("Em andamento|15",os_chave,0))),2)&"/"&RIGHT("0"&MONTH(INDEX(Programação!$F$4:$F$503,MATCH("Em andamento|15",os_chave,0))),2)&"/"&YEAR(INDEX(Programação!$F$4:$F$503,MATCH("Em andamento|15",os_chave,0))),"—")&" | "&INDEX(Programação!$J$4:$J$503,MATCH("Em andamento|15",os_chave,0)),"") | D19: =IFERROR(INDEX(Programação!$A$4:$A$503,MATCH("Atrasado|15",os_chave,0))&" — "&INDEX(Programação!$C$4:$C$503,MATCH("Atrasado|15",os_chave,0))&CHAR(10)&LEFT(INDEX(Programação!$E$4:$E$503,MATCH("Atrasado|15",os_chave,0)),60)&CHAR(10)&"Prazo: "&IF(ISNUMBER(INDEX(Programação!$F$4:$F$503,MATCH("Atrasado|15",os_chave,0))),RIGHT("0"&DAY(INDEX(Programação!$F$4:$F$503,MATCH("Atrasado|15",os_chave,0))),2)&"/"&RIGHT("0"&MONTH(INDEX(Programação!$F$4:$F$503,MATCH("Atrasado|15",os_chave,0))),2)&"/"&YEAR(INDEX(Programação!$F$4:$F$503,MATCH("Atrasado|15",os_chave,0))),"—")&" | "&INDEX(Programação!$J$4:$J$503,MATCH("Atrasado|15",os_chave,0)),"") | E19: =IFERROR(INDEX(Programação!$A$4:$A$503,MATCH("Concluído|15",os_chave,0))&" — "&INDEX(Programação!$C$4:$C$503,MATCH("Concluído|15",os_chave,0))&CHAR(10)&LEFT(INDEX(Programação!$E$4:$E$503,MATCH("Concluído|15",os_chave,0)),60)&CHAR(10)&"Prazo: "&IF(ISNUMBER(INDEX(Programação!$F$4:$F$503,MATCH("Concluído|15",os_chave,0))),RIGHT("0"&DAY(INDEX(Programação!$F$4:$F$503,MATCH("Concluído|15",os_chave,0))),2)&"/"&RIGHT("0"&MONTH(INDEX(Programação!$F$4:$F$503,MATCH("Concluído|15",os_chave,0))),2)&"/"&YEAR(INDEX(Programação!$F$4:$F$503,MATCH("Concluído|15",os_chave,0))),"—")&" | "&INDEX(Programação!$J$4:$J$503,MATCH("Concluído|15",os_chave,0)),"") | F19: =IFERROR(INDEX(Programação!$A$4:$A$503,MATCH("Backlog|15",os_chave,0))&" — "&INDEX(Programação!$C$4:$C$503,MATCH("Backlog|15",os_chave,0))&CHAR(10)&LEFT(INDEX(Programação!$E$4:$E$503,MATCH("Backlog|15",os_chave,0)),60)&CHAR(10)&"Prazo: "&IF(ISNUMBER(INDEX(Programação!$F$4:$F$503,MATCH("Backlog|15",os_chave,0))),RIGHT("0"&DAY(INDEX(Programação!$F$4:$F$503,MATCH("Backlog|15",os_chave,0))),2)&"/"&RIGHT("0"&MONTH(INDEX(Programação!$F$4:$F$503,MATCH("Backlog|15",os_chave,0))),2)&"/"&YEAR(INDEX(Programação!$F$4:$F$503,MATCH("Backlog|15",os_chave,0))),"—")&" | "&INDEX(Programação!$J$4:$J$503,MATCH("Backlog|15",os_chave,0)),"")
A20: 16 | B20: =IFERROR(INDEX(Programação!$A$4:$A$503,MATCH("Programado|16",os_chave,0))&" — "&INDEX(Programação!$C$4:$C$503,MATCH("Programado|16",os_chave,0))&CHAR(10)&LEFT(INDEX(Programação!$E$4:$E$503,MATCH("Programado|16",os_chave,0)),60)&CHAR(10)&"Prazo: "&IF(ISNUMBER(INDEX(Programação!$F$4:$F$503,MATCH("Programado|16",os_chave,0))),RIGHT("0"&DAY(INDEX(Programação!$F$4:$F$503,MATCH("Programado|16",os_chave,0))),2)&"/"&RIGHT("0"&MONTH(INDEX(Programação!$F$4:$F$503,MATCH("Programado|16",os_chave,0))),2)&"/"&YEAR(INDEX(Programação!$F$4:$F$503,MATCH("Programado|16",os_chave,0))),"—")&" | "&INDEX(Programação!$J$4:$J$503,MATCH("Programado|16",os_chave,0)),"") | C20: =IFERROR(INDEX(Programação!$A$4:$A$503,MATCH("Em andamento|16",os_chave,0))&" — "&INDEX(Programação!$C$4:$C$503,MATCH("Em andamento|16",os_chave,0))&CHAR(10)&LEFT(INDEX(Programação!$E$4:$E$503,MATCH("Em andamento|16",os_chave,0)),60)&CHAR(10)&"Prazo: "&IF(ISNUMBER(INDEX(Programação!$F$4:$F$503,MATCH("Em andamento|16",os_chave,0))),RIGHT("0"&DAY(INDEX(Programação!$F$4:$F$503,MATCH("Em andamento|16",os_chave,0))),2)&"/"&RIGHT("0"&MONTH(INDEX(Programação!$F$4:$F$503,MATCH("Em andamento|16",os_chave,0))),2)&"/"&YEAR(INDEX(Programação!$F$4:$F$503,MATCH("Em andamento|16",os_chave,0))),"—")&" | "&INDEX(Programação!$J$4:$J$503,MATCH("Em andamento|16",os_chave,0)),"") | D20: =IFERROR(INDEX(Programação!$A$4:$A$503,MATCH("Atrasado|16",os_chave,0))&" — "&INDEX(Programação!$C$4:$C$503,MATCH("Atrasado|16",os_chave,0))&CHAR(10)&LEFT(INDEX(Programação!$E$4:$E$503,MATCH("Atrasado|16",os_chave,0)),60)&CHAR(10)&"Prazo: "&IF(ISNUMBER(INDEX(Programação!$F$4:$F$503,MATCH("Atrasado|16",os_chave,0))),RIGHT("0"&DAY(INDEX(Programação!$F$4:$F$503,MATCH("Atrasado|16",os_chave,0))),2)&"/"&RIGHT("0"&MONTH(INDEX(Programação!$F$4:$F$503,MATCH("Atrasado|16",os_chave,0))),2)&"/"&YEAR(INDEX(Programação!$F$4:$F$503,MATCH("Atrasado|16",os_chave,0))),"—")&" | "&INDEX(Programação!$J$4:$J$503,MATCH("Atrasado|16",os_chave,0)),"") | E20: =IFERROR(INDEX(Programação!$A$4:$A$503,MATCH("Concluído|16",os_chave,0))&" — "&INDEX(Programação!$C$4:$C$503,MATCH("Concluído|16",os_chave,0))&CHAR(10)&LEFT(INDEX(Programação!$E$4:$E$503,MATCH("Concluído|16",os_chave,0)),60)&CHAR(10)&"Prazo: "&IF(ISNUMBER(INDEX(Programação!$F$4:$F$503,MATCH("Concluído|16",os_chave,0))),RIGHT("0"&DAY(INDEX(Programação!$F$4:$F$503,MATCH("Concluído|16",os_chave,0))),2)&"/"&RIGHT("0"&MONTH(INDEX(Programação!$F$4:$F$503,MATCH("Concluído|16",os_chave,0))),2)&"/"&YEAR(INDEX(Programação!$F$4:$F$503,MATCH("Concluído|16",os_chave,0))),"—")&" | "&INDEX(Programação!$J$4:$J$503,MATCH("Concluído|16",os_chave,0)),"") | F20: =IFERROR(INDEX(Programação!$A$4:$A$503,MATCH("Backlog|16",os_chave,0))&" — "&INDEX(Programação!$C$4:$C$503,MATCH("Backlog|16",os_chave,0))&CHAR(10)&LEFT(INDEX(Programação!$E$4:$E$503,MATCH("Backlog|16",os_chave,0)),60)&CHAR(10)&"Prazo: "&IF(ISNUMBER(INDEX(Programação!$F$4:$F$503,MATCH("Backlog|16",os_chave,0))),RIGHT("0"&DAY(INDEX(Programação!$F$4:$F$503,MATCH("Backlog|16",os_chave,0))),2)&"/"&RIGHT("0"&MONTH(INDEX(Programação!$F$4:$F$503,MATCH("Backlog|16",os_chave,0))),2)&"/"&YEAR(INDEX(Programação!$F$4:$F$503,MATCH("Backlog|16",os_chave,0))),"—")&" | "&INDEX(Programação!$J$4:$J$503,MATCH("Backlog|16",os_chave,0)),"")
A21: 17 | B21: =IFERROR(INDEX(Programação!$A$4:$A$503,MATCH("Programado|17",os_chave,0))&" — "&INDEX(Programação!$C$4:$C$503,MATCH("Programado|17",os_chave,0))&CHAR(10)&LEFT(INDEX(Programação!$E$4:$E$503,MATCH("Programado|17",os_chave,0)),60)&CHAR(10)&"Prazo: "&IF(ISNUMBER(INDEX(Programação!$F$4:$F$503,MATCH("Programado|17",os_chave,0))),RIGHT("0"&DAY(INDEX(Programação!$F$4:$F$503,MATCH("Programado|17",os_chave,0))),2)&"/"&RIGHT("0"&MONTH(INDEX(Programação!$F$4:$F$503,MATCH("Programado|17",os_chave,0))),2)&"/"&YEAR(INDEX(Programação!$F$4:$F$503,MATCH("Programado|17",os_chave,0))),"—")&" | "&INDEX(Programação!$J$4:$J$503,MATCH("Programado|17",os_chave,0)),"") | C21: =IFERROR(INDEX(Programação!$A$4:$A$503,MATCH("Em andamento|17",os_chave,0))&" — "&INDEX(Programação!$C$4:$C$503,MATCH("Em andamento|17",os_chave,0))&CHAR(10)&LEFT(INDEX(Programação!$E$4:$E$503,MATCH("Em andamento|17",os_chave,0)),60)&CHAR(10)&"Prazo: "&IF(ISNUMBER(INDEX(Programação!$F$4:$F$503,MATCH("Em andamento|17",os_chave,0))),RIGHT("0"&DAY(INDEX(Programação!$F$4:$F$503,MATCH("Em andamento|17",os_chave,0))),2)&"/"&RIGHT("0"&MONTH(INDEX(Programação!$F$4:$F$503,MATCH("Em andamento|17",os_chave,0))),2)&"/"&YEAR(INDEX(Programação!$F$4:$F$503,MATCH("Em andamento|17",os_chave,0))),"—")&" | "&INDEX(Programação!$J$4:$J$503,MATCH("Em andamento|17",os_chave,0)),"") | D21: =IFERROR(INDEX(Programação!$A$4:$A$503,MATCH("Atrasado|17",os_chave,0))&" — "&INDEX(Programação!$C$4:$C$503,MATCH("Atrasado|17",os_chave,0))&CHAR(10)&LEFT(INDEX(Programação!$E$4:$E$503,MATCH("Atrasado|17",os_chave,0)),60)&CHAR(10)&"Prazo: "&IF(ISNUMBER(INDEX(Programação!$F$4:$F$503,MATCH("Atrasado|17",os_chave,0))),RIGHT("0"&DAY(INDEX(Programação!$F$4:$F$503,MATCH("Atrasado|17",os_chave,0))),2)&"/"&RIGHT("0"&MONTH(INDEX(Programação!$F$4:$F$503,MATCH("Atrasado|17",os_chave,0))),2)&"/"&YEAR(INDEX(Programação!$F$4:$F$503,MATCH("Atrasado|17",os_chave,0))),"—")&" | "&INDEX(Programação!$J$4:$J$503,MATCH("Atrasado|17",os_chave,0)),"") | E21: =IFERROR(INDEX(Programação!$A$4:$A$503,MATCH("Concluído|17",os_chave,0))&" — "&INDEX(Programação!$C$4:$C$503,MATCH("Concluído|17",os_chave,0))&CHAR(10)&LEFT(INDEX(Programação!$E$4:$E$503,MATCH("Concluído|17",os_chave,0)),60)&CHAR(10)&"Prazo: "&IF(ISNUMBER(INDEX(Programação!$F$4:$F$503,MATCH("Concluído|17",os_chave,0))),RIGHT("0"&DAY(INDEX(Programação!$F$4:$F$503,MATCH("Concluído|17",os_chave,0))),2)&"/"&RIGHT("0"&MONTH(INDEX(Programação!$F$4:$F$503,MATCH("Concluído|17",os_chave,0))),2)&"/"&YEAR(INDEX(Programação!$F$4:$F$503,MATCH("Concluído|17",os_chave,0))),"—")&" | "&INDEX(Programação!$J$4:$J$503,MATCH("Concluído|17",os_chave,0)),"") | F21: =IFERROR(INDEX(Programação!$A$4:$A$503,MATCH("Backlog|17",os_chave,0))&" — "&INDEX(Programação!$C$4:$C$503,MATCH("Backlog|17",os_chave,0))&CHAR(10)&LEFT(INDEX(Programação!$E$4:$E$503,MATCH("Backlog|17",os_chave,0)),60)&CHAR(10)&"Prazo: "&IF(ISNUMBER(INDEX(Programação!$F$4:$F$503,MATCH("Backlog|17",os_chave,0))),RIGHT("0"&DAY(INDEX(Programação!$F$4:$F$503,MATCH("Backlog|17",os_chave,0))),2)&"/"&RIGHT("0"&MONTH(INDEX(Programação!$F$4:$F$503,MATCH("Backlog|17",os_chave,0))),2)&"/"&YEAR(INDEX(Programação!$F$4:$F$503,MATCH("Backlog|17",os_chave,0))),"—")&" | "&INDEX(Programação!$J$4:$J$503,MATCH("Backlog|17",os_chave,0)),"")
A22: 18 | B22: =IFERROR(INDEX(Programação!$A$4:$A$503,MATCH("Programado|18",os_chave,0))&" — "&INDEX(Programação!$C$4:$C$503,MATCH("Programado|18",os_chave,0))&CHAR(10)&LEFT(INDEX(Programação!$E$4:$E$503,MATCH("Programado|18",os_chave,0)),60)&CHAR(10)&"Prazo: "&IF(ISNUMBER(INDEX(Programação!$F$4:$F$503,MATCH("Programado|18",os_chave,0))),RIGHT("0"&DAY(INDEX(Programação!$F$4:$F$503,MATCH("Programado|18",os_chave,0))),2)&"/"&RIGHT("0"&MONTH(INDEX(Programação!$F$4:$F$503,MATCH("Programado|18",os_chave,0))),2)&"/"&YEAR(INDEX(Programação!$F$4:$F$503,MATCH("Programado|18",os_chave,0))),"—")&" | "&INDEX(Programação!$J$4:$J$503,MATCH("Programado|18",os_chave,0)),"") | C22: =IFERROR(INDEX(Programação!$A$4:$A$503,MATCH("Em andamento|18",os_chave,0))&" — "&INDEX(Programação!$C$4:$C$503,MATCH("Em andamento|18",os_chave,0))&CHAR(10)&LEFT(INDEX(Programação!$E$4:$E$503,MATCH("Em andamento|18",os_chave,0)),60)&CHAR(10)&"Prazo: "&IF(ISNUMBER(INDEX(Programação!$F$4:$F$503,MATCH("Em andamento|18",os_chave,0))),RIGHT("0"&DAY(INDEX(Programação!$F$4:$F$503,MATCH("Em andamento|18",os_chave,0))),2)&"/"&RIGHT("0"&MONTH(INDEX(Programação!$F$4:$F$503,MATCH("Em andamento|18",os_chave,0))),2)&"/"&YEAR(INDEX(Programação!$F$4:$F$503,MATCH("Em andamento|18",os_chave,0))),"—")&" | "&INDEX(Programação!$J$4:$J$503,MATCH("Em andamento|18",os_chave,0)),"") | D22: =IFERROR(INDEX(Programação!$A$4:$A$503,MATCH("Atrasado|18",os_chave,0))&" — "&INDEX(Programação!$C$4:$C$503,MATCH("Atrasado|18",os_chave,0))&CHAR(10)&LEFT(INDEX(Programação!$E$4:$E$503,MATCH("Atrasado|18",os_chave,0)),60)&CHAR(10)&"Prazo: "&IF(ISNUMBER(INDEX(Programação!$F$4:$F$503,MATCH("Atrasado|18",os_chave,0))),RIGHT("0"&DAY(INDEX(Programação!$F$4:$F$503,MATCH("Atrasado|18",os_chave,0))),2)&"/"&RIGHT("0"&MONTH(INDEX(Programação!$F$4:$F$503,MATCH("Atrasado|18",os_chave,0))),2)&"/"&YEAR(INDEX(Programação!$F$4:$F$503,MATCH("Atrasado|18",os_chave,0))),"—")&" | "&INDEX(Programação!$J$4:$J$503,MATCH("Atrasado|18",os_chave,0)),"") | E22: =IFERROR(INDEX(Programação!$A$4:$A$503,MATCH("Concluído|18",os_chave,0))&" — "&INDEX(Programação!$C$4:$C$503,MATCH("Concluído|18",os_chave,0))&CHAR(10)&LEFT(INDEX(Programação!$E$4:$E$503,MATCH("Concluído|18",os_chave,0)),60)&CHAR(10)&"Prazo: "&IF(ISNUMBER(INDEX(Programação!$F$4:$F$503,MATCH("Concluído|18",os_chave,0))),RIGHT("0"&DAY(INDEX(Programação!$F$4:$F$503,MATCH("Concluído|18",os_chave,0))),2)&"/"&RIGHT("0"&MONTH(INDEX(Programação!$F$4:$F$503,MATCH("Concluído|18",os_chave,0))),2)&"/"&YEAR(INDEX(Programação!$F$4:$F$503,MATCH("Concluído|18",os_chave,0))),"—")&" | "&INDEX(Programação!$J$4:$J$503,MATCH("Concluído|18",os_chave,0)),"") | F22: =IFERROR(INDEX(Programação!$A$4:$A$503,MATCH("Backlog|18",os_chave,0))&" — "&INDEX(Programação!$C$4:$C$503,MATCH("Backlog|18",os_chave,0))&CHAR(10)&LEFT(INDEX(Programação!$E$4:$E$503,MATCH("Backlog|18",os_chave,0)),60)&CHAR(10)&"Prazo: "&IF(ISNUMBER(INDEX(Programação!$F$4:$F$503,MATCH("Backlog|18",os_chave,0))),RIGHT("0"&DAY(INDEX(Programação!$F$4:$F$503,MATCH("Backlog|18",os_chave,0))),2)&"/"&RIGHT("0"&MONTH(INDEX(Programação!$F$4:$F$503,MATCH("Backlog|18",os_chave,0))),2)&"/"&YEAR(INDEX(Programação!$F$4:$F$503,MATCH("Backlog|18",os_chave,0))),"—")&" | "&INDEX(Programação!$J$4:$J$503,MATCH("Backlog|18",os_chave,0)),"")
A23: 19 | B23: =IFERROR(INDEX(Programação!$A$4:$A$503,MATCH("Programado|19",os_chave,0))&" — "&INDEX(Programação!$C$4:$C$503,MATCH("Programado|19",os_chave,0))&CHAR(10)&LEFT(INDEX(Programação!$E$4:$E$503,MATCH("Programado|19",os_chave,0)),60)&CHAR(10)&"Prazo: "&IF(ISNUMBER(INDEX(Programação!$F$4:$F$503,MATCH("Programado|19",os_chave,0))),RIGHT("0"&DAY(INDEX(Programação!$F$4:$F$503,MATCH("Programado|19",os_chave,0))),2)&"/"&RIGHT("0"&MONTH(INDEX(Programação!$F$4:$F$503,MATCH("Programado|19",os_chave,0))),2)&"/"&YEAR(INDEX(Programação!$F$4:$F$503,MATCH("Programado|19",os_chave,0))),"—")&" | "&INDEX(Programação!$J$4:$J$503,MATCH("Programado|19",os_chave,0)),"") | C23: =IFERROR(INDEX(Programação!$A$4:$A$503,MATCH("Em andamento|19",os_chave,0))&" — "&INDEX(Programação!$C$4:$C$503,MATCH("Em andamento|19",os_chave,0))&CHAR(10)&LEFT(INDEX(Programação!$E$4:$E$503,MATCH("Em andamento|19",os_chave,0)),60)&CHAR(10)&"Prazo: "&IF(ISNUMBER(INDEX(Programação!$F$4:$F$503,MATCH("Em andamento|19",os_chave,0))),RIGHT("0"&DAY(INDEX(Programação!$F$4:$F$503,MATCH("Em andamento|19",os_chave,0))),2)&"/"&RIGHT("0"&MONTH(INDEX(Programação!$F$4:$F$503,MATCH("Em andamento|19",os_chave,0))),2)&"/"&YEAR(INDEX(Programação!$F$4:$F$503,MATCH("Em andamento|19",os_chave,0))),"—")&" | "&INDEX(Programação!$J$4:$J$503,MATCH("Em andamento|19",os_chave,0)),"") | D23: =IFERROR(INDEX(Programação!$A$4:$A$503,MATCH("Atrasado|19",os_chave,0))&" — "&INDEX(Programação!$C$4:$C$503,MATCH("Atrasado|19",os_chave,0))&CHAR(10)&LEFT(INDEX(Programação!$E$4:$E$503,MATCH("Atrasado|19",os_chave,0)),60)&CHAR(10)&"Prazo: "&IF(ISNUMBER(INDEX(Programação!$F$4:$F$503,MATCH("Atrasado|19",os_chave,0))),RIGHT("0"&DAY(INDEX(Programação!$F$4:$F$503,MATCH("Atrasado|19",os_chave,0))),2)&"/"&RIGHT("0"&MONTH(INDEX(Programação!$F$4:$F$503,MATCH("Atrasado|19",os_chave,0))),2)&"/"&YEAR(INDEX(Programação!$F$4:$F$503,MATCH("Atrasado|19",os_chave,0))),"—")&" | "&INDEX(Programação!$J$4:$J$503,MATCH("Atrasado|19",os_chave,0)),"") | E23: =IFERROR(INDEX(Programação!$A$4:$A$503,MATCH("Concluído|19",os_chave,0))&" — "&INDEX(Programação!$C$4:$C$503,MATCH("Concluído|19",os_chave,0))&CHAR(10)&LEFT(INDEX(Programação!$E$4:$E$503,MATCH("Concluído|19",os_chave,0)),60)&CHAR(10)&"Prazo: "&IF(ISNUMBER(INDEX(Programação!$F$4:$F$503,MATCH("Concluído|19",os_chave,0))),RIGHT("0"&DAY(INDEX(Programação!$F$4:$F$503,MATCH("Concluído|19",os_chave,0))),2)&"/"&RIGHT("0"&MONTH(INDEX(Programação!$F$4:$F$503,MATCH("Concluído|19",os_chave,0))),2)&"/"&YEAR(INDEX(Programação!$F$4:$F$503,MATCH("Concluído|19",os_chave,0))),"—")&" | "&INDEX(Programação!$J$4:$J$503,MATCH("Concluído|19",os_chave,0)),"") | F23: =IFERROR(INDEX(Programação!$A$4:$A$503,MATCH("Backlog|19",os_chave,0))&" — "&INDEX(Programação!$C$4:$C$503,MATCH("Backlog|19",os_chave,0))&CHAR(10)&LEFT(INDEX(Programação!$E$4:$E$503,MATCH("Backlog|19",os_chave,0)),60)&CHAR(10)&"Prazo: "&IF(ISNUMBER(INDEX(Programação!$F$4:$F$503,MATCH("Backlog|19",os_chave,0))),RIGHT("0"&DAY(INDEX(Programação!$F$4:$F$503,MATCH("Backlog|19",os_chave,0))),2)&"/"&RIGHT("0"&MONTH(INDEX(Programação!$F$4:$F$503,MATCH("Backlog|19",os_chave,0))),2)&"/"&YEAR(INDEX(Programação!$F$4:$F$503,MATCH("Backlog|19",os_chave,0))),"—")&" | "&INDEX(Programação!$J$4:$J$503,MATCH("Backlog|19",os_chave,0)),"")
